tiempo_s,epsilon_microstrain,epsilon_menos_base_microstrain
0.0,0.5370385524543609,-2.9233827678798057
0.01,0.38228167372324195,-3.0781396466109245
0.02,1.12167609945127,-2.3387452208828963
0.03,0.15301231531849202,-3.3074090050156744
0.04,-0.569185449022714,-4.029606769356881
0.05,0.9611872902660349,-2.4992340300681315
0.06,0.38228167372324195,-3.0781396466109245
0.07,0.840820718534944,-2.6196006017992226
0.08,0.634478094249282,-2.8259432260848847
0.09,-1.16528437374897,-4.625705694083137
0.1,1.30509194697782,-2.155329373356347
0.11,-0.305526073489198,-3.7659473938233647
0.12,-0.35711161486242105,-3.8175329351965877
0.13,0.7720398339329999,-2.6883814864011666
0.14,0.18167097913987598,-3.2787503411942907
0.15,-0.49467303146423897,-3.9550943517984054
0.16,1.10448086733319,-2.3559404530009767
0.17,1.1102126113042101,-2.3502087090299564
0.18,-1.04491830427031,-4.505339624604477
0.19,-1.12516235393777,-4.585583674271937
0.2,3.15071780734671,-0.30970351298745635
0.21,0.577160714331174,-2.8832606060029926
0.22,0.9955777448671059,-2.464843575467061
0.23,1.70631435739442,-1.7541069629397466
0.24,0.548502026934638,-2.9119192933995284
0.25,1.08155389213243,-2.378867428201737
0.26,-0.23101361506722498,-3.6914349354013916
0.27,1.33375067947472,-2.1266706408594462
0.28,-0.24247707096072801,-3.7028983912948945
0.29,0.256183513070576,-3.2042378072635906
0.3,0.548502026934638,-2.9119192933995284
0.31,0.044109408377319304,-3.4163119119568472
0.32,1.67765560268895,-1.7827657176452165
0.33,1.0987491234305,-2.3616721969036663
0.34,-0.0361348230574593,-3.4965561433916257
0.35,0.32496432387200397,-3.1354569964621626
0.36,0.6688685254801711,-2.7915527948539953
0.37,0.651673309557224,-2.8087480107769425
0.38,-0.35711161486242105,-3.8175329351965877
0.39,-0.5061364810710499,-3.9665578014052163
0.4,2.05021954711146,-1.4102017732227066
0.41,0.00398729098578116,-3.4564340293483853
0.42,1.21911575973714,-2.2413055605970262
0.43,-1.3372358493005099,-4.797657169634676
0.44,0.044109408377319304,-3.4163119119568472
0.45,0.18167097913987598,-3.2787503411942907
0.46,0.0842315291172089,-3.3761897912169574
0.47,1.58021584946885,-1.8802054708653164
0.48,0.405208615577082,-3.0552127047570847
0.49,-0.368575067749245,-3.8289963880834117
0.5,0.519843341246448,-2.9405779790877187
0.51,0.468257711312681,-2.9921636090214854
0.52,0.634478094249282,-2.8259432260848847
0.53,-0.339916435019683,-3.8003377553538495
0.54,0.789235054160979,-2.6711862661731876
0.55,0.38228167372324195,-3.0781396466109245
0.56,0.858015941222942,-2.6024053791112243
0.57,-0.00174443979681807,-3.4621657601309845
0.58,0.548502026934638,-2.9119192933995284
0.59,0.737649395322002,-2.7227719250121645
0.6,0.250451779281293,-3.2099695410528737
0.61,0.542770289660333,-2.9176510306738335
0.62,0.410940351211377,-3.0494809691227895
0.63,0.5026481306535391,-2.957773189680627
0.64,0.12435365320545,-3.3360676671287166
0.65,0.22179311135983099,-3.2386282089743355
0.66,1.42545863494493,-2.034962685389236
0.67,1.4025316444373601,-2.0578896758968064
0.68,-1.27418698207242,-4.734608302406587
0.69,-1.0105279931699902,-4.470949313504157
0.7,-0.569185449022714,-4.029606769356881
0.71,-0.0361348230574593,-3.4965561433916257
0.72,0.898138129886623,-2.5622831904475434
0.73,-0.6780881923731571,-4.138509512707324
0.74,-0.0418665533617227,-3.5022878736958893
0.75,-1.0907720485774601,-4.551193368911626
0.76,0.30203738584485496,-3.1583839344893114
0.77,0.267646980854143,-3.1927743394800236
0.78,0.015450752755980702,-3.444970567578186
0.79,0.175939246238932,-3.2844820740952345
0.8,-0.99906455558988,-4.459485875924047
0.81,0.829357237084614,-2.6310640832495524
0.82,1.43692213060872,-2.023499189725446
0.83,-0.9188204848757651,-4.379241805209931
0.84,0.98984600226276,-2.4705753180714067
0.85,1.26496972435212,-2.195451595982046
0.86,0.044109408377319304,-3.4163119119568472
0.87,1.40826339196175,-2.0521579283724165
0.88,-0.185159788759863,-3.6455811090940293
0.89,0.594355927589101,-2.8660653927450657
0.9,-0.024671362243931398,-3.485092682578098
0.91,0.754844614319972,-2.7055767060141944
0.92,1.31655543977158,-2.1438658805625863
0.93,-0.844308121505843,-4.30472944184001
0.94,1.00130948753979,-2.4591118327943766
0.95,-0.7067468049443121,-4.1671681252784785
0.96,0.41667208691400504,-3.0437492334201615
0.97,-0.173696331499686,-3.6341176518338525
0.98,1.45411737461691,-2.0063039457172565
0.99,0.577160714331174,-2.8832606060029926
1.0,0.9955777448671059,-2.464843575467061
1.01,0.714722437614717,-2.7456988827194495
1.02,1.04716343138131,-2.4132578889528564
1.03,0.11289018883857,-3.3475311314955967
1.04,-1.07930861291069,-4.539729933244857
1.05,0.886674647069617,-2.5737466732645498
1.06,0.8924063884439529,-2.5680149318902137
1.07,-0.053330013765248395,-3.513751334099415
1.08,-1.8989435741818301,-5.359364894515997
1.09,-0.5978440680855579,-4.058265388419724
1.1,3.04181422137018,-0.4186070989639865
1.11,0.204597911426991,-3.2558234089071756
1.12,0.875211164525945,-2.5852101558082214
1.13,1.1732617994955301,-2.287159520838636
1.14,0.485452920675582,-2.9749683996585845
1.15,0.439599030407857,-3.0208222899263095
1.16,0.468257711312681,-2.9921636090214854
1.17,0.365086468050366,-3.0953348522838007
1.18,-0.63796613190353,-4.098387452237697
1.19,0.244720045560344,-3.2157012747738225
1.2,-0.38577024656698,-3.8461915669011466
1.21,0.548502026934638,-2.9119192933995284
1.22,0.686063742018122,-2.7743575783160446
1.23,0.445330766452154,-3.0150905538820125
1.24,-0.162232873966175,-3.6226541943003414
1.25,1.64899684969184,-1.8114244706423266
1.26,0.628746355949969,-2.8316749643841974
1.27,1.9298527027277002,-1.5305686176064663
1.28,0.336427793295582,-3.1239935270385844
1.29,-0.305526073489198,-3.7659473938233647
1.3,0.932528579977658,-2.5278927403565086
1.31,0.7089906983587301,-2.7514306219754365
1.32,1.31655543977158,-2.1438658805625863
1.33,-0.12211077044637399,-3.5825320907805405
1.34,0.8924063884439529,-2.5680149318902137
1.35,-0.0762569337522957,-3.5366782540864623
1.36,1.20192052413403,-2.2585007962001367
1.37,0.514111604313811,-2.9463097160203553
1.38,-0.924552204656655,-4.384973524990821
1.39,-0.024671362243931398,-3.485092682578098
1.4,0.657405048129873,-2.8030162722042933
1.41,-0.431624053740925,-3.8920453740750913
1.42,1.35094591979287,-2.109475400541297
1.43,-0.941747363589325,-4.402168683923492
1.44,0.909601612976966,-2.5508197073572005
1.45,3.07620482480298,-0.38421649553118664
1.46,0.691795481000773,-2.7686258393333936
1.47,0.6746002642578199,-2.7858210560763466
1.48,0.0956949928007521,-3.3647263275334143
1.49,0.462525974995049,-2.9978953453391175
1.5,0.5313068153167231,-2.929114505017443
1.51,1.05289517466899,-2.4075261456651766
1.52,0.915333354624638,-2.5450879657095284
1.53,-2.99369858058901,-6.4541199009231764
1.54,0.663136786770855,-2.7972845335633116
1.55,0.98984600226276,-2.4705753180714067
1.56,0.18167097913987598,-3.2787503411942907
1.57,0.62301461771899,-2.8374067026151764
1.58,-2.38040681602613,-5.8408281363602965
1.59,0.376549938430616,-3.0838713819035504
1.6,0.42240382268496796,-3.0380174976491987
1.61,-0.0991838526460041,-3.5596051729801705
1.62,0.399476880011122,-3.0609444403230444
1.63,1.0185047159678902,-2.441916604366276
1.64,0.055572871104190597,-3.4048484492299758
1.65,2.09607359099399,-1.3643477293401767
1.66,0.405208615577082,-3.0552127047570847
1.67,0.8637476822556089,-2.5966736380785576
1.68,0.11862192098784301,-3.3417993993463235
1.69,-1.5722360997616,-5.0326574200957666
1.7,2.0043655076023703,-1.4560558127317962
1.71,0.244720045560344,-3.2157012747738225
1.72,0.0383776771163841,-3.4220436432177825
1.73,-0.42016060235744,-3.8805819226916065
1.74,0.0383776771163841,-3.4220436432177825
1.75,0.972650774859723,-2.4877705454744437
1.76,0.0899632609248136,-3.3704580594093527
1.77,0.766308093993674,-2.6941132263404923
1.78,0.651673309557224,-2.8087480107769425
1.79,-0.6895516376066201,-4.149972957940786
1.8,1.4655808709640301,-1.9948404493701364
1.81,0.0842315291172089,-3.3761897912169574
1.82,1.30509194697782,-2.155329373356347
1.83,-1.8416264894647,-5.302047809798866
1.84,-0.953210802536104,-4.41363212287027
1.85,-0.9073570451089841,-4.367778365443151
1.86,0.7032589591710771,-2.7571623611630893
1.87,1.5114348590859101,-1.9489864612482564
1.88,1.0700904049420499,-2.3903309153921164
1.89,-0.5863806206654211,-4.046801940999588
1.9,-0.523331654968765,-3.9837529753029317
1.91,-0.150769416159328,-3.6111907364934943
1.92,0.7032589591710771,-2.7571623611630893
1.93,0.45679423874575004,-3.0036270815884163
1.94,-0.8786984444961949,-4.339119764830361
1.95,-1.11943063654855,-4.579851956882717
1.96,0.14728058275921602,-3.3131407375749506
1.97,0.554233764277278,-2.9061875560568886
1.98,-1.52638240137456,-4.986803721708727
1.99,0.5313068153167231,-2.929114505017443
2.0,-0.26540398192773296,-3.7258253022618995
2.01,0.6115511414620329,-2.848870178872134
2.02,0.938260321898666,-2.5221609984355005
2.03,-1.0105279931699902,-4.470949313504157
2.04,0.342159528109871,-3.1182617922242954
2.05,2.3482709105219404,-1.1121504098122261
2.06,1.39106814959358,-2.0693531707405866
2.07,0.777771573940658,-2.6826497463935084
2.08,0.938260321898666,-2.5221609984355005
2.09,0.428135558524264,-3.0322857618099026
2.1,0.966919032528712,-2.4935022878054545
2.11,0.605819403436055,-2.8546019168981114
2.12,1.32228718627096,-2.1381341340632067
2.13,-0.7697957465875029,-4.23021706692167
2.14,0.548502026934638,-2.9119192933995284
2.15,0.250451779281293,-3.2099695410528737
2.16,0.525575078247419,-2.9348462420867474
2.17,1.49997136164544,-1.9604499586887265
2.18,-1.02199143047677,-4.482412750810937
2.19,0.73191765579268,-2.7285036645414866
2.2,2.3368073931279096,-1.1236139272062569
2.21,-0.764064024961608,-4.224485345295775
2.22,0.7089906983587301,-2.7514306219754365
2.23,-1.1423575056954298,-4.6027788260295965
2.24,-0.437355779330167,-3.8977770996643333
2.25,1.54009360388299,-1.9203277164511765
2.26,1.05289517466899,-2.4075261456651766
2.27,0.886674647069617,-2.5737466732645498
2.28,-1.2054063902118202,-4.665827710545987
2.29,0.594355927589101,-2.8660653927450657
2.3,0.15874404794610097,-3.3016772723880656
2.31,0.250451779281293,-3.2099695410528737
2.32,1.1503348210147402,-2.3100864993194263
2.33,-1.48052869861419,-4.940950018948357
2.34,-0.42589232808335,-3.8863136484175165
2.35,-0.179428060163941,-3.6398493804981076
2.36,0.789235054160979,-2.6711862661731876
2.37,0.141548850268274,-3.3188724700658927
2.38,0.015450752755980702,-3.444970567578186
2.39,-1.26845526645987,-4.728876586794037
2.4,0.852284200258609,-2.6081371200755576
2.41,1.28789670829968,-2.1725246120344863
2.42,0.766308093993674,-2.6941132263404923
2.43,-0.649429578093662,-4.109850898427829
2.44,-0.815649517134711,-4.276070837468877
2.45,1.05862691802501,-2.4017944023091564
2.46,0.21606137798055,-3.2443599423536167
2.47,-0.0361348230574593,-3.4965561433916257
2.48,0.313500854721762,-3.1469204656124043
2.49,-0.7697957465875029,-4.23021706692167
2.5,1.20192052413403,-2.2585007962001367
2.51,0.6172828795563451,-2.8431384407778215
2.52,0.479721184152948,-2.9807001361812184
2.53,-0.8786984444961949,-4.339119764830361
2.54,0.38228167372324195,-3.0781396466109245
2.55,1.37960465502314,-2.0808166653110263
2.56,-0.6551613010862279,-4.115582621420394
2.57,0.284842183041997,-3.1755791372921696
2.58,0.794966794373639,-2.6654545259605276
2.59,-1.01625971185754,-4.476681032191706
2.6,-1.34869927881727,-4.809120599151436
2.61,0.594355927589101,-2.8660653927450657
2.62,0.015450752755980702,-3.444970567578186
2.63,0.0842315291172089,-3.3761897912169574
2.64,0.39374514451349496,-3.0666761758206715
2.65,1.49997136164544,-1.9604499586887265
2.66,0.7433811349196591,-2.7170401854145076
2.67,0.577160714331174,-2.8832606060029926
2.68,-0.563453725005145,-4.023875045339311
2.69,-1.13089407125866,-4.591315391592826
2.7,0.238988311907728,-3.2214330084264384
2.71,0.777771573940658,-2.6826497463935084
2.72,0.428135558524264,-3.0322857618099026
2.73,-0.12211077044637399,-3.5825320907805405
2.74,0.5026481306535391,-2.957773189680627
2.75,-0.6895516376066201,-4.149972957940786
2.76,0.7089906983587301,-2.7514306219754365
2.77,1.56302060095062,-1.8974007193835465
2.78,-1.0850403307782401,-4.545461651112406
2.79,-0.6150392387032619,-4.075460559037428
2.8,0.198866178252711,-3.2615551420814555
2.81,0.634478094249282,-2.8259432260848847
2.82,0.98984600226276,-2.4705753180714067
2.83,-0.52906337946467,-3.9894846997988367
2.84,0.15874404794610097,-3.3016772723880656
2.85,-0.196623245746705,-3.6570445660808715
2.86,0.582892452015483,-2.8775288683186835
2.87,0.86947942335661,-2.5909418969775566
2.88,-1.47479698546164,-4.935218305795806
2.89,0.30776912024914105,-3.1526522000850257
2.9,5.54087114316531,2.0804498228311434
2.91,2.5660777929425302,-0.8943435273916363
2.92,2.75522595509823,-0.7051953652359364
2.93,1.76936362375983,-1.6910576965743365
2.94,0.07276806570700041,-3.3876532546271663
2.95,8.96276602692002,5.502344706585854
2.96,2.94437419166996,-0.5160471286642063
2.97,2.06741481305494,-1.3930065072792264
2.98,0.38228167372324195,-3.0781396466109245
2.99,-0.282599164435536,-3.7430204847697026
3.0,-0.23101361506722498,-3.6914349354013916
3.01,0.439599030407857,-3.0208222899263095
3.02,-0.523331654968765,-3.9837529753029317
3.03,1.71777785975494,-1.7426434605792265
3.04,0.11862192098784301,-3.3417993993463235
3.05,1.83814465104316,-1.6222766692910064
3.06,-1.0735768949748001,-4.533998215308967
3.07,1.08155389213243,-2.378867428201737
3.08,1.3681411607260299,-2.0922801596081366
3.09,-0.844308121505843,-4.30472944184001
3.1,1.25923797853608,-2.201183341798086
3.11,-0.0475982835976524,-3.5080196039318188
3.12,0.22179311135983099,-3.2386282089743355
3.13,-0.8672350037727451,-4.327656324106911
3.14,-0.24247707096072801,-3.7028983912948945
3.15,1.0127729730901498,-2.4476483472440167
3.16,0.571428976715199,-2.8889923436189675
3.17,1.5286301057591198,-1.9317912145750467
3.18,-0.7067468049443121,-4.1671681252784785
3.19,0.353622997943451,-3.1067983223907154
3.2,-0.0189396317346136,-3.47936095206878
3.21,0.16447578064204402,-3.2959455396921227
3.22,0.8236254964619499,-2.6367958238722164
3.23,-1.25126011921222,-4.711681439546386
3.24,-1.2913821285000602,-4.7518034488342265
3.25,0.38228167372324195,-3.0781396466109245
3.26,0.6688685254801711,-2.7915527948539953
3.27,0.250451779281293,-3.2099695410528737
3.28,0.737649395322002,-2.7227719250121645
3.29,-0.523331654968765,-3.9837529753029317
3.3,0.250451779281293,-3.2099695410528737
3.31,0.525575078247419,-2.9348462420867474
3.32,1.21911575973714,-2.2413055605970262
3.33,-0.0189396317346136,-3.47936095206878
3.34,-0.551990276765005,-4.012411597099171
3.35,0.6402098326169291,-2.8202114877172373
3.36,0.198866178252711,-3.2615551420814555
3.37,1.56302060095062,-1.8974007193835465
3.38,0.966919032528712,-2.4935022878054545
3.39,0.468257711312681,-2.9921636090214854
3.4,1.54582535304739,-1.9145959672867765
3.41,0.14728058275921602,-3.3131407375749506
3.42,1.1732617994955301,-2.287159520838636
3.43,0.691795481000773,-2.7686258393333936
3.44,-0.47747785654152003,-3.9378991768756864
3.45,2.4170520206262003,-1.0433692997079662
3.46,-0.540526828251478,-4.000948148585644
3.47,0.491184657266549,-2.9692366630676177
3.48,-0.0189396317346136,-3.47936095206878
3.49,-0.374306794090157,-3.8347281144243235
3.5,0.6115511414620329,-2.848870178872134
3.51,0.0326459459237827,-3.4277753744103836
3.52,0.5599655016882511,-2.9004558186459155
3.53,1.0987491234305,-2.3616721969036663
3.54,-0.339916435019683,-3.8003377553538495
3.55,0.6115511414620329,-2.848870178872134
3.56,-0.328452981449522,-3.7888743017836886
3.57,1.03569994501094,-2.4247213753232266
3.58,-0.08772039333581731,-3.5481417136699838
3.59,0.07276806570700041,-3.3876532546271663
3.6,-0.7067468049443121,-4.1671681252784785
3.61,2.09607359099399,-1.3643477293401767
3.62,0.657405048129873,-2.8030162722042933
3.63,-1.87601674111498,-5.3364380614491465
3.64,-0.809917796055484,-4.270339116389651
3.65,1.5859475991116,-1.8744737212225664
3.66,0.6115511414620329,-2.848870178872134
3.67,0.548502026934638,-2.9119192933995284
3.68,0.187402712109154,-3.2730186082250126
3.69,-0.821381238145604,-4.281802558479771
3.7,4.451830979347919,0.9914096590137529
3.71,-0.7927226324077491,-4.253143952741915
3.72,-0.024671362243931398,-3.485092682578098
3.73,1.15606656553244,-2.3043547548017265
3.74,-0.695283360120851,-4.155704680455018
3.75,0.835088977775612,-2.6253323425585546
3.76,0.261915246928193,-3.1985060734059734
3.77,0.38801340908420096,-3.0724079112499654
3.78,0.7720398339329999,-2.6883814864011666
3.79,-2.48357744797714,-5.943998768311307
3.8,1.82668114581261,-1.6337401745215565
3.81,0.5313068153167231,-2.929114505017443
3.82,0.405208615577082,-3.0552127047570847
3.83,2.80108006622157,-0.6593412541125967
3.84,-1.96199235947818,-5.422413679812347
3.85,3.42584276601112,-0.03457855432304635
3.86,2.06741481305494,-1.3930065072792264
3.87,-0.620770962105829,-4.0811922824399955
3.88,0.903869871397628,-2.5565514489365384
3.89,-1.0678451769705801,-4.528266497304747
3.9,2.69217655944457,-0.7682447608895964
3.91,0.11289018883857,-3.3475311314955967
3.92,0.64594157105291,-2.8144797492812565
3.93,3.47169694109542,0.011275620761253435
3.94,-1.78430939791419,-5.2447307182483565
3.95,2.02156077190577,-1.4388605484283965
3.96,1.33948242617911,-2.1209388941550564
3.97,2.2909533262851,-1.1694679940490667
3.98,0.817893755907621,-2.6425275644265454
3.99,-0.31125780058178,-3.7716791209159464
4.0,3.74109030803802,0.2806689877038533
4.01,0.972650774859723,-2.4877705454744437
4.02,2.39985674217762,-1.0605645781565465
4.03,1.41972688721554,-2.0406944331186265
4.04,-3.13125924279095,-6.5916805631251165
4.05,3.33413442896268,-0.1262868913714863
4.06,-0.42016060235744,-3.8805819226916065
4.07,0.966919032528712,-2.4935022878054545
4.08,0.14728058275921602,-3.3131407375749506
4.09,-0.368575067749245,-3.8289963880834117
4.1,2.99022832083356,-0.47019299950060667
4.11,0.898138129886623,-2.5622831904475434
4.12,2.75522595509823,-0.7051953652359364
4.13,2.06168305767213,-1.3987382626620364
4.14,0.858015941222942,-2.6024053791112243
4.15,3.2768167271909,-0.18360459314326638
4.16,2.11326885857743,-1.3471524617567363
4.17,3.92450715488438,0.4640858345502137
4.18,1.29362845445739,-2.1667928658767766
4.19,2.28522156823726,-1.1751997520969066
4.2,3.05327775557444,-0.4071435647597266
4.21,3.4029156801090004,-0.05750564022516613
4.22,2.85839771127588,-0.6020236090582864
4.23,2.99022832083356,-0.47019299950060667
4.24,-0.695283360120851,-4.155704680455018
4.25,-10.8861779199493,-14.346599240283467
4.26,-0.276867437001233,-3.7372887573353997
4.27,-1.77857768838331,-5.238999008717476
4.28,-1.7155288790336298,-5.175950199367796
4.29,-0.815649517134711,-4.276070837468877
4.3,3.1048636628762196,-0.3555576574579469
4.31,1.36240941367998,-2.0980119066541865
4.32,1.60887459836592,-1.8515467219682464
4.33,0.193134445146766,-3.2672868751874007
4.34,-0.632234408705963,-4.092655729040129
4.35,0.141548850268274,-3.3188724700658927
4.36,1.20192052413403,-2.2585007962001367
4.37,1.30509194697782,-2.155329373356347
4.38,-0.924552204656655,-4.384973524990821
4.39,-2.8045526057940497,-6.264973926128216
4.4,-1.4461384186739101,-4.906559739008077
4.41,-2.44345553818258,-5.903876858516746
4.42,-1.34869927881727,-4.809120599151436
4.43,-3.84198870381098,-7.302410024145146
4.44,-5.2749078096950806,-8.735329130029246
4.45,-1.0047962744141,-4.465217594748267
4.46,-0.523331654968765,-3.9837529753029317
4.47,0.319232589262716,-3.1411887310714506
4.48,-0.437355779330167,-3.8977770996643333
4.49,-1.28565041309252,-4.746071733426686
4.5,2.7437624280007302,-0.7166588923334363
4.51,4.14231475139935,0.6818934310651832
4.52,0.244720045560344,-3.2157012747738225
4.53,3.5290146661009,0.06859334576673337
4.54,-2.43199213476913,-5.892413455103297
4.55,0.8637476822556089,-2.5966736380785576
4.56,-1.49772383766183,-4.958145157995997
4.57,-0.5863806206654211,-4.046801940999588
4.58,-0.746868859673922,-4.207290180008089
4.59,-4.41515685866009,-7.875578178994257
4.6,1.75790012016929,-1.7025212001648764
4.61,-0.0762569337522957,-3.5366782540864623
4.62,2.7781530101132197,-0.6822683102209468
4.63,-0.259672254288482,-3.7200935746226484
4.64,0.6402098326169291,-2.8202114877172373
4.65,4.5034170367122,1.0429957163780337
4.66,3.46596516897071,0.005543848636543558
4.67,1.6260698485241698,-1.8343514718099967
4.68,-0.0762569337522957,-3.5366782540864623
4.69,-0.26540398192773296,-3.7258253022618995
4.7,2.43424729968978,-1.0261740206443863
4.71,0.938260321898666,-2.5221609984355005
4.72,1.4483856265458401,-2.0120356937883264
4.73,1.1617983101184701,-2.2986230102156964
4.74,-0.821381238145604,-4.281802558479771
4.75,2.1877816918791,-1.2726396284550665
4.76,2.56034603161464,-0.9000752887195267
4.77,0.5026481306535391,-2.957773189680627
4.78,1.54582535304739,-1.9145959672867765
4.79,-0.408697150700621,-3.8691184710347875
4.8,3.43730630937219,-0.023115010961976434
4.81,2.72083537462576,-0.7395859457084066
4.82,2.39985674217762,-1.0605645781565465
4.83,3.28254849706058,-0.17787282327358644
4.84,0.468257711312681,-2.9921636090214854
4.85,3.0016918538078,-0.45872946652636637
4.86,2.8412024170421,-0.6192189032920665
4.87,4.98488717236092,1.5244658520267533
4.88,5.48355317830519,2.0231318579710234
4.89,4.4976852522872806,1.037263931953114
4.9,6.52100939979084,3.0605880794566733
4.91,6.03380592304888,2.5733846027147136
4.92,4.1136558514834105,0.653234531149244
4.93,5.04220507776975,1.5817837574355833
4.94,1.14460307656538,-2.3158182437687866
4.95,4.8645195932453,1.404098272911133
4.96,4.9619600121107705,1.501538691776604
4.97,1.0127729730901498,-2.4476483472440167
4.98,-0.397233698770468,-3.8576550191046346
4.99,-1.6811386159033601,-5.141559936237527
5.0,0.794966794373639,-2.6654545259605276
5.01,2.76095771874948,-0.6994636015846867
5.02,0.7720398339329999,-2.6883814864011666
5.03,1.10448086733319,-2.3559404530009767
5.04,1.81521764085539,-1.6452036794787765
5.05,4.5378077446967895,1.077386424362623
5.06,2.76668948246906,-0.6937318378651063
5.07,4.04487449865543,0.5844531783212634
5.08,2.61193188602567,-0.8484894343084965
5.09,0.462525974995049,-2.9978953453391175
5.1,3.8958482679520596,0.43542694761789313
5.11,0.898138129886623,-2.5622831904475434
5.12,-0.35137988831650896,-3.8118012086506754
5.13,-2.82747939458099,-6.287900714915157
5.14,-1.96199235947818,-5.422413679812347
5.15,0.21032964466960402,-3.2500916756645624
5.16,1.1904570340736298,-2.269964286260537
5.17,1.36240941367998,-2.0980119066541865
5.18,0.6115511414620329,-2.848870178872134
5.19,-0.402965424769711,-3.8633867451038775
5.2,1.4483856265458401,-2.0120356937883264
5.21,4.5836620258363,1.1232407055021332
5.22,4.1365829712795,0.6761616509453336
5.23,5.655507093386,2.195085773051834
5.24,3.54620998493506,0.0857886646008934
5.25,5.39184444874261,1.9314231284084435
5.26,5.1740362861431395,1.713614965808973
5.27,3.94743426566025,0.48701294532608363
5.28,7.822131692856339,4.361710372522173
5.29,1.83814465104316,-1.6222766692910064
5.3,6.1942964255619,2.7338751052277335
5.31,3.85572582911681,0.39530450878264345
5.32,6.34905517515255,2.8886338548183836
5.33,4.09072873278073,0.6303074124465633
5.34,4.24548680524177,0.7850654849076033
5.35,3.63791836243749,0.1774970421033233
5.36,5.60965271001765,2.149231389683483
5.37,3.9760931556676202,0.5156718353334537
5.38,4.41170849411355,0.9512871737793835
5.39,0.170207513406321,-3.2902138069278455
5.4,5.873315474110431,2.4128941537762643
5.41,6.87638165893494,3.4159603386007733
5.42,5.139645532647569,1.679224212313403
5.43,6.28027350251769,2.8198521821835234
5.44,3.51181934788174,0.05139802754757339
5.45,7.04833607217817,3.5879147518440035
5.46,5.81599746961607,2.3555761492819034
5.47,6.64710920361321,3.1866878832790437
5.48,3.50035580274398,0.039934482409813565
5.49,5.73002047568733,2.2695991553531636
5.5,5.7701430709407004,2.309721750606534
5.51,5.4147716294932,1.9543503091590333
5.52,4.09072873278073,0.6303074124465633
5.53,2.90425183223936,-0.5561694880948065
5.54,1.39106814959358,-2.0693531707405866
5.55,4.51488060576706,1.0544592854328938
5.56,5.2485495938227595,1.788128273488593
5.57,2.91571536316358,-0.5447059571705863
5.58,2.9673012557050797,-0.49312006462908675
5.59,2.21644047699324,-1.2439808433409265
5.6,4.74988383162867,1.289462511294503
5.61,7.346390534157051,3.885969213822884
5.62,6.38344601516007,2.9230246948259033
5.63,5.05366865967153,1.5932473393373634
5.64,5.0020825432660505,1.541661222931884
5.65,8.42397359218698,4.963552271852814
5.66,7.54700421837558,4.086582898041414
5.67,7.05406788701214,3.5936465666779736
5.68,8.252018686929409,4.7915973665952425
5.69,4.4976852522872806,1.037263931953114
5.7,8.55580572786827,5.0953844075341035
5.71,5.2485495938227595,1.788128273488593
5.72,5.6784342867102096,2.218012966376043
5.73,5.27147676773987,1.8110554474057032
5.74,4.14231475139935,0.6818934310651832
5.75,7.145776933649209,3.6853556133150427
5.76,6.49808216628565,3.037660845951484
5.77,5.56953012815792,2.1091088078237537
5.78,5.454894198437691,1.9944728781035241
5.79,3.09913189512491,-0.36128942520925644
5.8,6.245882669890349,2.785461349556183
5.81,5.07086403303671,1.6104427127025431
5.82,5.58672551997351,2.1263041996393435
5.83,5.91916988262603,2.4587485622918637
5.84,3.6149912664218697,0.15456994608770325
5.85,7.61578607223533,4.155364751901163
5.86,5.83319287024686,2.3727715499126933
5.87,4.76134740656031,1.3009260862261431
5.88,3.23096257069356,-0.22945874964060664
5.89,3.09340012744194,-0.36702119289222646
5.9,4.5492713145716595,1.088849994237493
5.91,3.43157453765749,-0.028846782676676508
5.92,4.40024492751874,0.9398236071845734
5.93,3.0016918538078,-0.45872946652636637
5.94,0.6402098326169291,-2.8202114877172373
5.95,4.4747581152709195,1.014336794936753
5.96,3.19084018734595,-0.2695811329882165
5.97,3.62645481429301,0.1660334939588437
5.98,2.56034603161464,-0.9000752887195267
5.99,1.44265387854311,-2.0177674417910563
6.0,5.18549987118832,1.7250785508541533
6.01,4.021947383232811,0.5615260628986443
6.02,3.47742871328846,0.017007392954293543
6.03,2.07314656850608,-1.3872747518280866
6.04,3.6035277188240102,0.14310639848984374
6.05,3.05900952277908,-0.4014117975550864
6.06,3.68377255774879,0.2233512374146236
6.07,3.30547557722261,-0.1549457431115564
6.08,2.6979083223441402,-0.7625129979900263
6.09,3.56340530438423,0.1029839840500637
6.1,4.85305601585361,1.392634695519443
6.11,2.3654661871255,-1.0949551332086664
6.12,2.9501059575762403,-0.5103153627579262
6.13,1.83814465104316,-1.6222766692910064
6.14,1.92412094898491,-1.5363003713492565
6.15,4.87598317091033,1.4155618505761636
6.16,1.5114348590859101,-1.9489864612482564
6.17,3.6035277188240102,0.14310639848984374
6.18,6.80186809896258,3.3414467786284137
6.19,5.50648036342922,2.0460590430950534
6.2,13.5253304248541,10.064909104519934
6.21,8.257750516113799,4.797329195779632
6.22,7.42663599779916,3.9662146774649933
6.23,7.13431330186288,3.6738919815287137
6.24,7.0311406280862805,3.570719307752114
6.25,8.85386112440194,5.393439804067773
6.26,6.87064984621937,3.410228525885204
6.27,7.759081632714939,4.298660312380773
6.28,5.649775295225781,2.189353974891614
6.29,6.28600530819475,2.8255839878605835
6.3,8.693369734076889,5.232948413742722
6.31,6.04526952859453,2.5848482082603637
6.32,4.20536433722773,0.7449430168935631
6.33,2.95583772355085,-0.5045835967833163
6.34,3.12205896654015,-0.33836235379401636
6.35,4.46329454717275,1.0028732268385836
6.36,4.1365829712795,0.6761616509453336
6.37,4.66963881476069,1.2092174944265235
6.38,4.11938763132992,0.6589663109957531
6.39,2.4629060994957803,-0.9975152208383862
6.4,4.0047520473833496,0.5443307270491831
6.41,3.95889782145819,0.4984765011240233
6.42,4.2741457130161296,0.8137243926819631
6.43,3.04754598843815,-0.41287533189601655
6.44,1.0127729730901498,-2.4476483472440167
6.45,3.7296267574334903,0.26920543709932376
6.46,4.83012886189026,1.3697075415560933
6.47,3.07620482480298,-0.38421649553118664
6.48,2.91571536316358,-0.5447059571705863
6.49,2.79534830209198,-0.6650730182421865
6.5,3.9531660435250497,0.49274472319088325
6.51,1.9527797183822,-1.5076416019519665
6.52,3.83853049921246,0.3781091788782933
6.53,2.73803066455449,-0.7223906557796766
6.54,2.32534387600722,-1.1350774443269467
6.55,6.32039614369216,2.8599748233579936
6.56,2.3425391517907603,-1.1178821685434062
6.57,3.57486885102536,0.1144475306911934
6.58,3.8901164907705996,0.4296951704364331
6.59,1.8496081565470501,-1.6108131637871164
6.6,4.74415204426535,1.2837307239311837
6.61,3.3570615115847997,-0.10335980874936679
6.62,3.57486885102536,0.1144475306911934
6.63,2.3368073931279096,-1.1236139272062569
6.64,3.79840806516069,0.33798674482652347
6.65,4.11938763132992,0.6589663109957531
6.66,2.84693418171836,-0.6134871386158065
6.67,4.17097365302359,0.7105523326894234
6.68,2.5030284220942,-0.9573928982399664
6.69,3.7869445131894803,0.32652319285531384
6.7,4.54353952960005,1.0831182092658835
6.71,-0.0762569337522957,-3.5366782540864623
6.72,2.91571536316358,-0.5447059571705863
6.73,3.1736448812219797,-0.28677643911218675
6.74,5.04220507776975,1.5817837574355833
6.75,4.388781361197269,0.9283600408631028
6.76,1.41399513955448,-2.0464261807796866
6.77,3.74109030803802,0.2806689877038533
6.78,4.17097365302359,0.7105523326894234
6.79,4.38304957813898,0.9226282578048135
6.8,4.3142681867702795,0.853846866436113
6.81,1.9069256881665502,-1.5534956321676163
6.82,4.18816899481815,0.7277476744839833
6.83,4.64671166954417,1.1862903492100036
6.84,3.80987161740524,0.34945029707107356
6.85,7.22029054692302,3.7598692265888536
6.86,5.04793686868647,1.5875155483523038
6.87,5.4033080389812405,1.942886718647074
6.88,5.500748567045711,2.040327246711544
6.89,5.32306291305096,1.8626415927167939
6.9,6.73881817262159,3.2783968522874236
6.91,4.7670791941286295,1.306657873794463
6.92,5.529407549646599,2.068986229312433
6.93,3.83853049921246,0.3781091788782933
6.94,5.4147716294932,1.9543503091590333
6.95,8.49275557151053,5.032334251176364
6.96,4.41170849411355,0.9512871737793835
6.97,5.6211163054497195,2.160694985115553
6.98,5.91916988262603,2.4587485622918637
6.99,4.509148821205461,1.0487275008712942
7.0,5.97648789942073,2.516066579086564
7.01,2.85266594646295,-0.6077553738712167
7.02,3.96462959945967,0.5042082791255034
7.03,3.540478211922,0.08005689158783369
7.04,4.40024492751874,0.9398236071845734
7.05,6.06246493742552,2.6020436170913532
7.06,5.94782889016922,2.487407569835053
7.07,1.87826692150262,-1.5821543988315465
7.08,2.1361958829787002,-1.3242254373554663
7.09,3.17937664986164,-0.28104467047252646
7.1,5.90197447892017,2.4415531585860037
7.11,4.8645195932453,1.404098272911133
7.12,4.0047520473833496,0.5443307270491831
7.13,5.0364732869213595,1.576051966587193
7.14,4.7040295346355,1.2436082143013332
7.15,5.54660294002716,2.0861816196929936
7.16,1.29936020068344,-2.161061119650727
7.17,5.54087114316531,2.0804498228311434
7.18,3.90158004520185,0.44115872486768337
7.19,5.3631854743419,1.9027641540077331
7.2,4.21109611816759,0.7506747978334234
7.21,5.78733846993145,2.326917149597284
7.22,3.62645481429301,0.1660334939588437
7.23,2.62339540997979,-0.8370259103543765
7.24,3.42584276601112,-0.03457855432304635
7.25,5.47782138219502,2.0174000618608536
7.26,2.90425183223936,-0.5561694880948065
7.27,5.53513934637179,2.0747180260376235
7.28,5.58099372263331,2.1205724022991435
7.29,3.8213351699231297,0.3609138495889632
7.3,5.4147716294932,1.9543503091590333
7.31,3.540478211922,0.08005689158783369
7.32,5.31733111885417,1.8569097985200038
7.33,4.75561561906032,1.2951942987261535
7.34,5.6784342867102096,2.218012966376043
7.35,8.04567288180291,4.585251561468743
7.36,3.58633239793981,0.12591107760564357
7.37,5.68416608521215,2.223744764877983
7.38,6.14844199080567,2.688020670471504
7.39,7.43236781714325,3.9719464968090836
7.4,7.736154340168071,4.275733019833904
7.41,5.49501677073054,2.034595450396374
7.42,6.03953772578754,2.579116405453373
7.43,5.83892467059379,2.3785033502596233
7.44,6.75028179497766,3.2898604746434934
7.45,8.95130235180905,5.490881031474883
7.46,5.4892849744837,2.028863654149533
7.47,4.33719531613316,0.8767739957989935
7.48,5.1740362861431395,1.713614965808973
7.49,5.79880206960029,2.3383807492661237
7.5,7.79920439730277,4.338783076968603
7.51,3.17937664986164,-0.28104467047252646
7.52,5.91343808132241,2.453016760988244
7.53,5.39184444874261,1.9314231284084435
7.54,4.22255968025231,0.7621383599181435
7.55,5.60392091240411,2.1434995920699436
7.56,3.31120734743395,-0.14921397290021643
7.57,3.98755671214891,0.5271353918147437
7.58,3.6551136851667203,0.1946923648325538
7.59,3.56340530438423,0.1029839840500637
7.6,3.7869445131894803,0.32652319285531384
7.61,3.0647412900520403,-0.39568003028212617
7.62,1.68911910436614,-1.7713022159680265
7.63,2.3368073931279096,-1.1236139272062569
7.64,2.2794898102577603,-1.1809315100764062
7.65,4.1365829712795,0.6761616509453336
7.66,2.62339540997979,-0.8370259103543765
7.67,2.86986124110675,-0.5905600792274166
7.68,1.97570673513004,-1.4847145852041266
7.69,3.75828563445731,0.2978643141231436
7.7,3.14498603904873,-0.31543528128543663
7.71,3.04754598843815,-0.41287533189601655
7.72,2.8985200668797604,-0.5619012534544061
7.73,3.5232828932928397,0.06286157295867323
7.74,5.17976807863156,1.7193467582973936
7.75,5.105254781612119,1.644833461277953
7.76,4.26841393132459,0.8079926109904232
7.77,5.73002047568733,2.2695991553531636
7.78,7.98262279234558,4.522201472011414
7.79,7.873718111849489,4.4132967915153225
7.8,9.87412907290532,6.413707752571154
7.81,5.21415883499714,1.7537375146629737
7.82,4.92183748430388,1.4614161639697132
7.83,3.70669965704447,0.2462783367103034
7.84,4.24548680524177,0.7850654849076033
7.85,6.337591562363389,2.877170242029223
7.86,0.634478094249282,-2.8259432260848847
7.87,3.29401203700492,-0.16640928332924654
7.88,1.88399867469874,-1.5764226456354264
7.89,6.1885646209782,2.7281433006440334
7.9,3.27108495738957,-0.18933636294459655
7.91,4.3314635336899405,0.871042213355774
7.92,1.32228718627096,-2.1381341340632067
7.93,3.31693911771363,-0.14348220262053646
7.94,2.13046412677588,-1.3299571935582866
7.95,3.9760931556676202,0.5156718353334537
7.96,1.71204610854051,-1.7483752117936564
7.97,2.0788783240255597,-1.3815429963086068
7.98,3.0647412900520403,-0.39568003028212617
7.99,3.29401203700492,-0.16640928332924654
8.0,4.68110238777895,1.2206810674447839
8.01,2.543150748041,-0.9172705722931664
8.02,1.98717024391397,-1.4732510764201965
8.03,1.55728885158121,-1.9031324687529565
8.04,3.12779073456479,-0.33263058576937654
8.05,6.2630780858965105,2.802656765562344
8.06,2.3138803591598602,-1.1465409611743063
8.07,9.10033014957251,5.639908829238344
8.08,4.85305601585361,1.392634695519443
8.09,8.097259324781781,4.636838004447615
8.1,4.1939007755530096,0.7334794552188431
8.11,5.91916988262603,2.4587485622918637
8.12,1.81521764085539,-1.6452036794787765
8.13,4.23402324261037,0.7736019222762032
8.14,2.54888250916388,-0.9115388111702867
8.15,5.86185187266488,2.401430552330713
8.16,1.38533640227419,-2.0750849180599764
8.17,3.4946240302776,0.03420270994343344
8.18,3.31693911771363,-0.14348220262053646
8.19,4.3085364046003995,0.848115084266233
8.2,4.72695668258541,1.2665353622512434
8.21,0.582892452015483,-2.8775288683186835
8.22,4.22829146139717,0.7678701410630033
8.23,1.82668114581261,-1.6337401745215565
8.24,5.380380858777319,1.9199595384431527
8.25,3.0819365922809503,-0.3784847280532162
8.26,3.9187753773612397,0.4583540570270732
8.27,2.543150748041,-0.9172705722931664
8.28,4.3199999690085,0.8595786486743338
8.29,4.3773177951490805,0.916896474814914
8.3,5.06513224184665,1.604710921512483
8.31,2.88132477121095,-0.5790965491232165
8.32,3.09913189512491,-0.36128942520925644
8.33,10.269626781333699,6.809205460999532
8.34,7.76481345602248,4.304392135688314
8.35,11.0950143512707,7.634593030936534
8.36,7.2317541807594,3.7713328604252334
8.37,5.74148407398948,2.2810627536553136
8.38,3.73535853270159,0.27493721236742363
8.39,1.0242364589139001,-2.4361848614202666
8.4,4.58939381128625,1.1289724909520835
8.41,1.52289835679972,-1.9375229635344464
8.42,2.17631817831178,-1.2841031420223863
8.43,2.06168305767213,-1.3987382626620364
8.44,4.8358606502785895,1.375439329944423
8.45,4.14804653158753,0.6876252112533638
8.46,2.53168722600024,-0.9287340943339264
8.47,2.56034603161464,-0.9000752887195267
8.48,3.9302389324758398,0.4698176121416733
8.49,4.83012886189026,1.3697075415560933
8.5,3.62072304032327,0.16030171998910347
8.51,1.13313958787165,-2.3272817324625166
8.52,3.7812127373063698,0.32079141697220326
8.53,2.78961653803073,-0.6708047823034367
8.54,4.56073488471987,1.1003135643857034
8.55,3.36279328241116,-0.09762803792300634
8.56,0.135817117845666,-3.3246042024885005
8.57,2.51449194345162,-0.9459293768825465
8.58,3.0819365922809503,-0.3784847280532162
8.59,7.35785417100018,3.8974328506660134
8.6,9.77668765846337,6.3162663381292035
8.61,9.56460935412193,6.104188033787764
8.62,7.18589964705392,3.7254783267197533
8.63,5.225622420999,1.7652011006648332
8.64,6.74454998376546,3.284128663431294
8.65,5.867583673353489,2.4071623530193227
8.66,3.1048636628762196,-0.3555576574579469
8.67,3.1163271985838397,-0.34409412175032683
8.68,1.7750953756576,-1.6853259446765665
8.69,3.91304359990645,0.4526222795722834
8.7,3.5519417580164503,0.0915204376822838
8.71,2.42851553993359,-1.0319057804005767
8.72,3.83853049921246,0.3781091788782933
8.73,4.039142719697271,0.5787213993631042
8.74,1.34521417295182,-2.115207147382346
8.75,4.8817149598453495,1.421293639511183
8.76,4.0678016151714,0.6073802948372338
8.77,4.26841393132459,0.8079926109904232
8.78,2.69217655944457,-0.7682447608895964
8.79,5.05366865967153,1.5932473393373634
8.8,3.76974918574517,0.30932786541100343
8.81,3.09913189512491,-0.36128942520925644
8.82,2.47436961989651,-0.9860517004376566
8.83,2.31961211754937,-1.1408092027847965
8.84,4.70976132152048,1.2493400011863134
8.85,8.102991152121112,4.642569831786945
8.86,7.97689096644129,4.516469646107123
8.87,9.16911222565923,5.708690905325064
8.88,9.32960377479625,5.869182454462084
8.89,8.65897872883461,5.198557408500443
8.9,5.93636528694691,2.4759439666127436
8.91,2.1018053467868096,-1.3586159735473569
8.92,1.34521417295182,-2.115207147382346
8.93,3.20803549408492,-0.25238582624924666
8.94,3.7812127373063698,0.32079141697220326
8.95,5.56953012815792,2.1091088078237537
8.96,3.16218134414768,-0.29823997618648646
8.97,4.1996325563562,0.7392112360220331
8.98,2.18204993506128,-1.2783713852728864
8.99,4.2741457130161296,0.8137243926819631
9.0,3.69523610725996,0.2348147869257935
9.01,3.13352250265777,-0.3268988176763963
9.02,3.2997438070796,-0.16067751325456658
9.03,2.82973888789457,-0.6306824324395963
9.04,2.72083537462576,-0.7395859457084066
9.05,4.291341058500761,0.8309197381665943
9.06,3.28254849706058,-0.17787282327358644
9.07,3.68950433247021,0.22908301213604343
9.08,3.2252308014389,-0.23519051889526654
9.09,4.97342359209918,1.5130022717650133
9.1,3.91304359990645,0.4526222795722834
9.11,1.71204610854051,-1.7483752117936564
9.12,2.6463224587080303,-0.8140988616261362
9.13,4.1365829712795,0.6761616509453336
9.14,3.5232828932928397,0.06286157295867323
9.15,4.79000634508526,1.3295850247510934
9.16,3.01315538705538,-0.4472659332787865
9.17,3.4602333969143397,-0.0001879234198267632
9.18,3.27108495738957,-0.18933636294459655
9.19,3.31120734743395,-0.14921397290021643
9.2,5.84465647100906,2.3842351506748933
9.21,2.66351774597173,-0.7969035743624366
9.22,3.8327987227143496,0.37237740238018313
9.23,3.07047305739334,-0.3899482629408264
9.24,3.24815787886756,-0.21226344146660647
9.25,4.72122489549543,1.2608035751612636
9.26,1.71777785975494,-1.7426434605792265
9.27,2.77242124625697,-0.6880000740771965
9.28,1.86680341531539,-1.5936179050187764
9.29,5.380380858777319,1.9199595384431527
9.3,5.105254781612119,1.644833461277953
9.31,1.74643661685209,-1.7139847034820765
9.32,2.9615694895938,-0.49885183074036643
9.33,2.85839771127588,-0.6020236090582864
9.34,4.17670543355344,0.7162841132192739
9.35,6.14844199080567,2.688020670471504
9.36,1.27643321618926,-2.1839881041449063
9.37,3.05327775557444,-0.4071435647597266
9.38,4.72122489549543,1.2608035751612636
9.39,6.584059297567751,3.1236379772335843
9.4,5.529407549646599,2.068986229312433
9.41,2.10753710264795,-1.3528842176862166
9.42,3.71816320710231,0.2577418867681436
9.43,2.76668948246906,-0.6937318378651063
9.44,6.3089325315863505,2.848511211252184
9.45,5.529407549646599,2.068986229312433
9.46,3.6493819108553103,0.18896059052114378
9.47,3.09913189512491,-0.36128942520925644
9.48,3.0647412900520403,-0.39568003028212617
9.49,6.10831936398155,2.647898043647383
9.5,5.23708600727421,1.7766646869400438
9.51,2.78961653803073,-0.6708047823034367
9.52,2.6807130338504304,-0.7797082864837361
9.53,3.43730630937219,-0.023115010961976434
9.54,1.92412094898491,-1.5363003713492565
9.55,5.500748567045711,2.040327246711544
9.56,4.77854276947028,1.3181214491361137
9.57,5.79880206960029,2.3383807492661237
9.58,6.10258756042287,2.642166240088703
9.59,5.6153845076995195,2.154963187365353
9.6,7.810668044942889,4.350246724608723
9.61,4.99635075289601,1.5359294325618436
9.62,5.63831169911035,2.1778903787761834
9.63,6.60698653517305,3.1465652148388834
9.64,9.87986092142868,6.419439601094513
9.65,7.7418861632022695,4.281464842868103
9.66,4.847324227260271,1.386902906926104
9.67,3.95889782145819,0.4984765011240233
9.68,2.52022370423282,-0.9401976161013463
9.69,2.6749812711558603,-0.7854400491783062
9.7,5.39184444874261,1.9314231284084435
9.71,3.36279328241116,-0.09762803792300634
9.72,5.39757624382776,1.9371549234935932
9.73,8.95703418933037,5.496612868996204
9.74,5.46062599427452,2.0002046739403534
9.75,8.29214149265521,4.8317201723210434
9.76,5.23708600727421,1.7766646869400438
9.77,7.862254462706,4.401833142371833
9.78,5.86185187266488,2.401430552330713
9.79,5.873315474110431,2.4128941537762643
9.8,6.7044273071933596,3.244005986859193
9.81,3.95889782145819,0.4984765011240233
9.82,3.53474643897728,0.07432511864311353
9.83,2.22790399151724,-1.2325173288169267
9.84,4.92183748430388,1.4614161639697132
9.85,6.09685575693253,2.636434436598363
9.86,2.70937184834828,-0.7510494719858865
9.87,3.7525538589158702,0.29213253858170374
9.88,2.06741481305494,-1.3930065072792264
9.89,1.68911910436614,-1.7713022159680265
9.9,4.182437214151631,0.7220158938174643
9.91,2.64059069642347,-0.8198306239106965
9.92,5.4720895861531895,2.011668265819023
9.93,3.94170248786378,0.48128116752961336
9.94,4.7670791941286295,1.306657873794463
9.95,7.11711785469591,3.6566965343617435
9.96,3.83853049921246,0.3781091788782933
9.97,4.1996325563562,0.7392112360220331
9.98,5.20269524926861,1.742273928934443
9.99,6.2229554495054895,2.762534129171323
10.0,7.718958871475489,4.258537551141322
10.01,4.92756927378558,1.4671479534514136
10.02,5.4147716294932,1.9543503091590333
10.03,4.17097365302359,0.7105523326894234
10.04,5.0364732869213595,1.576051966587193
10.05,6.54966844320986,3.089247122875694
10.06,2.3597344281893102,-1.1006868921448563
10.07,4.98488717236092,1.5244658520267533
10.08,3.07620482480298,-0.38421649553118664
10.09,3.7296267574334903,0.26920543709932376
10.1,4.1939007755530096,0.7334794552188431
10.11,2.5030284220942,-0.9573928982399664
10.12,1.68911910436614,-1.7713022159680265
10.13,2.58900483893745,-0.8714164813967167
10.14,2.71510361145285,-0.7453177088813163
10.15,4.0792651738394,0.6188438535052336
10.16,1.99290199840844,-1.4675193219257265
10.17,3.24242610940789,-0.2179952109262766
10.18,2.08461007961337,-1.3758112407207963
10.19,4.53207595986185,1.0716546395276838
10.2,4.016215604547989,0.5557942842138228
10.21,2.9615694895938,-0.49885183074036643
10.22,3.32267088806165,-0.1377504322725165
10.23,3.4029156801090004,-0.05750564022516613
10.24,3.9990202689035295,0.538598948569363
10.25,4.388781361197269,0.9283600408631028
10.26,2.95583772355085,-0.5045835967833163
10.27,3.11059543069586,-0.34982588963830663
10.28,3.540478211922,0.08005689158783369
10.29,4.469026331187671,1.008605010853504
10.3,3.31120734743395,-0.14921397290021643
10.31,4.0849969532759,0.6245756329417338
10.32,3.54620998493506,0.0857886646008934
10.33,3.68377255774879,0.2233512374146236
10.34,3.04754598843815,-0.41287533189601655
10.35,3.0819365922809503,-0.3784847280532162
10.36,2.53168722600024,-0.9287340943339264
10.37,3.03608245437055,-0.4243388659636165
10.38,3.0876683598272496,-0.37275296050691686
10.39,3.74109030803802,0.2806689877038533
10.4,4.3085364046003995,0.848115084266233
10.41,2.9099835976673,-0.5504377226668664
10.42,4.469026331187671,1.008605010853504
10.43,3.01315538705538,-0.4472659332787865
10.44,3.55767353116617,0.09725221083200353
10.45,3.91304359990645,0.4526222795722834
10.46,2.64059069642347,-0.8198306239106965
10.47,4.09072873278073,0.6303074124465633
10.48,2.6463224587080303,-0.8140988616261362
10.49,2.56034603161464,-0.9000752887195267
10.5,3.4602333969143397,-0.0001879234198267632
10.51,4.34865888122461,0.8882375608904436
10.52,2.32534387600722,-1.1350774443269467
10.53,2.66924950852963,-0.7911718118045363
10.54,3.69523610725996,0.2348147869257935
10.55,4.0104838259315,0.5500625055973334
10.56,3.07620482480298,-0.38421649553118664
10.57,2.24509926381574,-1.2153220565184264
10.58,1.98143848948784,-1.4789828308463264
10.59,5.60965271001765,2.149231389683483
10.6,4.42890384451827,0.9684825241841031
10.61,2.84693418171836,-0.6134871386158065
10.62,4.13085119122799,0.6704298708938232
10.63,2.99022832083356,-0.47019299950060667
10.64,3.36852505330584,-0.09189626702832632
10.65,3.30547557722261,-0.1549457431115564
10.66,3.01888715378167,-0.44153416655249655
10.67,3.36279328241116,-0.09762803792300634
10.68,3.13352250265777,-0.3268988176763963
10.69,3.64365013661223,0.18322881627806353
10.7,3.8156033936300098,0.3551820732958433
10.71,2.4170520206262003,-1.0433692997079662
10.72,3.75828563445731,0.2978643141231436
10.73,3.3971839088043,-0.06323741152986662
10.74,4.13085119122799,0.6704298708938232
10.75,4.3314635336899405,0.871042213355774
10.76,2.86412947615715,-0.5962918441770166
10.77,3.16218134414768,-0.29823997618648646
10.78,3.03608245437055,-0.4243388659636165
10.79,4.388781361197269,0.9283600408631028
10.8,4.76134740656031,1.3009260862261431
10.81,2.543150748041,-0.9172705722931664
10.82,3.20230372510359,-0.2581175952305763
10.83,2.9501059575762403,-0.5103153627579262
10.84,4.87025138204365,1.4098300617094832
10.85,4.7670791941286295,1.306657873794463
10.86,2.82400712342326,-0.6364141969109065
10.87,3.36852505330584,-0.09189626702832632
10.88,2.85839771127588,-0.6020236090582864
10.89,4.5492713145716595,1.088849994237493
10.9,3.0246189205763,-0.4358023997578666
10.91,3.53474643897728,0.07432511864311353
10.92,2.99596008728651,-0.4644612330476563
10.93,4.21682789917578,0.7564065788416139
10.94,4.23402324261037,0.7736019222762032
10.95,4.15951009216889,0.6990887718347238
10.96,2.48010138019938,-0.9803199401347866
10.97,3.28828026699858,-0.1721410533355865
10.98,3.8958482679520596,0.43542694761789313
10.99,2.81827535902034,-0.6421459613138265
11.0,3.5290146661009,0.06859334576673337
11.01,3.42011099443309,-0.04031032590107664
11.02,2.0788783240255597,-1.3815429963086068
11.03,3.09913189512491,-0.36128942520925644
11.04,2.4170520206262003,-1.0433692997079662
11.05,3.8786529366126805,0.418231616278514
11.06,3.1679131126506603,-0.29250820768350616
11.07,3.540478211922,0.08005689158783369
11.08,3.03035068743926,-0.43007063289490643
11.09,3.8327987227143496,0.37237740238018313
11.1,3.79267628914092,0.3322549688067533
11.11,2.9673012557050797,-0.49312006462908675
11.12,2.56034603161464,-0.9000752887195267
11.13,3.15644957571303,-0.3039717446211365
11.14,3.8499940524136997,0.38957273207953325
11.15,4.34292709864472,0.8825057783105539
11.16,3.33986619951569,-0.12055512081847652
11.17,3.32267088806165,-0.1377504322725165
11.18,2.7265671378670002,-0.7338541824671663
11.19,4.56646666989648,1.1060453495623133
11.2,3.13352250265777,-0.3268988176763963
11.21,2.64059069642347,-0.8198306239106965
11.22,3.36279328241116,-0.09762803792300634
11.23,2.42851553993359,-1.0319057804005767
11.24,2.6062001241511203,-0.8542211961830461
11.25,3.9187753773612397,0.4583540570270732
11.26,2.87559300612468,-0.5848283142094863
11.27,2.42278378024573,-1.0376375400884363
11.28,2.85266594646295,-0.6077553738712167
11.29,3.59779594512761,0.13737462479344353
11.3,3.28828026699858,-0.1721410533355865
11.31,3.8270669462845706,0.36664562595040406
11.32,3.42011099443309,-0.04031032590107664
11.33,2.50876018273874,-0.9516611375954267
11.34,4.92183748430388,1.4614161639697132
11.35,4.83012886189026,1.3697075415560933
11.36,3.47742871328846,0.017007392954293543
11.37,3.76401741006707,0.30359608973290353
11.38,3.2768167271909,-0.18360459314326638
11.39,4.58939381128625,1.1289724909520835
11.4,4.17670543355344,0.7162841132192739
11.41,2.41132026107501,-1.0491010592591565
11.42,3.2538896483955604,-0.2065316719386061
11.43,3.28828026699858,-0.1721410533355865
11.44,4.910373905545501,1.4499525852113342
11.45,3.54620998493506,0.0857886646008934
11.46,1.9585114724666601,-1.5019098478675064
11.47,5.380380858777319,1.9199595384431527
11.48,3.01315538705538,-0.4472659332787865
11.49,3.11059543069586,-0.34982588963830663
11.5,3.62072304032327,0.16030171998910347
11.51,3.0246189205763,-0.4358023997578666
11.52,3.04754598843815,-0.41287533189601655
11.53,3.12779073456479,-0.33263058576937654
11.54,2.82400712342326,-0.6364141969109065
11.55,3.13352250265777,-0.3268988176763963
11.56,2.22790399151724,-1.2325173288169267
11.57,2.3826614643440602,-1.0777598559901063
11.58,2.13046412677588,-1.3299571935582866
11.59,3.59779594512761,0.13737462479344353
11.6,4.073533394471229,0.6131120741370628
11.61,3.24815787886756,-0.21226344146660647
11.62,3.33986619951569,-0.12055512081847652
11.63,4.509148821205461,1.0487275008712942
11.64,4.35439066387284,0.8939693435386733
11.65,4.97915538219588,1.5187340618617133
11.66,2.4629060994957803,-0.9975152208383862
11.67,3.8958482679520596,0.43542694761789313
11.68,3.32840265847799,-0.1320186618561765
11.69,4.69829774781887,1.2378764274847036
11.7,4.021947383232811,0.5615260628986443
11.71,3.59779594512761,0.13737462479344353
11.72,2.9099835976673,-0.5504377226668664
11.73,2.79534830209198,-0.6650730182421865
11.74,2.30814860083863,-1.1522727194955364
11.75,3.43730630937219,-0.023115010961976434
11.76,3.20803549408492,-0.25238582624924666
11.77,2.9329106600624,-0.5275106602717665
11.78,2.70364008531204,-0.7567812350221264
11.79,3.8786529366126805,0.418231616278514
11.8,4.05060627768192,0.5901849573477538
11.81,4.0047520473833496,0.5443307270491831
11.82,3.6321865883310798,0.17176526799691327
11.83,3.18510841856962,-0.2753129017645466
11.84,4.33719531613316,0.8767739957989935
11.85,3.6321865883310798,0.17176526799691327
11.86,4.1939007755530096,0.7334794552188431
11.87,3.46596516897071,0.005543848636543558
11.88,3.2538896483955604,-0.2065316719386061
11.89,4.61232095376938,1.1518996334352138
11.9,3.7525538589158702,0.29213253858170374
11.91,3.8270669462845706,0.36664562595040406
11.92,3.0819365922809503,-0.3784847280532162
11.93,3.66084545954647,0.2004241392123034
11.94,4.440367411796419,0.9799460914622529
11.95,5.04793686868647,1.5875155483523038
11.96,3.4487698530066,-0.0116514673275665
11.97,3.20803549408492,-0.25238582624924666
11.98,3.07047305739334,-0.3899482629408264
11.99,3.8327987227143496,0.37237740238018313
12.0,4.23975502389191,0.7793337035577439
12.01,2.92717889436113,-0.5332424259730364
12.02,3.16218134414768,-0.29823997618648646
12.03,2.75522595509823,-0.7051953652359364
12.04,4.451830979347919,0.9914096590137529
12.05,4.0620698359399094,0.601648515605743
12.06,3.32840265847799,-0.1320186618561765
12.07,3.99328849049205,0.5328671701578833
12.08,2.37692970520287,-1.0834916151312965
12.09,4.37158601222752,0.9111646918933536
12.1,4.5550030996116,1.0945817792774335
12.11,3.99328849049205,0.5328671701578833
12.12,3.9073118225199797,0.44689050218581317
12.13,3.6149912664218697,0.15456994608770325
12.14,4.69256596107056,1.2321446407363936
12.15,3.8499940524136997,0.38957273207953325
12.16,3.07047305739334,-0.3899482629408264
12.17,3.2768167271909,-0.18360459314326638
12.18,2.3482709105219404,-1.1121504098122261
12.19,4.22829146139717,0.7678701410630033
12.2,4.48048989942251,1.0200685790883437
12.21,2.54888250916388,-0.9115388111702867
12.22,2.89278830158849,-0.5676330187456764
12.23,2.7322989011765797,-0.7281224191575868
12.24,3.29401203700492,-0.16640928332924654
12.25,3.51181934788174,0.05139802754757339
12.26,2.6062001241511203,-0.8542211961830461
12.27,3.8213351699231297,0.3609138495889632
12.28,4.16524187256207,0.7048205522279032
12.29,5.44343060696904,1.9830092866348732
12.3,4.0849969532759,0.6245756329417338
12.31,4.18816899481815,0.7277476744839833
12.32,1.97570673513004,-1.4847145852041266
12.33,1.78655887965814,-1.6738624406760265
12.34,3.7296267574334903,0.26920543709932376
12.35,4.1996325563562,0.7392112360220331
12.36,3.20230372510359,-0.2581175952305763
12.37,3.2768167271909,-0.18360459314326638
12.38,3.3971839088043,-0.06323741152986662
12.39,3.80987161740524,0.34945029707107356
12.4,3.47169694109542,0.011275620761253435
12.41,2.86412947615715,-0.5962918441770166
12.42,2.66351774597173,-0.7969035743624366
12.43,2.9730330218847,-0.48738829844946663
12.44,4.0104838259315,0.5500625055973334
12.45,4.388781361197269,0.9283600408631028
12.46,2.45717433939791,-1.0032469809362565
12.47,4.021947383232811,0.5615260628986443
12.48,3.46596516897071,0.005543848636543558
12.49,2.89278830158849,-0.5676330187456764
12.5,4.1079240717052405,0.647502751371074
12.51,2.30241684258579,-1.1580044777483764
12.52,2.85266594646295,-0.6077553738712167
12.53,3.23669434001656,-0.2237269803176063
12.54,4.16524187256207,0.7048205522279032
12.55,4.62951631134924,1.1690949910150739
12.56,1.9126574417043298,-1.5477638786298367
12.57,3.5232828932928397,0.06286157295867323
12.58,3.48316048554984,0.02273916521567365
12.59,2.71510361145285,-0.7453177088813163
12.6,3.7525538589158702,0.29213253858170374
12.61,3.94743426566025,0.48701294532608363
12.62,3.80987161740524,0.34945029707107356
12.63,2.9099835976673,-0.5504377226668664
12.64,4.8186652853185805,1.358243964984414
12.65,3.58633239793981,0.12591107760564357
12.66,3.56340530438423,0.1029839840500637
12.67,3.32267088806165,-0.1377504322725165
12.68,2.90425183223936,-0.5561694880948065
12.69,4.1996325563562,0.7392112360220331
12.7,3.59779594512761,0.13737462479344353
12.71,1.68911910436614,-1.7713022159680265
12.72,3.1048636628762196,-0.3555576574579469
12.73,3.64365013661223,0.18322881627806353
12.74,4.1021922919954,0.6417709716612334
12.75,4.887446748848699,1.4270254285145327
12.76,3.7812127373063698,0.32079141697220326
12.77,1.82668114581261,-1.6337401745215565
12.78,3.16218134414768,-0.29823997618648646
12.79,2.6979083223441402,-0.7625129979900263
12.8,4.56073488471987,1.1003135643857034
12.81,1.66046035068569,-1.7999609696484764
12.82,2.87559300612468,-0.5848283142094863
12.83,2.76668948246906,-0.6937318378651063
12.84,4.451830979347919,0.9914096590137529
12.85,4.15377831184404,0.6933569915098738
12.86,2.42851553993359,-1.0319057804005767
12.87,3.8270669462845706,0.36664562595040406
12.88,1.87253516837484,-1.5878861519593266
12.89,4.42890384451827,0.9684825241841031
12.9,4.23975502389191,0.7793337035577439
12.91,3.48889225787955,0.028470937545383546
12.92,2.15912290847332,-1.3012984118608464
12.93,2.5660777929425302,-0.8943435273916363
12.94,4.05060627768192,0.5901849573477538
12.95,3.9703613775294806,0.5099400571953141
12.96,3.05327775557444,-0.4071435647597266
12.97,3.4545016249263,-0.00591969540786641
12.98,3.7296267574334903,0.26920543709932376
12.99,4.5378077446967895,1.077386424362623
13.0,2.78961653803073,-0.6708047823034367
13.01,3.55767353116617,0.09725221083200353
13.02,4.3773177951490805,0.916896474814914
13.03,2.41132026107501,-1.0491010592591565
13.04,3.21376726313458,-0.24665405719958633
13.05,5.24281780051432,1.7823964801801537
13.06,2.45717433939791,-1.0032469809362565
13.07,2.3368073931279096,-1.1236139272062569
13.08,3.03035068743926,-0.43007063289490643
13.09,4.7040295346355,1.2436082143013332
13.1,4.1021922919954,0.6417709716612334
13.11,3.40864745148203,-0.05177386885213631
13.12,4.37158601222752,0.9111646918933536
13.13,3.0819365922809503,-0.3784847280532162
13.14,3.7238949822337397,0.2634736618995732
13.15,5.18549987118832,1.7250785508541533
13.16,3.48316048554984,0.02273916521567365
13.17,4.25121858665998,0.7907972663258134
13.18,3.38572036639992,-0.0747009539342467
13.19,3.63791836243749,0.1774970421033233
13.2,4.09072873278073,0.6303074124465633
13.21,2.543150748041,-0.9172705722931664
13.22,3.68950433247021,0.22908301213604343
13.23,2.39985674217762,-1.0605645781565465
13.24,2.7781530101132197,-0.6822683102209468
13.25,3.7238949822337397,0.2634736618995732
13.26,1.91838919531046,-1.5420321250237066
13.27,3.20803549408492,-0.25238582624924666
13.28,3.20230372510359,-0.2581175952305763
13.29,4.25695036814651,0.7965290478123439
13.3,3.99328849049205,0.5328671701578833
13.31,2.09034183526951,-1.3700794850646565
13.32,2.43424729968978,-1.0261740206443863
13.33,2.76668948246906,-0.6937318378651063
13.34,4.0620698359399094,0.601648515605743
13.35,3.9990202689035295,0.538598948569363
13.36,3.0074236203974203,-0.4529976999367462
13.37,4.3085364046003995,0.848115084266233
13.38,2.66924950852963,-0.7911718118045363
13.39,3.75828563445731,0.2978643141231436
13.4,2.9615694895938,-0.49885183074036643
13.41,2.59473660060701,-0.8656847197271564
13.42,3.9531660435250497,0.49274472319088325
13.43,3.8041398412488,0.3437185209146336
13.44,4.182437214151631,0.7220158938174643
13.45,3.1048636628762196,-0.3555576574579469
13.46,2.28522156823726,-1.1751997520969066
13.47,3.04754598843815,-0.41287533189601655
13.48,2.6979083223441402,-0.7625129979900263
13.49,3.94170248786378,0.48128116752961336
13.5,5.18549987118832,1.7250785508541533
13.51,3.59206417149955,0.13164285116538332
13.52,3.4545016249263,-0.00591969540786641
13.53,3.58633239793981,0.12591107760564357
13.54,3.74682208344278,0.2864007631086136
13.55,3.51181934788174,0.05139802754757339
13.56,3.9302389324758398,0.4698176121416733
13.57,3.71243143203922,0.2520101117050535
13.58,2.30814860083863,-1.1522727194955364
13.59,3.14498603904873,-0.31543528128543663
13.6,5.15110911687274,1.6906877965385734
13.61,1.67765560268895,-1.7827657176452165
13.62,3.83853049921246,0.3781091788782933
13.63,3.2653531876565602,-0.19506813267760625
13.64,2.89278830158849,-0.5676330187456764
13.65,4.5492713145716595,1.088849994237493
13.66,3.21376726313458,-0.24665405719958633
13.67,4.42890384451827,0.9684825241841031
13.68,3.75828563445731,0.2978643141231436
13.69,3.59206417149955,0.13164285116538332
13.7,3.540478211922,0.08005689158783369
13.71,2.9501059575762403,-0.5103153627579262
13.72,3.40864745148203,-0.05177386885213631
13.73,2.4629060994957803,-0.9975152208383862
13.74,4.26268214970138,0.8022608293672135
13.75,3.53474643897728,0.07432511864311353
13.76,4.0104838259315,0.5500625055973334
13.77,4.56073488471987,1.1003135643857034
13.78,3.0647412900520403,-0.39568003028212617
13.79,4.3199999690085,0.8595786486743338
13.8,4.69829774781887,1.2378764274847036
13.81,2.4629060994957803,-0.9975152208383862
13.82,2.1705864216306296,-1.2898348987035368
13.83,2.61766364796857,-0.8427576723655963
13.84,3.04181422137018,-0.4186070989639865
13.85,4.9619600121107705,1.501538691776604
13.86,3.03035068743926,-0.43007063289490643
13.87,4.79000634508526,1.3295850247510934
13.88,2.21644047699324,-1.2439808433409265
13.89,4.91610569489052,1.4556843745563537
13.9,4.17097365302359,0.7105523326894234
13.91,3.13352250265777,-0.3268988176763963
13.92,3.7525538589158702,0.29213253858170374
13.93,3.6321865883310798,0.17176526799691327
13.94,4.37158601222752,0.9111646918933536
13.95,4.21682789917578,0.7564065788416139
13.96,3.5175511205531302,0.057129800218963744
13.97,3.20230372510359,-0.2581175952305763
13.98,3.28828026699858,-0.1721410533355865
13.99,2.9501059575762403,-0.5103153627579262
14.0,3.74109030803802,0.2806689877038533
14.01,2.89278830158849,-0.5676330187456764
14.02,3.8041398412488,0.3437185209146336
14.03,3.14498603904873,-0.31543528128543663
14.04,2.17631817831178,-1.2841031420223863
14.05,4.72695668258541,1.2665353622512434
14.06,3.7812127373063698,0.32079141697220326
14.07,3.2768167271909,-0.18360459314326638
14.08,2.75522595509823,-0.7051953652359364
14.09,3.8499940524136997,0.38957273207953325
14.1,4.16524187256207,0.7048205522279032
14.11,2.78961653803073,-0.6708047823034367
14.12,2.6577859834821598,-0.8026353368520067
14.13,2.4629060994957803,-0.9975152208383862
14.14,4.17097365302359,0.7105523326894234
14.15,3.38572036639992,-0.0747009539342467
14.16,1.8037541361715101,-1.6566671841626563
14.17,3.43730630937219,-0.023115010961976434
14.18,2.81827535902034,-0.6421459613138265
14.19,5.0307414961413,1.570320175807134
14.2,5.649775295225781,2.189353974891614
14.21,3.88438471365748,0.42396339332331356
14.22,1.2133840144677701,-2.2470373058663964
14.23,2.9329106600624,-0.5275106602717665
14.24,4.1021922919954,0.6417709716612334
14.25,3.5519417580164503,0.0915204376822838
14.26,2.88132477121095,-0.5790965491232165
14.27,3.66657723399454,0.20615591366037345
14.28,3.16218134414768,-0.29823997618648646
14.29,3.69523610725996,0.2348147869257935
14.3,4.22829146139717,0.7678701410630033
14.31,2.9673012557050797,-0.49312006462908675
14.32,4.039142719697271,0.5787213993631042
14.33,3.54620998493506,0.0857886646008934
14.34,4.291341058500761,0.8309197381665943
14.35,4.887446748848699,1.4270254285145327
14.36,2.85266594646295,-0.6077553738712167
14.37,3.44303808115523,-0.01738323917893636
14.38,2.0788783240255597,-1.3815429963086068
14.39,4.3199999690085,0.8595786486743338
14.4,3.7869445131894803,0.32652319285531384
14.41,3.0074236203974203,-0.4529976999367462
14.42,3.2194990322525703,-0.24092228808159621
14.43,3.63791836243749,0.1774970421033233
14.44,5.05366865967153,1.5932473393373634
14.45,3.70669965704447,0.2462783367103034
14.46,3.05327775557444,-0.4071435647597266
14.47,1.71777785975494,-1.7426434605792265
14.48,3.0246189205763,-0.4358023997578666
14.49,5.059400450724921,1.5989791303907541
14.5,3.95889782145819,0.4984765011240233
14.51,1.29362845445739,-2.1667928658767766
14.52,3.9818249338741003,0.5214036135399338
14.53,2.71510361145285,-0.7453177088813163
14.54,3.42011099443309,-0.04031032590107664
14.55,3.54620998493506,0.0857886646008934
14.56,3.21376726313458,-0.24665405719958633
14.57,2.80681183041949,-0.6536094899146767
14.58,2.80681183041949,-0.6536094899146767
14.59,5.98795150359968,2.5275301832655135
14.6,3.62072304032327,0.16030171998910347
14.61,3.28254849706058,-0.17787282327358644
14.62,3.54620998493506,0.0857886646008934
14.63,1.39106814959358,-2.0693531707405866
14.64,4.34292709864472,0.8825057783105539
14.65,2.6577859834821598,-0.8026353368520067
14.66,2.5259554650823697,-0.9344658552517968
14.67,3.57486885102536,0.1144475306911934
14.68,2.45717433939791,-1.0032469809362565
14.69,4.3314635336899405,0.871042213355774
14.7,3.09340012744194,-0.36702119289222646
14.71,2.74949419151531,-0.7109271288188563
14.72,3.94170248786378,0.48128116752961336
14.73,3.2997438070796,-0.16067751325456658
14.74,4.30280462249885,0.8423833021646834
14.75,3.70669965704447,0.2462783367103034
14.76,3.39145213756794,-0.06896918276622666
14.77,4.15377831184404,0.6933569915098738
14.78,3.24242610940789,-0.2179952109262766
14.79,3.76401741006707,0.30359608973290353
14.8,3.66657723399454,0.20615591366037345
14.81,3.5290146661009,0.06859334576673337
14.82,3.2538896483955604,-0.2065316719386061
14.83,3.0246189205763,-0.4358023997578666
14.84,3.0819365922809503,-0.3784847280532162
14.85,4.71549310847379,1.2550717881396238
14.86,3.32267088806165,-0.1377504322725165
14.87,5.12818194869575,1.6677606283615836
14.88,2.90425183223936,-0.5561694880948065
14.89,5.12818194869575,1.6677606283615836
14.9,3.43730630937219,-0.023115010961976434
14.91,2.1247323706414,-1.3356889496927664
14.92,1.90119393469709,-1.5592273856370764
14.93,2.35400266932146,-1.1064186510127065
14.94,3.9187753773612397,0.4583540570270732
14.95,4.26841393132459,0.8079926109904232
14.96,2.78388477403781,-0.6765365462963566
14.97,2.80681183041949,-0.6536094899146767
14.98,3.6092594925888,0.1488381722546337
14.99,4.14231475139935,0.6818934310651832
15.0,2.42851553993359,-1.0319057804005767
15.01,3.0876683598272496,-0.37275296050691686
15.02,2.95583772355085,-0.5045835967833163
15.03,3.540478211922,0.08005689158783369
15.04,3.9990202689035295,0.538598948569363
15.05,3.70096788211804,0.24054656178387335
15.06,2.31961211754937,-1.1408092027847965
15.07,3.69523610725996,0.2348147869257935
15.08,2.82400712342326,-0.6364141969109065
15.09,3.6551136851667203,0.1946923648325538
15.1,4.3142681867702795,0.853846866436113
15.11,2.6463224587080303,-0.8140988616261362
15.12,3.24242610940789,-0.2179952109262766
15.13,2.23936750631457,-1.2210538140195966
15.14,3.66657723399454,0.20615591366037345
15.15,4.0849969532759,0.6245756329417338
15.16,2.9099835976673,-0.5504377226668664
15.17,2.22217223422107,-1.2382490861130964
15.18,2.90425183223936,-0.5561694880948065
15.19,4.4747581152709195,1.014336794936753
15.2,4.54353952960005,1.0831182092658835
15.21,3.4143792229233902,-0.04604209741077625
15.22,3.79840806516069,0.33798674482652347
15.23,3.8270669462845706,0.36664562595040406
15.24,3.3513297408267797,-0.1090915795073868
15.25,4.59512559680453,1.1347042764703632
15.26,2.88705653636555,-0.5733647839686165
15.27,3.85572582911681,0.39530450878264345
15.28,3.6780407830957103,0.21761946276154376
15.29,3.66657723399454,0.20615591366037345
15.3,5.31733111885417,1.8569097985200038
15.31,2.99022832083356,-0.47019299950060667
15.32,4.25695036814651,0.7965290478123439
15.33,3.66084545954647,0.2004241392123034
15.34,4.37158601222752,0.9111646918933536
15.35,4.021947383232811,0.5615260628986443
15.36,3.39145213756794,-0.06896918276622666
15.37,4.5550030996116,1.0945817792774335
15.38,3.4143792229233902,-0.04604209741077625
15.39,4.40024492751874,0.9398236071845734
15.4,4.7670791941286295,1.306657873794463
15.41,3.33986619951569,-0.12055512081847652
15.42,2.32534387600722,-1.1350774443269467
15.43,3.1965719561906,-0.2638493641435664
15.44,4.021947383232811,0.5615260628986443
15.45,3.31120734743395,-0.14921397290021643
15.46,2.92144712872819,-0.5389741916059765
15.47,2.48583314057058,-0.9745881797635865
15.48,2.02729252681024,-1.4331287935239265
15.49,3.8327987227143496,0.37237740238018313
15.5,3.8041398412488,0.3437185209146336
15.51,2.8412024170421,-0.6192189032920665
15.52,3.2252308014389,-0.23519051889526654
15.53,3.2768167271909,-0.18360459314326638
15.54,4.3085364046003995,0.848115084266233
15.55,4.440367411796419,0.9799460914622529
15.56,2.48583314057058,-0.9745881797635865
15.57,3.38572036639992,-0.0747009539342467
15.58,3.5232828932928397,0.06286157295867323
15.59,3.0246189205763,-0.4358023997578666
15.6,4.640979883410821,1.1805585630766542
15.61,2.13046412677588,-1.3299571935582866
15.62,3.2653531876565602,-0.19506813267760625
15.63,3.7238949822337397,0.2634736618995732
15.64,4.1996325563562,0.7392112360220331
15.65,4.79000634508526,1.3295850247510934
15.66,2.51449194345162,-0.9459293768825465
15.67,2.98449655444894,-0.47592476588522636
15.68,3.76974918574517,0.30932786541100343
15.69,2.93864242583202,-0.5217788945021464
15.7,4.3085364046003995,0.848115084266233
15.71,2.47436961989651,-0.9860517004376566
15.72,2.80681183041949,-0.6536094899146767
15.73,4.12511941124482,0.6646980909106537
15.74,3.43730630937219,-0.023115010961976434
15.75,2.86986124110675,-0.5905600792274166
15.76,2.71510361145285,-0.7453177088813163
15.77,4.0104838259315,0.5500625055973334
15.78,2.86986124110675,-0.5905600792274166
15.79,3.71816320710231,0.2577418867681436
15.8,4.0678016151714,0.6073802948372338
15.81,3.68950433247021,0.22908301213604343
15.82,3.6035277188240102,0.14310639848984374
15.83,1.42545863494493,-2.034962685389236
15.84,4.23402324261037,0.7736019222762032
15.85,4.42890384451827,0.9684825241841031
15.86,3.12779073456479,-0.33263058576937654
15.87,2.6979083223441402,-0.7625129979900263
15.88,3.76974918574517,0.30932786541100343
15.89,3.23669434001656,-0.2237269803176063
15.9,5.3631854743419,1.9027641540077331
15.91,2.45717433939791,-1.0032469809362565
15.92,2.6520542210609297,-0.8083670992732368
15.93,2.5259554650823697,-0.9344658552517968
15.94,4.3199999690085,0.8595786486743338
15.95,4.3142681867702795,0.853846866436113
15.96,2.9730330218847,-0.48738829844946663
15.97,2.6291271720593503,-0.8312941482748162
15.98,3.50035580274398,0.039934482409813565
15.99,4.1939007755530096,0.7334794552188431
16.0,3.6723090085109598,0.21188768817679327
16.01,3.6035277188240102,0.14310639848984374
16.02,3.83853049921246,0.3781091788782933
16.03,1.8496081565470501,-1.6108131637871164
16.04,3.9818249338741003,0.5214036135399338
16.05,3.6321865883310798,0.17176526799691327
16.06,4.15377831184404,0.6933569915098738
16.07,3.20230372510359,-0.2581175952305763
16.08,2.61193188602567,-0.8484894343084965
16.09,2.73803066455449,-0.7223906557796766
16.1,5.46635779017969,2.0059364698455235
16.11,2.3826614643440602,-1.0777598559901063
16.12,3.76401741006707,0.30359608973290353
16.13,2.6520542210609297,-0.8083670992732368
16.14,3.4946240302776,0.03420270994343344
16.15,4.26841393132459,0.8079926109904232
16.16,2.9673012557050797,-0.49312006462908675
16.17,2.9329106600624,-0.5275106602717665
16.18,3.14498603904873,-0.31543528128543663
16.19,3.4029156801090004,-0.05750564022516613
16.2,4.073533394471229,0.6131120741370628
16.21,2.18204993506128,-1.2783713852728864
16.22,2.5718095543387998,-0.8886117659953667
16.23,3.04181422137018,-0.4186070989639865
16.24,3.79267628914092,0.3322549688067533
16.25,4.3142681867702795,0.853846866436113
16.26,1.86680341531539,-1.5936179050187764
16.27,3.54620998493506,0.0857886646008934
16.28,2.9787647881326498,-0.4816565322015167
16.29,3.9359707101356403,0.47554938980147377
16.3,3.95889782145819,0.4984765011240233
16.31,2.0043655076023703,-1.4560558127317962
16.32,2.91571536316358,-0.5447059571705863
16.33,2.89278830158849,-0.5676330187456764
16.34,4.15377831184404,0.6933569915098738
16.35,5.55806653395587,2.0976452136217034
16.36,2.92144712872819,-0.5389741916059765
16.37,3.07620482480298,-0.38421649553118664
16.38,2.3138803591598602,-1.1465409611743063
16.39,3.20230372510359,-0.2581175952305763
16.4,4.14804653158753,0.6876252112533638
16.41,2.2565627790230702,-1.2038585413110963
16.42,3.29401203700492,-0.16640928332924654
16.43,2.86986124110675,-0.5905600792274166
16.44,4.03341094080745,0.5729896204732832
16.45,5.21415883499714,1.7537375146629737
16.46,4.5836620258363,1.1232407055021332
16.47,3.7812127373063698,0.32079141697220326
16.48,3.01315538705538,-0.4472659332787865
16.49,3.79840806516069,0.33798674482652347
16.5,4.887446748848699,1.4270254285145327
16.51,3.37998859530022,-0.08043272503394672
16.52,2.89278830158849,-0.5676330187456764
16.53,3.69523610725996,0.2348147869257935
16.54,4.71549310847379,1.2550717881396238
16.55,4.75561561906032,1.2951942987261535
16.56,3.20803549408492,-0.25238582624924666
16.57,2.58900483893745,-0.8714164813967167
16.58,1.43119038274266,-2.0292309375915067
16.59,3.8327987227143496,0.37237740238018313
16.6,4.05060627768192,0.5901849573477538
16.61,1.6661921012851102,-1.7942292190490563
16.62,3.2768167271909,-0.18360459314326638
16.63,2.91571536316358,-0.5447059571705863
16.64,4.23975502389191,0.7793337035577439
16.65,5.05366865967153,1.5932473393373634
16.66,3.6035277188240102,0.14310639848984374
16.67,3.32267088806165,-0.1377504322725165
16.68,3.31693911771363,-0.14348220262053646
16.69,4.68110238777895,1.2206810674447839
16.7,4.36585422937429,0.9054329090401234
16.71,1.79229063176096,-1.6681306885732066
16.72,2.17631817831178,-1.2841031420223863
16.73,2.9099835976673,-0.5504377226668664
16.74,3.5175511205531302,0.057129800218963744
16.75,4.8817149598453495,1.421293639511183
16.76,2.37119794613002,-1.0892233742041464
16.77,4.0792651738394,0.6188438535052336
16.78,3.05900952277908,-0.4014117975550864
16.79,3.55767353116617,0.09725221083200353
16.8,4.41744027751345,0.9570189571792831
16.81,3.79840806516069,0.33798674482652347
16.82,3.0246189205763,-0.4358023997578666
16.83,3.44303808115523,-0.01738323917893636
16.84,5.12245015682234,1.6620288364881732
16.85,4.0792651738394,0.6188438535052336
16.86,2.6577859834821598,-0.8026353368520067
16.87,3.11059543069586,-0.34982588963830663
16.88,3.76974918574517,0.30932786541100343
16.89,5.1625727013713,1.7021513810371331
16.9,4.76134740656031,1.3009260862261431
16.91,4.14804653158753,0.6876252112533638
16.92,3.8786529366126805,0.418231616278514
16.93,3.9302389324758398,0.4698176121416733
16.94,4.182437214151631,0.7220158938174643
16.95,4.1996325563562,0.7392112360220331
16.96,3.42011099443309,-0.04031032590107664
16.97,3.9073118225199797,0.44689050218581317
16.98,2.17631817831178,-1.2841031420223863
16.99,2.83547065243417,-0.6249506678999963
17.0,3.70096788211804,0.24054656178387335
17.01,2.02156077190577,-1.4388605484283965
17.02,3.90158004520185,0.44115872486768337
17.03,3.79267628914092,0.3322549688067533
17.04,2.87559300612468,-0.5848283142094863
17.05,4.23975502389191,0.7793337035577439
17.06,2.80681183041949,-0.6536094899146767
17.07,3.1736448812219797,-0.28677643911218675
17.08,3.90158004520185,0.44115872486768337
17.09,4.3142681867702795,0.853846866436113
17.1,4.41170849411355,0.9512871737793835
17.11,4.34865888122461,0.8882375608904436
17.12,3.96462959945967,0.5042082791255034
17.13,3.1679131126506603,-0.29250820768350616
17.14,4.28560927660422,0.8251879562700539
17.15,4.675370601235651,1.2149492809014841
17.16,2.42851553993359,-1.0319057804005767
17.17,4.1021922919954,0.6417709716612334
17.18,2.8125435946857498,-0.6478777256484167
17.19,5.3861126537257995,1.925691333391633
17.2,3.47742871328846,0.017007392954293543
17.21,3.04181422137018,-0.4186070989639865
17.22,2.73803066455449,-0.7223906557796766
17.23,3.99328849049205,0.5328671701578833
17.24,10.4645098297806,7.004088509446433
17.25,13.903635446968599,10.443214126634432
17.26,11.2039197614558,7.743498441121634
17.27,10.7453708326799,7.284949512345733
17.28,12.510786607885601,9.050365287551434
17.29,13.4680115080774,10.007590187743233
17.3,13.301786688069301,9.841365367735134
17.31,11.3414845253719,7.881063205037734
17.32,13.8921716540461,10.431750333711934
17.33,12.6024966954135,9.142075375079333
17.34,13.020924191750101,9.560502871415935
17.35,13.1240981509239,9.663676830589733
17.36,8.9111794910732,5.450758170739034
17.37,8.028477402039991,4.568056081705825
17.38,5.04220507776975,1.5817837574355833
17.39,2.74949419151531,-0.7109271288188563
17.4,6.480886741874279,3.0204654215401128
17.41,2.01582901706964,-1.4445923032645265
17.42,5.867583673353489,2.4071623530193227
17.43,1.75216836847652,-1.7082529518576466
17.44,5.409039834203051,1.948618513868884
17.45,2.7322989011765797,-0.7281224191575868
17.46,3.5232828932928397,0.06286157295867323
17.47,2.31961211754937,-1.1408092027847965
17.48,3.16218134414768,-0.29823997618648646
17.49,2.3425391517907603,-1.1178821685434062
17.5,4.05060627768192,0.5901849573477538
17.51,1.9413162104182802,-1.5191051099158863
17.52,4.17670543355344,0.7162841132192739
17.53,2.51449194345162,-0.9459293768825465
17.54,1.21911575973714,-2.2413055605970262
17.55,1.79802238393207,-1.6623989364020966
17.56,-1.9104069903052603,-5.370828310639427
17.57,-0.7067468049443121,-4.1671681252784785
17.58,-0.821381238145604,-4.281802558479771
17.59,-0.173696331499686,-3.6341176518338525
17.6,1.76936362375983,-1.6910576965743365
17.61,0.376549938430616,-3.0838713819035504
17.62,0.14728058275921602,-3.3131407375749506
17.63,0.6115511414620329,-2.848870178872134
17.64,0.554233764277278,-2.9061875560568886
17.65,2.6291271720593503,-0.8312941482748162
17.66,2.14765939558934,-1.3127619247448266
17.67,2.38839322355358,-1.0720280967805866
17.68,4.93903285295397,1.4786115326198033
17.69,9.088866471181431,5.628445150847265
17.7,10.819885003845599,7.359463683511432
17.71,9.03154808332608,5.571126762991913
17.72,6.14271018676865,2.682288866434484
17.73,10.3441408787649,6.883719558430734
17.74,9.719369188605231,6.258947868271065
17.75,12.2069970679027,8.746575747568533
17.76,8.71056523762056,5.250143917286394
17.77,11.427462522807799,7.967041202473633
17.78,9.46143615880906,6.001014838474893
17.79,10.1607215827852,6.700300262451034
17.8,10.659392957223801,7.198971636889635
17.81,9.15764854562809,5.697227225293924
17.82,13.4450839432801,9.984662622945933
17.83,10.968913380823501,7.508492060489335
17.84,13.2501996866489,9.789778366314733
17.85,10.6880522473341,7.227630926999934
17.86,11.7828384086613,8.322417088327134
17.87,10.974645242399,7.514223922064833
17.88,10.7797619871675,7.319340666833334
17.89,12.1955333154354,8.735111995101233
17.9,14.992697021065199,11.532275700731033
17.91,9.742296575728458,6.281875255394292
17.92,11.2841658689566,7.823744548622434
17.93,13.9552225185024,10.494801198168233
17.94,13.680091534285399,10.219670213951233
17.95,17.2797343566385,13.819313036304333
17.96,13.6227725990578,10.162351278723634
17.97,16.2995741663713,12.839152846037134
17.98,15.766505428115899,12.306084107781732
17.99,17.9618353173306,14.501413996996433
18.0,24.2211599067711,20.760738586436933
18.01,19.9565562847695,16.496134964435335
18.02,23.0862213779157,19.625800057581532
18.03,22.719373133459303,19.258951813125137
18.04,22.1805652818958,18.720143961561632
18.05,21.8710376402483,18.410616319914133
18.06,20.7762285066997,17.315807186365532
18.07,18.7127206872035,15.252299366869334
18.08,18.345875779833698,14.885454459499531
18.09,17.979031152374798,14.518609832040632
18.1,20.380722155217402,16.920300834883236
18.11,19.3432360257371,15.882814705402932
18.12,20.1972990301816,16.736877709847434
18.13,19.4636072298194,16.003185909485232
18.14,19.9450923475186,16.484671027184433
18.15,25.161212029948903,21.700790709614736
18.16,20.2030310017798,16.742609681445632
18.17,22.1060493499537,18.645628029619534
18.18,21.5557782100812,18.095356889747034
18.19,20.340598340636202,16.880177020302035
18.2,19.8935046332725,16.433083312938333
18.21,17.8529283763331,14.392507055998934
18.22,15.7722373468892,12.311816026555034
18.23,15.749309672206298,12.288888351872131
18.24,20.214494945181098,16.75407362484693
18.25,25.4822058588316,22.021784538497432
18.26,30.692653518697902,27.232232198363736
18.27,40.2481536616508,36.78773234131663
18.28,49.1790207506829,45.71859943034873
18.29,56.613893509898006,53.15347218956384
18.3,66.48519752741541,63.024776207081246
18.31,70.7387487298408,67.27832740950663
18.32,72.5387803816563,69.07835906132213
18.33,71.0425752556604,67.58215393532623
18.34,68.7552821659788,65.29486084564464
18.35,64.9374186917383,61.47699737140414
18.36,56.453386175971204,52.99296485563704
18.37,48.147204780485595,44.68678346015143
18.38,42.3289506186045,38.86852929827033
18.39,36.6196780325552,33.15925671222104
18.4,32.8536588284918,29.393237508157636
18.41,26.1757825423345,22.715361222000332
18.42,24.8574144964394,21.396993176105234
18.43,22.988777285680698,19.52835596534653
18.44,23.88870288854,20.428281568205833
18.45,23.481729955042,20.021308634707832
18.46,22.8798692059663,19.419447885632135
18.47,24.5708132257053,21.110391905371134
18.48,26.536901376946698,23.07648005661253
18.49,31.942252221649998,28.48183090131583
18.5,34.0631381882701,30.602716867935936
18.51,36.774446576114,33.31402525577984
18.52,40.8672328069414,37.40681148660724
18.53,46.7198630053296,43.25944168499544
18.54,56.522175026807204,53.06175370647304
18.55,61.440603370391905,57.980182050057735
18.56,68.04444642956311,64.58402510922895
18.57,74.3904123288317,70.92999100849754
18.58,78.9994590396319,75.53903771929774
18.59,85.7697930935161,82.30937177318194
18.6,86.36026705240741,82.89984573207325
18.61,82.404678645786,78.94425732545184
18.62,75.0324659383562,71.57204461802203
18.63,67.8266098820052,64.36618856167104
18.64,61.1883750519013,57.72795373156714
18.65,56.4017945443029,52.94137322396874
18.66,50.824198572107,47.36377725177283
18.67,48.284780115238505,44.82435879490434
18.68,44.9600538784547,41.49963255812054
18.69,43.3722185980458,39.91179727771163
18.7,43.211715684630704,39.75129436429654
18.71,40.529032063966,37.06861074363184
18.72,41.692672907333794,38.232251586999624
18.73,41.6812084517904,38.220787131456234
18.74,44.822479495045,41.36205817471084
18.75,48.439552413890404,44.979131093556234
18.76,50.319753206138905,46.859331885804735
18.77,56.671217570714596,53.210796250380426
18.78,60.6609889953616,57.20056767502743
18.79,67.9297956027563,64.46937428242214
18.8,72.2865462410138,68.82612492067963
18.81,75.9267563232619,72.46633500292774
18.82,79.9740143760084,76.51359305567424
18.83,81.86580390321049,78.40538258287633
18.84,83.28178457151,79.82136325117584
18.85,84.70350215047779,81.24308083014363
18.86,80.5874119830041,77.12699066266994
18.87,81.0173640431874,77.55694272285324
18.88,77.1134134404038,73.65299212006964
18.89,74.6254497114069,71.16502839107274
18.9,72.229220318413,68.76879899807884
18.91,68.8470029827115,65.38658166237734
18.92,70.6240972605583,67.16367594022414
18.93,64.2667160769671,60.80629475663294
18.94,66.59411548498221,63.13369416464805
18.95,67.7807495687795,64.32032824844534
18.96,64.4902835112677,61.02986219093354
18.97,64.2208561032932,60.76043478295904
18.98,66.9781947954176,63.51777347508343
18.99,71.2776110016818,67.81718968134764
19.0,72.8426080449399,69.38218672460573
19.01,76.4656244095852,73.00520308925104
19.02,77.55482770474809,74.09440638441393
19.03,79.2803600810209,75.81993876068674
19.04,79.0395877497828,75.57916642944863
19.05,81.9345963899105,78.47417506957633
19.06,79.0109243850476,75.55050306471344
19.07,78.28287549368619,74.82245417335203
19.08,77.42297664827771,73.96255532794355
19.09,77.9446484310058,74.48422711067164
19.1,77.09621549025479,73.63579416992063
19.11,75.2617710066836,71.80134968634944
19.12,75.1184553261634,71.65803400582924
19.13,75.2388404949297,71.77841917459554
19.14,75.3076320334722,71.84721071313804
19.15,77.658015513294,74.19759419295984
19.16,74.2241664446777,70.76374512434354
19.17,74.0980489157325,70.63762759539834
19.18,73.2668205752258,69.80639925489163
19.19,76.0299437824023,72.56952246206814
19.2,74.7458347567337,71.28541343639954
19.21,69.40879336699389,65.94837204665973
19.22,74.65984543556739,71.19942411523323
19.23,73.7598247968825,70.29940347654833
19.24,74.4477385091095,70.98731718877534
19.25,79.0223897307366,75.56196841040244
19.26,76.3624368569421,72.90201553660793
19.27,78.6211027942942,75.16068147396004
19.28,79.22303332455189,75.76261200421773
19.29,78.8045482093965,75.34412688906234
19.3,78.3631327977238,74.90271147738963
19.31,74.5853213696629,71.12490004932874
19.32,75.5598677590019,72.09944643866774
19.33,75.50827407710571,72.04785275677155
19.34,78.01344035668289,74.55301903634873
19.35,76.59747520352279,73.13705388318863
19.36,74.0292575502512,70.56883622991704
19.37,74.3216209215204,70.86119960118624
19.38,72.1317662656777,68.67134494534353
19.39,74.06365323176159,70.60323191142743
19.4,71.6272985437616,68.16687722342743
19.41,64.868628636908,61.40820731657384
19.42,63.687734230327706,60.22731290999354
19.43,62.741874297579294,59.281452977245124
19.44,60.9533442378565,57.492922917522336
19.45,61.4119410548087,57.95151973447453
19.46,58.3852101464062,54.92478882607203
19.47,57.9896728558442,54.52925153551003
19.48,59.8469812175174,56.38655989718323
19.49,57.238726141559596,53.77830482122543
19.5,58.2361670711774,54.77574575084323
19.51,55.9202729156901,52.45985159535593
19.52,56.453386175971204,52.99296485563704
19.53,54.6419499792328,51.18152865889863
19.54,56.235554879919,52.77513355958483
19.55,55.5820615839091,52.12164026357493
19.56,52.9623649198004,49.50194359946623
19.57,53.9540646038307,50.49364328349654
19.58,53.9368674820554,50.47644616172123
19.59,55.9030757235873,52.44265440325313
19.6,55.9202729156901,52.45985159535593
19.61,52.555367375584495,49.09494605525033
19.62,52.205693704302,48.74527238396783
19.63,52.4235231745785,48.96310185424433
19.64,52.681479253855706,49.221057933521536
19.65,54.0859092245436,50.625487904209436
19.66,50.0331367567181,46.57271543638393
19.67,49.500030615251205,46.03960929491704
19.68,47.6141007301432,44.15367940980903
19.69,49.3796518909215,45.91923057058733
19.7,49.2936671062819,45.83324578594774
19.71,48.8350818479118,45.37466052757763
19.72,49.5573538279062,46.096932507572035
19.73,51.615261689049,48.15484036871483
19.74,53.0942092685681,49.63378794823393
19.75,51.0248303988648,47.56440907853063
19.76,47.8663219275982,44.40590060726403
19.77,47.46506099384,44.004639673505835
19.78,47.5682423448215,44.107821024487336
19.79,48.1701340002107,44.70971267987653
19.8,52.154102528428396,48.69368120809423
19.81,53.180194732894996,49.719773412560826
19.82,50.199374276571305,46.73895295623714
19.83,51.1796035795682,47.71918225923403
19.84,51.6897821946818,48.229360874347634
19.85,53.054082723811504,49.59366140347734
19.86,50.520384822395805,47.059963502061635
19.87,49.998742794269404,46.53832147393524
19.88,51.598064650927896,48.13764333059373
19.89,54.355330953211,50.89490963287683
19.9,55.5247376529492,52.064316332615036
19.91,53.1343358166737,49.673914496339535
19.92,50.4745261598701,47.01410483953593
19.93,49.1618237997009,45.701402479366735
19.94,45.14921871992,41.68879739958584
19.95,47.3389504838228,43.878529163488636
19.96,45.7396427946853,42.27922147435113
19.97,44.9715184121825,41.51109709184833
19.98,44.3753630208327,40.91494170049853
19.99,43.1371964930443,39.67677517271014
20.0,42.8563165670311,39.39589524669694
20.01,41.463383848405705,38.002962528071535
20.02,37.2330203310124,33.772599010678235
20.03,35.100656082495796,31.64023476216163
20.04,36.5795528627282,33.11913154239403
20.05,37.7145232443928,34.25410192405863
20.06,39.4972346571345,36.036813336800336
20.07,43.280502640962,39.820081320627835
20.08,44.369630761042394,40.909209440708224
20.09,46.7657213097324,43.305299989398236
20.1,46.060650362900205,42.60022904256604
20.11,43.7161535929321,40.25573227259794
20.12,41.0449315977407,37.58451027740654
20.13,42.3461473251903,38.88572600485614
20.14,44.4728114477251,41.01239012739093
20.15,47.969503364693,44.509082044358834
20.16,47.0064774796077,43.54605615927353
20.17,48.651647867036395,45.191226546702225
20.18,51.0248303988648,47.56440907853063
20.19,54.1948243732719,50.734403052937736
20.2,54.9343015617984,51.47388024146423
20.21,53.4496159540313,49.98919463369714
20.22,54.389725227312,50.929303906977836
20.23,56.9578379773167,53.49741665698254
20.24,59.4514427244031,55.99102140406893
20.25,60.4546206959255,56.994199375591336
20.26,59.8297838849636,56.36936256462943
20.27,62.50111024816639,59.04068892783222
20.28,62.5068427241323,59.046421403798135
20.29,63.3380524626356,59.87763114230144
20.3,71.7763457701475,68.31592444981334
20.31,71.1113661938227,67.65094487348854
20.32,76.68346487122271,73.22304355088855
20.33,83.4193699599391,79.95894863960494
20.34,94.04222735886471,90.58180603853054
20.35,94.69577293051391,91.23535161017975
20.36,97.0175867504707,93.55716543013654
20.37,96.9430592191204,93.48263789878624
20.38,97.0290525255499,93.56863120521574
20.39,96.8112028457993,93.35078152546514
20.4,95.2747921177237,91.81437079738954
20.41,91.691763785831,88.23134246549684
20.42,91.9268096260749,88.46638830574074
20.43,92.80393292239249,89.34351160205833
20.44,91.9612065879435,88.50078526760933
20.45,94.18554868011259,90.72512735977843
20.46,90.195499057657,86.73507773732284
20.47,89.1005343335399,85.64011301320573
20.48,87.1055264823174,83.64510516198324
20.49,88.7622996610817,85.30187834074754
20.5,88.7164373509313,85.25601603059714
20.51,84.18182303444159,80.72140171410743
20.52,84.0557028935478,80.59528157321364
20.53,84.6805711884291,81.22014986809494
20.54,84.76082956038401,81.30040824004985
20.55,87.2373801940287,83.77695887369454
20.56,84.6576402274741,81.19721890713994
20.57,84.4799253171536,81.01950399681944
20.58,83.5110935740977,80.05067225376354
20.59,82.7658397155433,79.30541839520913
20.6,81.2466719658256,77.78625064549144
20.61,75.9668847769628,72.50646345662864
20.62,73.7999530697302,70.33953174939603
20.63,74.6139844705668,71.15356315023264
20.64,73.1865641218704,69.72614280153624
20.65,73.2954835975279,69.83506227719374
20.66,69.8502005579995,66.38977923766534
20.67,69.2425492053033,65.78212788496914
20.68,67.3049490771805,63.84452775684633
20.69,51.2942504122112,47.833829091877035
20.7,52.320340781619095,48.85991946128493
20.71,48.6745771108185,45.21415579048433
20.72,50.6808901756811,47.22046885534694
20.73,56.6826823836981,53.22226106336393
20.74,61.8246785640593,58.364257243725135
20.75,63.53868951136091,60.07826819102674
20.76,65.69984245848259,62.23942113814843
20.77,68.03871388757351,64.57829256723934
20.78,70.4693178203942,67.00889650006003
20.79,73.7770226276928,70.31660130735864
20.8,78.1223609258009,74.66193960546674
20.81,82.5594619281776,79.09904060784343
20.82,84.6461747474067,81.18575342707254
20.83,88.7279029280587,85.26748160772453
20.84,94.5237871676383,91.06336584730414
20.85,98.1870972169257,94.72667589659153
20.86,97.37875879680891,93.91833747647475
20.87,100.1878839738,96.72746265346584
20.88,98.7661206085414,95.30569928820724
20.89,97.90045223159049,94.44003091125633
20.9,98.5425372360688,95.08211591573463
20.91,96.0888598770733,92.62843855673914
20.92,87.94251152691619,84.48209020658203
20.93,88.61324716908729,85.15282584875312
20.94,86.92207790008631,83.46165657975214
20.95,91.9669394151608,88.50651809482663
20.96,62.9883709492634,59.527949628929235
20.97,82.4161440724025,78.95572275206834
20.98,88.1259604984823,84.66553917814814
20.99,94.75310153180979,91.29268021147563
21.0,102.658781114646,99.19835979431184
21.01,102.13708251701,98.67666119667584
21.02,100.119088875464,96.65866755512984
21.03,96.656414975431,93.19599365509684
21.04,95.6130313714969,92.15261005116274
21.05,95.3837165972015,91.92329527686734
21.06,89.748340387415,86.28791906708084
21.07,86.76156044804999,83.30113912771583
21.08,81.9632599289404,78.50283860860624
21.09,76.093002796112,72.63258147577784
21.1,73.9776640325992,70.51724271226503
21.11,67.3794720146458,63.919050694311636
21.12,64.0144862758919,60.554064955557735
21.13,60.2482524850665,56.78783116473234
21.14,58.7807477623641,55.32032644202994
21.15,58.167377975116196,54.70695665478203
21.16,54.4585137828954,50.99809246256123
21.17,55.0030901952955,51.542668874961336
21.18,54.7050061878875,51.24458486755333
21.19,54.968695877316804,51.50827455698264
21.2,56.619625915672096,53.159204595337926
21.21,57.0094296686509,53.54900834831673
21.22,51.9821319821644,48.52171066183023
21.23,57.2616557948649,53.80123447453073
21.24,58.8036774892098,55.34325616887563
21.25,65.6711798889894,62.21075856865524
21.26,68.5890382302479,65.12861690991373
21.27,72.7738168590806,69.31339553874643
21.28,74.3445513895306,70.88413006919643
21.29,76.3395062926955,72.87908497236134
21.3,78.4089941203316,74.94857279999744
21.31,72.5387803816563,69.07835906132213
21.32,73.2324249507188,69.77200363038463
21.33,72.229220318413,68.76879899807884
21.34,73.51332262286509,70.05290130253093
21.35,79.3032907855223,75.84286946518813
21.36,77.4516399183477,73.99121859801353
21.37,75.5426698644213,72.08224854408714
21.38,75.9496868678238,72.48926554748964
21.39,78.2312815195934,74.77086019925923
21.4,79.7447070603257,76.28428573999153
21.41,79.6415188039476,76.18109748361344
21.42,85.5691467677009,82.10872544736674
21.43,88.5845832336165,85.12416191328234
21.44,93.291224333964,89.83080301362983
21.45,98.42214623241621,94.96172491208205
21.46,97.0863814050472,93.62596008471304
21.47,101.191146942985,97.73072562265084
21.48,98.5310714248984,95.07065010456424
21.49,97.0921142933729,93.63169297303874
21.5,99.9986974770625,96.53827615672834
21.51,96.1003256300057,92.63990430967154
21.52,99.0699648454736,95.60954352513944
21.53,104.172283546099,100.71186222576483
21.54,107.93312839683699,104.47270707650283
21.55,111.946257478447,108.48583615811283
21.56,112.840616523574,109.38019520323984
21.57,115.426240812044,111.96581949170984
21.58,116.95124968271101,113.49082836237685
21.59,115.73582868773799,112.27540736740383
21.6,116.93405030757799,113.47362898724383
21.61,114.480279093598,111.01985777326384
21.62,118.665457157281,115.20503583694683
21.63,119.640092894708,116.17967157437384
21.64,118.53932797092999,115.07890665059583
21.65,121.033252114321,117.57283079398684
21.66,116.94551655759801,113.48509523726385
21.67,115.420507705115,111.96008638478084
21.68,112.473699790995,109.01327847066084
21.69,114.348417910938,110.88799659060383
21.7,117.01431406346201,113.55389274312785
21.71,117.209240383531,113.74881906319683
21.72,118.481996533526,115.02157521319184
21.73,119.571295013144,116.11087369280983
21.74,120.84979058713,117.38936926679584
21.75,127.03592257065299,123.57550125031882
21.76,128.53803520952,125.07761388918583
21.77,129.174427857194,125.71400653685983
21.78,127.047389061573,123.58696774123884
21.79,123.65331968779199,120.19289836745783
21.8,121.451773985214,117.99135266487984
21.81,113.454056061226,109.99363474089184
21.82,113.614582424574,110.15416110423983
21.83,111.888926827162,108.42850550682783
21.84,110.530192392517,107.06977107218283
21.85,111.55640918451499,108.09598786418083
21.86,106.809458256271,103.34903693593684
21.87,103.80537342827,100.34495210793584
21.88,102.14854841417099,98.68812709383683
21.89,99.9585670176273,96.49814569729314
21.9,98.69159280616519,95.23117148583103
21.91,104.900371640222,101.43995031988784
21.92,82.582392789066,79.12197146873184
21.93,115.305845580884,111.84542426054983
21.94,142.062993552582,138.6025722322478
21.95,184.159639400574,180.69921808023983
21.96,229.442589272165,225.98216795183083
21.97,266.30515281060804,262.8447314902739
21.98,287.34698361895903,283.8865622986249
21.99,287.478892248782,284.01847092844787
22.0,268.094446842178,264.63402552184385
22.01,231.08838397688498,227.6279626565508
22.02,189.257127104808,185.79670578447383
22.03,152.13672604353502,148.67630472320084
22.04,124.971958659465,121.51153733913084
22.05,111.487612459574,108.02719113923983
22.06,103.031423316663,99.57100199632883
22.07,108.431901188492,104.97147986815784
22.08,126.325000667658,122.86457934732384
22.09,149.91211585111301,146.45169453077884
22.1,168.598014602824,165.13759328248983
22.11,201.310119494405,197.84969817407082
22.12,224.958257369943,221.49783604960882
22.13,241.02061653395,237.56019521361583
22.14,245.16101886275803,241.70059754242385
22.15,239.042182024592,235.58176070425782
22.16,216.64916466827398,213.1887433479398
22.17,187.691751115802,184.23132979546781
22.18,162.818438437833,159.35801711749883
22.19,143.530752482492,140.07033116215783
22.2,135.93973510106298,132.4793137807288
22.21,133.136134362988,129.67571304265383
22.22,141.976992191733,138.5165708713988
22.23,155.639934608454,152.17951328811984
22.24,177.015220017983,173.55479869764883
22.25,201.814723290655,198.35430197032082
22.26,217.92791837970398,214.4674970593698
22.27,232.39011409161398,228.9296927712798
22.28,233.634502561662,230.17408124132783
22.29,227.315106903018,223.85468558268383
22.3,218.380930599909,214.92050927957482
22.31,199.595617369995,196.13519604966083
22.32,182.267447368342,178.80702604800783
22.33,165.415798893674,161.95537757333983
22.34,153.140097410577,149.67967609024282
22.35,151.144823835788,147.68440251545383
22.36,151.78124640435502,148.32082508402084
22.37,158.564072593533,155.10365127319884
22.38,171.052062000532,167.59164068019783
22.39,183.55184357243903,180.09142225210485
22.4,198.156357764494,194.69593644415983
22.41,207.468615666706,204.00819434637182
22.42,212.33697991117,208.87655859083583
22.43,209.355172640265,205.89475131993083
22.44,203.758599681899,200.29817836156482
22.45,198.660958251328,195.20053693099382
22.46,185.66193049831898,182.2015091779848
22.47,176.029000319035,172.56857899870081
22.48,167.78955780554298,164.3291364852088
22.49,164.813760452826,161.3533391324918
22.5,168.71842317829,165.25800185795583
22.51,169.779166693515,166.31874537318083
22.52,176.14941075527102,172.68898943493684
22.53,182.605747821439,179.14532650110482
22.54,187.875238147567,184.4148168272328
22.55,196.38452615806898,192.9241048377348
22.56,199.882322985223,196.42190166488882
22.57,198.420126134742,194.95970481440781
22.58,194.016360127613,190.55593880727884
22.59,188.10459703573198,184.6441757153978
22.6,183.48877046445998,180.0283491441258
22.61,173.18502925800001,169.72460793766584
22.62,171.854790503223,168.39436918288882
22.63,171.218341366048,167.75792004571383
22.64,173.064619564067,169.6041982437328
22.65,178.047312566611,174.58689124627682
22.66,183.505972220361,180.04555090002683
22.67,189.497954632334,186.03753331199982
22.68,193.293871118103,189.83344979776882
22.69,196.000343467126,192.5399221467918
22.7,198.425860231355,194.9654389110208
22.71,196.866188472888,193.40576715255384
22.72,193.5519027826,190.09148146226582
22.73,186.544958753538,183.08453743320382
22.74,181.963550554084,178.50312923374983
22.75,178.14478808847,174.68436676813582
22.76,174.538206939421,171.07778561908682
22.77,173.735473957093,170.27505263675883
22.78,174.687286069398,171.22686474906382
22.79,178.00144173963199,174.5410204192978
22.8,183.88441100586599,180.4239896855318
22.81,189.446348723425,185.9859274030908
22.82,192.967031208506,189.50660988817182
22.83,192.972765240093,189.51234391975882
22.84,195.667767654172,192.20734633383782
22.85,195.793917073388,192.33349575305382
22.86,193.34547743992601,189.88505611959184
22.87,187.301841405771,183.84142008543682
22.88,183.14473547566698,179.6843141553328
22.89,178.32827147733602,174.86785015700184
22.9,178.712440049531,175.25201872919683
22.91,177.29044448101598,173.8300231606818
22.92,179.67572975932,176.21530843898583
22.93,179.899350860791,176.43892954045683
22.94,183.265147693746,179.80472637341182
22.95,187.915375945098,184.45495462476381
22.96,191.579397574824,188.1189762544898
22.97,193.236530767018,189.77610944668382
22.98,190.988794391863,187.52837307152882
22.99,189.34313692222202,185.88271560188784
23.0,186.694041605971,183.23362028563682
23.01,185.025463086197,181.56504176586282
23.02,180.47847265824598,177.0180513379118
23.03,177.674612224068,174.21419090373382
23.04,177.39938754115198,173.9389662208178
23.05,177.577136797519,174.1167154771848
23.06,179.744536241004,176.28411492066982
23.07,183.19634070829397,179.7359193879598
23.08,185.386701243751,181.9262799234168
23.09,188.408497731057,184.94807641072282
23.1,191.212420754449,187.75199943411482
23.11,190.535807976087,187.07538665575282
23.12,191.126410602686,187.66598928235183
23.13,189.14818135817,185.68776003783583
23.14,186.25252713878498,182.7921058184508
23.15,186.258261090306,182.79783976997183
23.16,183.90161277592,180.44119145558582
23.17,181.235345761792,177.7749244414578
23.18,180.266319047532,176.80589772719782
23.19,179.950955745129,176.49053442479482
23.2,183.17340504866502,179.71298372833084
23.21,185.237618796635,181.7771974763008
23.22,187.41078673409902,183.95036541376484
23.23,187.869504176764,184.40908285642982
23.24,190.300713928506,186.84029260817184
23.25,190.713562088369,187.25314076803483
23.26,188.827078248504,185.36665692816982
23.27,187.777760653224,184.31733933288982
23.28,182.78923291249902,179.32881159216484
23.29,182.79496682272298,179.3345455023888
23.3,181.866074258117,178.40565293778283
23.31,180.88557849769902,177.42515717736484
23.32,181.109200161804,177.64877884146983
23.33,180.180310853638,176.7198895333038
23.34,181.61378276031002,178.15336143997584
23.35,183.993355559935,180.53293423960082
23.36,186.814454712833,183.35403339249882
23.37,188.19060664699703,184.73018532666285
23.38,186.71124347653398,183.2508221561998
23.39,185.971563598009,182.51114227767482
23.4,187.158492327156,183.69807100682183
23.41,185.965829649906,182.50540832957182
23.42,184.182575107244,180.72215378690981
23.43,181.992220056658,178.53179873632382
23.44,183.259413777915,179.79899245758082
23.45,183.54037573400902,180.07995441367484
23.46,184.159639400574,180.69921808023983
23.47,185.48417825339402,182.02375693305984
23.48,185.036930960044,181.57650963970983
23.49,186.120646272671,182.66022495233682
23.5,187.513998120546,184.05357680021183
23.51,187.51973208710902,184.05931076677484
23.52,188.712398618445,185.25197729811083
23.53,186.579362484612,183.11894116427783
23.54,184.36606079998498,180.9056394796508
23.55,185.352297598007,181.89187627767282
23.56,184.813307469362,181.35288614902782
23.57,184.062162659432,180.60174133909783
23.58,182.336254220878,178.87583290054383
23.59,183.62065060876,180.16022928842582
23.6,184.979591593545,181.51917027321082
23.61,185.249086675542,181.78866535520783
23.62,187.376382943539,183.91596162320482
23.63,185.00252733932402,181.54210601898984
23.64,186.596564351073,183.13614303073882
23.65,187.07821686179798,183.6177955414638
23.66,185.78234334672902,182.32192202639484
23.67,186.137848122722,182.67742680238783
23.68,184.58395015105202,181.12352883071785
23.69,182.94978242461,179.48936110427582
23.7,182.141301497599,178.6808801772648
23.71,183.815603931803,180.35518261146882
23.72,183.511706139132,180.05128481879782
23.73,182.382125461371,178.92170414103683
23.74,184.526610838567,181.06618951823282
23.75,185.507114023241,182.04669270290682
23.76,186.315600609278,182.85517928894382
23.77,187.376382943539,183.91596162320482
23.78,186.137848122722,182.67742680238783
23.79,185.16881152894,181.70839020860583
23.8,186.923399930737,183.4629786104028
23.81,184.59541801436902,181.13499669403484
23.82,184.51514297689098,181.0547216565568
23.83,182.066760771351,178.60633945101682
23.84,184.475005463177,181.01458414284284
23.85,185.300692134005,181.84027081367083
23.86,184.933720105268,181.47329878493383
23.87,186.13211417263602,182.67169285230185
23.88,185.16307759040998,181.7026562700758
23.89,185.231884857284,181.77146353694982
23.9,186.630968085839,183.1705467655048
23.91,186.963537648818,183.50311632848383
23.92,187.45665845867399,183.9962371383398
23.93,184.354592942138,180.89417162180382
23.94,184.819041403722,181.35862008338782
23.95,184.82477533815,181.36435401781583
23.96,183.913080622965,180.45265930263082
23.97,184.475005463177,181.01458414284284
23.98,184.03349303344498,180.5730717131108
23.99,184.113767990517,180.65334667018283
24.0,185.294958193902,181.83453687356783
24.01,185.340829716639,181.88040839630483
24.02,186.149316023097,182.6888947027628
24.03,186.952069729025,183.49164840869082
24.04,186.682573692605,183.2221523722708
24.05,187.376382943539,183.91596162320482
24.06,185.375233361563,181.91481204122883
24.07,185.696334166217,182.23591284588284
24.08,183.219276369017,179.75885504868282
24.09,182.800700733015,179.34027941268081
24.1,185.11720608463,181.65678476429582
24.11,184.991059466298,181.53063814596382
24.12,185.363765479648,181.90334415931383
24.13,185.128673960664,181.66825264032983
24.14,184.274317944863,180.8138966245288
24.15,186.79151888063,183.33109756029583
24.16,185.71926994618298,182.2588486258488
24.17,185.713536001089,182.25311468075483
24.18,185.157343651948,181.69692233161382
24.19,184.70436272952398,181.2439414091898
24.2,187.588539691202,184.1281183708678
24.21,185.558719509395,182.0982981890608
24.22,184.968123721066,181.50770240073183
24.23,181.275483005092,177.81506168475784
24.24,183.936016317874,180.47559499753982
24.25,185.69060022139598,182.2301789010618
24.26,184.085098361453,180.62467704111882
24.27,184.830509272646,181.37008795231182
24.28,184.945187976927,181.48476665659283
24.29,185.736471781875,182.27605046154082
24.3,185.214683039643,181.75426171930883
24.31,186.218123431095,182.75770211076082
24.32,186.040370980571,182.57994966023682
24.33,183.88441100586599,180.4239896855318
24.34,184.58395015105202,181.12352883071785
24.35,186.694041605971,183.23362028563682
24.36,183.505972220361,180.04555090002683
24.37,185.3236278951,181.86320657476583
24.38,184.475005463177,181.01458414284284
24.39,184.784637798591,181.32421647825683
24.4,184.46353760273098,181.0031162823968
24.41,185.93715991042,182.47673859008583
24.42,186.137848122722,182.67742680238783
24.43,187.210097990535,183.7496766702008
24.44,184.119501916534,180.65908059619983
24.45,185.730737836576,182.27031651624182
24.46,185.16307759040998,181.7026562700758
24.47,184.893582556616,181.43316123628182
24.48,184.59541801436902,181.13499669403484
24.49,183.786934320516,180.32651300018182
24.5,186.350004323943,182.88958300360883
24.51,184.847711076544,181.3872897562098
24.52,185.048398834164,181.58797751382983
24.53,184.354592942138,180.89417162180382
24.54,185.68486627664402,182.22444495630984
24.55,185.644728665294,182.18430734495982
24.56,185.616058944952,182.1556376246178
24.57,185.85115070221602,182.39072938188184
24.58,183.655054130612,180.19463281027782
24.59,182.749095542847,179.2886742225128
24.6,185.312160014416,181.85173869408183
24.61,186.12638022261999,182.6659589022858
24.62,185.16307759040998,181.7026562700758
24.63,183.809870009409,180.34944868907482
24.64,185.054132771327,181.59371145099283
24.65,184.268584016999,180.80816269666482
24.66,184.77316993076101,181.31274861042684
24.67,186.50482107039502,183.04439975006085
24.68,185.925692015104,182.46527069476983
24.69,185.272022434175,181.81160111384082
24.7,188.431433640386,184.9710123200518
24.71,186.005967288059,182.54554596772482
24.72,185.128673960664,181.66825264032983
24.73,184.062162659432,180.60174133909783
24.74,186.063306776946,182.60288545661183
24.75,186.630968085839,183.1705467655048
24.76,185.191747283744,181.73132596340983
24.77,185.736471781875,182.27605046154082
24.78,184.222712596549,180.76229127621482
24.79,184.53807870051702,181.07765738018284
24.8,185.74220572724198,182.2817844069078
24.81,185.730737836576,182.27031651624182
24.82,185.908490172642,182.4480688523078
24.83,184.49220725435802,181.03178593402384
24.84,184.996793402777,181.53637208244282
24.85,184.84197714184302,181.38155582150884
24.86,184.927986169542,181.46756484920783
24.87,185.501380080677,182.04095876034282
24.88,184.446335812576,180.98591449224182
24.89,185.151609713554,181.69118839321982
24.9,185.392435184948,181.93201386461382
24.91,185.208949100566,181.74852778023183
24.92,185.99449939110198,182.5340780707678
24.93,184.497941184889,181.0375198645548
24.94,184.813307469362,181.35288614902782
24.95,187.043813095032,183.58339177469782
24.96,185.151609713554,181.69118839321982
24.97,186.063306776946,182.60288545661183
24.98,183.276615525612,179.8161942052778
24.99,184.04496088363499,180.5845395633008
25.0,184.43486795281402,180.97444663247984
25.01,185.226150918002,181.76572959766781
25.02,184.750234195921,181.28981287558682
25.03,183.815603931803,180.35518261146882
25.04,183.89014492914902,180.42972360881484
25.05,184.532344769508,181.07192344917382
25.06,184.159639400574,180.69921808023983
25.07,185.105738208868,181.6453168885338
25.08,185.489912195753,182.02949087541882
25.09,185.811013076986,182.35059175665182
25.1,185.363765479648,181.90334415931383
25.11,184.578216219495,181.11779489916083
25.12,185.833948862421,182.37352754208683
25.13,185.208949100566,181.74852778023183
25.14,184.039226958506,180.57880563817181
25.15,183.494504383026,180.03408306269182
25.16,184.325923298715,180.86550197838082
25.17,186.286930848938,182.82650952860382
25.18,183.161937219261,179.70151589892683
25.19,183.8442735448,180.3838522244658
25.2,186.367206182198,182.90678486186383
25.21,184.86491288105898,181.4044915607248
25.22,186.160783923746,182.70036260341183
25.23,185.111472146715,181.6510508263808
25.24,185.00252733932402,181.54210601898984
25.25,186.50482107039502,183.04439975006085
25.26,185.140141836973,181.6797205166388
25.27,186.27546294528,182.81504162494582
25.28,185.66766444279799,182.2072431224638
25.29,184.050694808832,180.59027348849781
25.3,183.741062946012,180.28064162567782
25.31,184.882114686188,181.42169336585383
25.32,187.244501769197,183.78408044886282
25.33,185.077068520662,181.61664720032783
25.34,185.272022434175,181.81160111384082
25.35,185.868352542626,182.40793122229184
25.36,185.300692134005,181.84027081367083
25.37,186.470417344654,183.00999602431983
25.38,185.524315851344,182.06389453100982
25.39,184.687160930754,181.22673961041983
25.4,184.050694808832,180.59027348849781
25.41,185.696334166217,182.23591284588284
25.42,185.140141836973,181.6797205166388
25.43,185.300692134005,181.84027081367083
25.44,184.698628796532,181.23820747619783
25.45,186.04610492956198,182.5856836092278
25.46,183.649320210133,180.18889888979882
25.47,185.564453452643,182.10403213230882
25.48,183.936016317874,180.47559499753982
25.49,184.950921912859,181.49050059252482
25.5,185.59312316990898,182.1327018495748
25.51,184.893582556616,181.43316123628182
25.52,184.79037173260798,181.3299504122738
25.53,185.071334583225,181.61091326289082
25.54,184.43486795281402,180.97444663247984
25.55,185.988765442726,182.52834412239181
25.56,185.776609400883,182.3161880805488
25.57,187.061014978107,183.60059365777283
25.58,185.914224120061,182.45380279972682
25.59,184.893582556616,181.43316123628182
25.6,185.26055455472098,181.8001332343868
25.61,185.272022434175,181.81160111384082
25.62,186.01743518529,182.55701386495582
25.63,184.647023402682,181.18660208234783
25.64,185.140141836973,181.6797205166388
25.65,186.413077807221,182.9526564868868
25.66,185.501380080677,182.04095876034282
25.67,185.495646138181,182.03522481784682
25.68,185.43257277523898,181.9721514549048
25.69,185.013995212624,181.55357389228982
25.7,184.796105666694,181.3356843463598
25.71,184.578216219495,181.11779489916083
25.72,185.799545184678,182.33912386434383
25.73,184.882114686188,181.42169336585383
25.74,184.945187976927,181.48476665659283
25.75,186.269728993554,182.80930767321982
25.76,184.14243762129,180.6820163009558
25.77,186.09771047356102,182.63728915322685
25.78,184.29725365700298,180.8368323366688
25.79,184.354592942138,180.89417162180382
25.8,186.751381176907,183.2909598565728
25.81,185.312160014416,181.85173869408183
25.82,185.145875775229,181.68545445489482
25.83,185.971563598009,182.51114227767482
25.84,184.04496088363499,180.5845395633008
25.85,183.827071776797,180.36665045646282
25.86,185.68486627664402,182.22444495630984
25.87,186.091976523954,182.63155520361983
25.88,184.343125084564,180.88270376422983
25.89,184.76170206320398,181.3012807428698
25.9,186.01170123664,182.55127991630582
25.91,185.254820615097,181.79439929476283
25.92,185.363765479648,181.90334415931383
25.93,184.56101442523698,181.1005931049028
25.94,184.22844652386598,180.7680252035318
25.95,184.927986169542,181.46756484920783
25.96,183.90161277592,180.44119145558582
25.97,185.713536001089,182.25311468075483
25.98,186.430279667733,182.96985834739883
25.99,183.97041986229,180.5099985419558
26.0,184.927986169542,181.46756484920783
26.01,184.859178946152,181.39875762581784
26.02,186.200921578172,182.74050025783782
26.03,185.43830671698302,181.97788539664884
26.04,183.99908948451701,180.53866816418284
26.05,185.3236278951,181.86320657476583
26.06,184.486473323896,181.02605200356183
26.07,185.415370950419,181.95494963008483
26.08,185.19748122261598,181.7370599022818
26.09,184.51514297689098,181.0547216565568
26.1,185.358031538793,181.89761021845882
26.11,186.327068513893,182.86664719355883
26.12,184.509409046155,181.04898772582084
26.13,186.413077807221,182.9526564868868
26.14,185.04266489707,181.58224357673583
26.15,185.403903067546,181.94348174721182
26.16,184.039226958506,180.57880563817181
26.17,186.02890308279402,182.56848176245984
26.18,186.539224798598,183.07880347826384
26.19,185.575921339344,182.11550001900983
26.2,184.383262587269,180.92284126693482
26.21,183.815603931803,180.35518261146882
26.22,185.822480969567,182.36205964923283
26.23,186.539224798598,183.07880347826384
26.24,185.20321516155698,181.7427938412228
26.25,185.59312316990898,182.1327018495748
26.26,185.66766444279799,182.2072431224638
26.27,186.476151298773,183.01572997843883
26.28,185.885554383651,182.42513306331682
26.29,185.753673618183,182.29325229784882
26.3,185.44404065879502,181.98361933846084
26.31,184.74450026238202,181.28407894204784
26.32,185.97729754617902,182.51687622584484
26.33,185.08280245816601,181.62238113783184
26.34,185.44404065879502,181.98361933846084
26.35,185.86261859575401,182.40219727541984
26.36,185.08280245816601,181.62238113783184
26.37,184.939454041064,181.47903272072983
26.38,185.93715991042,182.47673859008583
26.39,184.251382233817,180.79096091348282
26.4,185.180279406205,181.7198580858708
26.41,184.853445011314,181.39302369097982
26.42,185.426838833564,181.96641751322983
26.43,185.524315851344,182.06389453100982
26.44,184.60688587796,181.14646455762582
26.45,184.497941184889,181.0375198645548
26.46,184.291519728865,180.83109840853083
26.47,186.263995041896,182.80357372156183
26.48,185.403903067546,181.94348174721182
26.49,184.085098361453,180.62467704111882
26.5,183.71239333917,180.25197201883583
26.51,184.343125084564,180.88270376422983
26.52,185.495646138181,182.03522481784682
26.53,186.350004323943,182.88958300360883
26.54,185.04266489707,181.58224357673583
26.55,185.04266489707,181.58224357673583
26.56,183.861475313418,180.40105399308382
26.57,185.04266489707,181.58224357673583
26.58,185.845416755549,182.38499543521482
26.59,184.102300138686,180.6418788183518
26.6,183.855741390477,180.39532007014282
26.61,184.63555553813399,181.1751342177998
26.62,186.12638022261999,182.6659589022858
26.63,187.250235732547,183.78981441221282
26.64,185.604591057293,182.14416973695882
26.65,183.683723734036,180.22330241370182
26.66,185.30642607417602,181.84600475384184
26.67,187.29610744180602,183.83568612147184
26.68,185.983031494419,182.52261017408483
26.69,185.254820615097,181.79439929476283
26.7,186.34427037132798,182.8838490509938
26.71,184.77890386464202,181.31848254430784
26.72,185.59312316990898,182.1327018495748
26.73,185.426838833564,181.96641751322983
26.74,185.237618796635,181.7771974763008
26.75,184.429134023035,180.96871270270083
26.76,185.08280245816601,181.62238113783184
26.77,185.335095776057,181.8746744557228
26.78,185.495646138181,182.03522481784682
26.79,183.603448848756,180.1430275284218
26.8,184.096566212873,180.63614489253882
26.81,184.77890386464202,181.31848254430784
26.82,185.656196553909,182.19577523357484
26.83,185.530049794181,182.06962847384682
26.84,184.698628796532,181.23820747619783
26.85,184.543812631595,181.0833913112608
26.86,184.847711076544,181.3872897562098
26.87,184.950921912859,181.49050059252482
26.88,186.160783923746,182.70036260341183
26.89,184.76170206320398,181.3012807428698
26.9,184.354592942138,180.89417162180382
26.91,185.57018739596,182.10976607562583
26.92,184.916518298293,181.45609697795882
26.93,186.493353161541,183.03293184120682
26.94,183.861475313418,180.40105399308382
26.95,184.876380751076,181.41595943074182
26.96,185.06560064585798,181.6051793255238
26.97,186.585096440031,183.12467511969683
26.98,186.745647219505,183.28522589917083
26.99,184.22844652386598,180.7680252035318
27.0,184.738766328912,181.27834500857782
27.01,184.532344769508,181.07192344917382
27.02,185.89128833079698,182.4308670104628
27.03,185.495646138181,182.03522481784682
27.04,184.58395015105202,181.12352883071785
27.05,184.979591593545,181.51917027321082
27.06,184.945187976927,181.48476665659283
27.07,184.98532552988698,181.5249042095528
27.08,186.189453676566,182.7290323562318
27.09,184.486473323896,181.02605200356183
27.1,185.730737836576,182.27031651624182
27.11,184.62408767385898,181.1636663535248
27.12,186.235325284632,182.77490396429783
27.13,186.780050964938,183.31962964460382
27.14,184.738766328912,181.27834500857782
27.15,184.63555553813399,181.1751342177998
27.16,184.629821605962,181.16940028562783
27.17,186.005967288059,182.54554596772482
27.18,186.625234129874,183.16481280953982
27.19,184.73303239550998,181.2726110751758
27.2,184.859178946152,181.39875762581784
27.21,185.85115070221602,182.39072938188184
27.22,185.62179288888302,182.16137156854884
27.23,187.061014978107,183.60059365777283
27.24,183.97615378659899,180.5157324662648
27.25,185.43830671698302,181.97788539664884
27.26,185.925692015104,182.46527069476983
27.27,185.633260776952,182.17283945661782
27.28,186.023169134007,182.56274781367281
27.29,183.913080622965,180.45265930263082
27.3,185.793811238627,182.33338991829282
27.31,185.799545184678,182.33912386434383
27.32,184.98532552988698,181.5249042095528
27.33,184.807573535071,181.3471522147368
27.34,183.821337854266,180.36091653393183
27.35,184.979591593545,181.51917027321082
27.36,185.75940756375502,182.29898624342084
27.37,185.914224120061,182.45380279972682
27.38,185.54725162310498,182.0868303027708
27.39,184.77890386464202,181.31848254430784
27.4,185.89702227801,182.43660095767584
27.41,185.249086675542,181.78866535520783
27.42,186.166517874174,182.7060965538398
27.43,185.19748122261598,181.7370599022818
27.44,185.05986670855802,181.59944538822384
27.45,185.925692015104,182.46527069476983
27.46,185.71926994618298,182.2588486258488
27.47,186.269728993554,182.80930767321982
27.48,185.89702227801,182.43660095767584
27.49,184.664225200017,181.20380387968282
27.5,185.380967302623,181.92054598228881
27.51,184.96238978492798,181.5019684645938
27.52,184.457803672611,180.99738235227682
27.53,185.67913233195998,182.2187110116258
27.54,185.340829716639,181.88040839630483
27.55,185.638994721088,182.17857340075383
27.56,184.578216219495,181.11779489916083
27.57,187.542667954046,184.08224663371183
27.58,186.269728993554,182.80930767321982
27.59,184.56101442523698,181.1005931049028
27.6,185.10000427109,181.63958295075582
27.61,183.689457654926,180.22903633459183
27.62,185.43830671698302,181.97788539664884
27.63,186.688307649254,183.22788632891982
27.64,184.262850089203,180.80242876886882
27.65,184.51514297689098,181.0547216565568
27.66,185.272022434175,181.81160111384082
27.67,185.51284796587302,182.05242664553884
27.68,185.11720608463,181.65678476429582
27.69,183.586247089368,180.1258257690338
27.7,185.20321516155698,181.7427938412228
27.71,185.277756374004,181.81733505366984
27.72,185.346563657288,181.8861423369538
27.73,186.671105779511,183.21068445917683
27.74,185.455508542625,181.99508722229083
27.75,185.363765479648,181.90334415931383
27.76,184.073630510306,180.61320918997183
27.77,188.01858743985,184.55816611951582
27.78,184.796105666694,181.3356843463598
27.79,184.681426997967,181.22100567763283
27.8,184.98532552988698,181.5249042095528
27.81,183.97615378659899,180.5157324662648
27.82,184.916518298293,181.45609697795882
27.83,185.78234334672902,182.32192202639484
27.84,186.080508624946,182.62008730461181
27.85,185.335095776057,181.8746744557228
27.86,184.18830903408198,180.7278877137478
27.87,185.294958193902,181.83453687356783
27.88,186.177985775233,182.71756445489882
27.89,183.907346699408,180.44692537907383
27.9,184.991059466298,181.53063814596382
27.91,184.882114686188,181.42169336585383
27.92,187.439456561445,183.97903524111084
27.93,186.499087115934,183.03866579559983
27.94,184.15390547407802,180.69348415374384
27.95,185.85115070221602,182.39072938188184
27.96,184.62408767385898,181.1636663535248
27.97,187.238767805916,183.77834648558184
27.98,186.223857382205,182.76343606187083
27.99,187.640145400733,184.1797240803988
28.0,185.031197023086,181.57077570275183
28.01,185.013995212624,181.55357389228982
28.02,185.69060022139598,182.2301789010618
28.03,186.223857382205,182.76343606187083
28.04,186.051838878622,182.59141755828782
28.05,185.495646138181,182.03522481784682
28.06,186.34427037132798,182.8838490509938
28.07,185.455508542625,181.99508722229083
28.08,185.51284796587302,182.05242664553884
28.09,184.291519728865,180.83109840853083
28.1,184.74450026238202,181.28407894204784
28.11,184.06789658483498,180.6074752645008
28.12,186.82592262934398,183.3655013090098
28.13,184.86491288105898,181.4044915607248
28.14,184.641289470373,181.18086815003883
28.15,185.604591057293,182.14416973695882
28.16,185.08280245816601,181.62238113783184
28.17,185.26055455472098,181.8001332343868
28.18,184.280051872795,180.81963055246084
28.19,184.194042960989,180.73362164065483
28.2,185.702068111106,182.24164679077182
28.21,184.933720105268,181.47329878493383
28.22,185.702068111106,182.24164679077182
28.23,186.682573692605,183.2221523722708
28.24,183.97041986229,180.5099985419558
28.25,185.191747283744,181.73132596340983
28.26,184.910784362771,181.45036304243683
28.27,186.90619805258498,183.4457767322508
28.28,187.12408855464702,183.66366723431284
28.29,183.528907895853,180.06848657551882
28.3,185.358031538793,181.89761021845882
28.31,184.108034064567,180.64761274423282
28.32,185.57018739596,182.10976607562583
28.33,185.249086675542,181.78866535520783
28.34,186.682573692605,183.2221523722708
28.35,184.62408767385898,181.1636663535248
28.36,184.612619809858,181.1521984895238
28.37,185.74220572724198,182.2817844069078
28.38,185.524315851344,182.06389453100982
28.39,183.483036545963,180.0226152256288
28.4,185.59312316990898,182.1327018495748
28.41,184.039226958506,180.57880563817181
28.42,186.200921578172,182.74050025783782
28.43,185.793811238627,182.33338991829282
28.44,183.718127260402,180.25770594006784
28.45,184.95665584886,181.49623452852583
28.46,185.455508542625,181.99508722229083
28.47,186.671105779511,183.21068445917683
28.48,186.09771047356102,182.63728915322685
28.49,185.86261859575401,182.40219727541984
28.5,184.503675115488,181.04325379515382
28.51,184.669959132598,181.20953781226382
28.52,185.58165528279702,182.12123396246284
28.53,186.63670204187298,183.1762807215388
28.54,183.683723734036,180.22330241370182
28.55,185.088536395739,181.62811507540482
28.56,184.245648306227,180.78522698589282
28.57,185.919958067548,182.45953674721383
28.58,185.650462609567,182.19004128923282
28.59,184.096566212873,180.63614489253882
28.6,185.266288494414,181.80586717407982
28.61,185.386701243751,181.9262799234168
28.62,185.954361753906,182.49394043357182
28.63,185.696334166217,182.23591284588284
28.64,184.647023402682,181.18660208234783
28.65,185.19748122261598,181.7370599022818
28.66,184.46927153292,181.00885021258583
28.67,186.90046409333698,183.4400427730028
28.68,185.57018739596,182.10976607562583
28.69,184.784637798591,181.32421647825683
28.7,185.610325001088,182.14990368075382
28.71,185.122940022613,181.66251870227882
28.72,186.722711390584,183.26229007024983
28.73,186.418811760657,182.95839044032283
28.74,184.394730445801,180.93430912546683
28.75,184.819041403722,181.35862008338782
28.76,183.46010087266,179.99967955232583
28.77,186.814454712833,183.35403339249882
28.78,185.26055455472098,181.8001332343868
28.79,183.35689035633,179.89646903599584
28.8,185.48417825339402,182.02375693305984
28.81,184.085098361453,180.62467704111882
28.82,184.629821605962,181.16940028562783
28.83,185.174545467538,181.71412414720382
28.84,185.231884857284,181.77146353694982
28.85,185.988765442726,182.52834412239181
28.86,184.847711076544,181.3872897562098
28.87,185.249086675542,181.78866535520783
28.88,186.040370980571,182.57994966023682
28.89,184.130969768775,180.67054844844083
28.9,186.52775688892402,183.06733556858984
28.91,184.933720105268,181.47329878493383
28.92,185.237618796635,181.7771974763008
28.93,184.257116161476,180.79669484114183
28.94,183.953218089775,180.49279676944082
28.95,185.960095701872,182.49967438153783
28.96,184.33165722726298,180.8712359069288
28.97,185.518581908574,182.05816058823982
28.98,185.76514150939602,182.30472018906184
28.99,186.372940135087,182.91251881475281
29.0,186.11491232279099,182.6544910024568
29.01,185.283490313902,181.82306899356783
29.02,185.696334166217,182.23591284588284
29.03,185.06560064585798,181.6051793255238
29.04,186.172251824669,182.7118305043348
29.05,185.174545467538,181.71412414720382
29.06,186.12638022261999,182.6659589022858
29.07,185.10000427109,181.63958295075582
29.08,186.091976523954,182.63155520361983
29.09,185.558719509395,182.0982981890608
29.1,185.122940022613,181.66251870227882
29.11,185.283490313902,181.82306899356783
29.12,185.799545184678,182.33912386434383
29.13,186.040370980571,182.57994966023682
29.14,185.501380080677,182.04095876034282
29.15,186.13211417263602,182.67169285230185
29.16,184.348859013317,180.88843769298282
29.17,185.42110489195701,181.96068357162284
29.18,185.656196553909,182.19577523357484
29.19,186.372940135087,182.91251881475281
29.2,185.696334166217,182.23591284588284
29.21,185.472710368881,182.01228904854682
29.22,184.027759108453,180.56733778811883
29.23,185.914224120061,182.45380279972682
29.24,186.223857382205,182.76343606187083
29.25,185.363765479648,181.90334415931383
29.26,185.380967302623,181.92054598228881
29.27,185.879820436574,182.41939911623982
29.28,186.298398752869,182.8379774325348
29.29,183.61491668869002,180.15449536835584
29.3,185.54725162310498,182.0868303027708
29.31,185.231884857284,181.77146353694982
29.32,184.922252233883,181.46183091354882
29.33,186.218123431095,182.75770211076082
29.34,183.666521971777,180.20610065144282
29.35,184.830509272646,181.37008795231182
29.36,185.249086675542,181.78866535520783
29.37,185.69060022139598,182.2301789010618
29.38,185.220416978788,181.75999565845382
29.39,185.00252733932402,181.54210601898984
29.4,185.294958193902,181.83453687356783
29.41,184.578216219495,181.11779489916083
29.42,184.916518298293,181.45609697795882
29.43,185.983031494419,182.52261017408483
29.44,185.564453452643,182.10403213230882
29.45,185.094270333381,181.6338490130468
29.46,184.796105666694,181.3356843463598
29.47,184.750234195921,181.28981287558682
29.48,184.46927153292,181.00885021258583
29.49,183.913080622965,180.45265930263082
29.5,185.736471781875,182.27605046154082
29.51,183.97041986229,180.5099985419558
29.52,186.235325284632,182.77490396429783
29.53,186.023169134007,182.56274781367281
29.54,185.426838833564,181.96641751322983
29.55,185.48417825339402,182.02375693305984
29.56,185.220416978788,181.75999565845382
29.57,184.337391155879,180.87696983554483
29.58,185.868352542626,182.40793122229184
29.59,184.996793402777,181.53637208244282
29.6,185.644728665294,182.18430734495982
29.61,184.629821605962,181.16940028562783
29.62,183.689457654926,180.22903633459183
29.63,185.908490172642,182.4480688523078
29.64,185.226150918002,181.76572959766781
29.65,186.567894573981,183.10747325364682
29.66,185.019729149376,181.5593078290418
29.67,185.243352736054,181.78293141571982
29.68,186.61376621814802,183.15334489781384
29.69,186.091976523954,182.63155520361983
29.7,186.218123431095,182.75770211076082
29.71,183.913080622965,180.45265930263082
29.72,185.226150918002,181.76572959766781
29.73,185.799545184678,182.33912386434383
29.74,184.251382233817,180.79096091348282
29.75,185.627526832883,182.16710551254883
29.76,184.933720105268,181.47329878493383
29.77,184.46927153292,181.00885021258583
29.78,184.968123721066,181.50770240073183
29.79,186.533490843727,183.07306952339283
29.8,185.564453452643,182.10403213230882
29.81,185.48417825339402,182.02375693305984
29.82,183.48877046445998,180.0283491441258
29.83,186.01743518529,182.55701386495582
29.84,184.910784362771,181.45036304243683
29.85,186.005967288059,182.54554596772482
29.86,184.520876907695,181.06045558736082
29.87,185.048398834164,181.58797751382983
29.88,186.510555024925,183.05013370459082
29.89,184.830509272646,181.37008795231182
29.9,186.367206182198,182.90678486186383
29.91,184.406198304605,180.94577698427082
29.92,184.618353741824,181.15793242148982
29.93,186.149316023097,182.6888947027628
29.94,185.48417825339402,182.02375693305984
29.95,186.13211417263602,182.67169285230185
29.96,184.796105666694,181.3356843463598
29.97,184.555280493955,181.09485917362082
29.98,185.26055455472098,181.8001332343868
29.99,183.402761694186,179.94234037385183
30.0,186.33853641878102,182.87811509844684
30.01,185.736471781875,182.27605046154082
30.02,184.44060188266099,180.9801805623268
30.03,186.223857382205,182.76343606187083
30.04,185.919958067548,182.45953674721383
30.05,185.524315851344,182.06389453100982
30.06,184.813307469362,181.35288614902782
30.07,184.285785800796,180.82536448046181
30.08,186.137848122722,182.67742680238783
30.09,186.493353161541,183.03293184120682
30.1,185.231884857284,181.77146353694982
30.11,184.738766328912,181.27834500857782
30.12,185.30642607417602,181.84600475384184
30.13,184.905050427318,181.44462910698383
30.14,184.893582556616,181.43316123628182
30.15,185.77087545510602,182.31045413477185
30.16,184.905050427318,181.44462910698383
30.17,184.71583059571302,181.25540927537884
30.18,185.10000427109,181.63958295075582
30.19,185.707802056063,182.24738073572883
30.2,185.375233361563,181.91481204122883
30.21,184.60115194613,181.1407306257958
30.22,185.392435184948,181.93201386461382
30.23,184.022025183529,180.56160386319482
30.24,184.996793402777,181.53637208244282
30.25,185.83968280895098,182.3792614886168
30.26,185.495646138181,182.03522481784682
30.27,185.40963700894798,181.9492156886138
30.28,185.04266489707,181.58224357673583
30.29,185.140141836973,181.6797205166388
30.3,186.407343853854,182.94692253351982
30.31,184.022025183529,180.56160386319482
30.32,183.282349441647,179.82192812131282
30.33,184.383262587269,180.92284126693482
30.34,185.340829716639,181.88040839630483
30.35,185.914224120061,182.45380279972682
30.36,185.300692134005,181.84027081367083
30.37,183.397027776715,179.93660645638082
30.38,185.85115070221602,182.39072938188184
30.39,185.530049794181,182.06962847384682
30.4,185.673398387345,182.21297706701083
30.41,184.096566212873,180.63614489253882
30.42,184.813307469362,181.35288614902782
30.43,186.143582072875,182.68316075254083
30.44,186.005967288059,182.54554596772482
30.45,185.30642607417602,181.84600475384184
30.46,184.251382233817,180.79096091348282
30.47,184.882114686188,181.42169336585383
30.48,185.340829716639,181.88040839630483
30.49,185.277756374004,181.81733505366984
30.5,184.681426997967,181.22100567763283
30.51,183.72959510307,180.26917378273583
30.52,184.612619809858,181.1521984895238
30.53,186.263995041896,182.80357372156183
30.54,186.223857382205,182.76343606187083
30.55,186.155049973388,182.69462865305383
30.56,184.251382233817,180.79096091348282
30.57,185.105738208868,181.6453168885338
30.58,184.652757335058,181.19233601472382
30.59,186.487619207217,183.02719788688282
30.6,186.01743518529,182.55701386495582
30.61,185.174545467538,181.71412414720382
30.62,184.893582556616,181.43316123628182
30.63,186.155049973388,182.69462865305383
30.64,185.283490313902,181.82306899356783
30.65,186.378674088044,182.91825276770982
30.66,184.612619809858,181.1521984895238
30.67,185.105738208868,181.6453168885338
30.68,184.95665584886,181.49623452852583
30.69,184.371794729012,180.91137340867783
30.7,186.120646272671,182.66022495233682
30.71,185.048398834164,181.58797751382983
30.72,184.113767990517,180.65334667018283
30.73,186.72844534771198,183.2680240273778
30.74,186.051838878622,182.59141755828782
30.75,185.266288494414,181.80586717407982
30.76,185.914224120061,182.45380279972682
30.77,184.74450026238202,181.28407894204784
30.78,186.585096440031,183.12467511969683
30.79,185.10000427109,181.63958295075582
30.8,185.811013076986,182.35059175665182
30.81,184.016291258673,180.55586993833882
30.82,184.41193223411,180.95151091377582
30.83,185.111472146715,181.6510508263808
30.84,186.315600609278,182.85517928894382
30.85,185.530049794181,182.06962847384682
30.86,184.29725365700298,180.8368323366688
30.87,185.449774600676,181.98935328034182
30.88,187.708953022055,184.24853170172082
30.89,185.799545184678,182.33912386434383
30.9,185.122940022613,181.66251870227882
30.91,183.01858937478102,179.55816805444684
30.92,184.526610838567,181.06618951823282
30.93,185.013995212624,181.55357389228982
30.94,185.358031538793,181.89761021845882
30.95,185.530049794181,182.06962847384682
30.96,183.265147693746,179.80472637341182
30.97,185.237618796635,181.7771974763008
30.98,186.52775688892402,183.06733556858984
30.99,185.69060022139598,182.2301789010618
31.0,186.39587594732498,182.9354546269908
31.01,185.392435184948,181.93201386461382
31.02,184.979591593545,181.51917027321082
31.03,187.158492327156,183.69807100682183
31.04,185.30642607417602,181.84600475384184
31.05,185.988765442726,182.52834412239181
31.06,184.62408767385898,181.1636663535248
31.07,183.46583479088298,180.0054134705488
31.08,185.885554383651,182.42513306331682
31.09,184.664225200017,181.20380387968282
31.1,185.346563657288,181.8861423369538
31.11,186.413077807221,182.9526564868868
31.12,185.00252733932402,181.54210601898984
31.13,185.05986670855802,181.59944538822384
31.14,184.933720105268,181.47329878493383
31.15,185.524315851344,182.06389453100982
31.16,184.388996516501,180.92857519616683
31.17,185.340829716639,181.88040839630483
31.18,184.46353760273098,181.0031162823968
31.19,186.493353161541,183.03293184120682
31.2,187.158492327156,183.69807100682183
31.21,184.71009666258502,181.24967534225084
31.22,185.340829716639,181.88040839630483
31.23,184.681426997967,181.22100567763283
31.24,184.016291258673,180.55586993833882
31.25,185.713536001089,182.25311468075483
31.26,185.788077292644,182.32765597230983
31.27,184.738766328912,181.27834500857782
31.28,185.86261859575401,182.40219727541984
31.29,185.99449939110198,182.5340780707678
31.3,186.418811760657,182.95839044032283
31.31,185.535783737087,182.07536241675282
31.32,184.618353741824,181.15793242148982
31.33,184.130969768775,180.67054844844083
31.34,184.86491288105898,181.4044915607248
31.35,186.166517874174,182.7060965538398
31.36,183.821337854266,180.36091653393183
31.37,185.363765479648,181.90334415931383
31.38,185.06560064585798,181.6051793255238
31.39,184.62408767385898,181.1636663535248
31.4,186.562160618767,183.10173929843282
31.41,184.15390547407802,180.69348415374384
31.42,184.95665584886,181.49623452852583
31.43,186.952069729025,183.49164840869082
31.44,186.13211417263602,182.67169285230185
31.45,185.19748122261598,181.7370599022818
31.46,184.819041403722,181.35862008338782
31.47,183.655054130612,180.19463281027782
31.48,186.88899617504802,183.42857485471384
31.49,184.69289486360898,181.2324735432748
31.5,185.036930960044,181.57650963970983
31.51,184.63555553813399,181.1751342177998
31.52,184.18830903408198,180.7278877137478
31.53,185.40963700894798,181.9492156886138
31.54,185.707802056063,182.24738073572883
31.55,186.04610492956198,182.5856836092278
31.56,185.587389226319,182.12696790598483
31.57,185.048398834164,181.58797751382983
31.58,185.300692134005,181.84027081367083
31.59,185.025463086197,181.56504176586282
31.6,186.223857382205,182.76343606187083
31.61,184.262850089203,180.80242876886882
31.62,183.936016317874,180.47559499753982
31.63,185.231884857284,181.77146353694982
31.64,184.96238978492798,181.5019684645938
31.65,185.879820436574,182.41939911623982
31.66,184.905050427318,181.44462910698383
31.67,184.096566212873,180.63614489253882
31.68,185.283490313902,181.82306899356783
31.69,184.36606079998498,180.9056394796508
31.7,185.507114023241,182.04669270290682
31.71,185.39816912621302,181.93774780587884
31.72,184.251382233817,180.79096091348282
31.73,184.72729846217598,181.2668771418418
31.74,184.69289486360898,181.2324735432748
31.75,186.390141994163,182.92972067382883
31.76,185.140141836973,181.6797205166388
31.77,184.69289486360898,181.2324735432748
31.78,185.604591057293,182.14416973695882
31.79,185.036930960044,181.57650963970983
31.8,186.155049973388,182.69462865305383
31.81,185.874086489566,182.41366516923182
31.82,184.939454041064,181.47903272072983
31.83,184.796105666694,181.3356843463598
31.84,186.023169134007,182.56274781367281
31.85,186.739913262172,183.27949194183782
31.86,186.04610492956198,182.5856836092278
31.87,184.555280493955,181.09485917362082
31.88,184.159639400574,180.69921808023983
31.89,185.025463086197,181.56504176586282
31.9,185.530049794181,182.06962847384682
31.91,185.57018739596,182.10976607562583
31.92,184.57248228800802,181.11206096767384
31.93,187.886706089377,184.4262847690428
31.94,185.08280245816601,181.62238113783184
31.95,186.286930848938,182.82650952860382
31.96,185.799545184678,182.33912386434383
31.97,184.991059466298,181.53063814596382
31.98,185.638994721088,182.17857340075383
31.99,185.725003891345,182.26458257101083
32.0,186.940601809504,183.4801804891698
32.01,186.453215482706,182.99279416237184
32.02,185.403903067546,181.94348174721182
32.03,184.36032687102698,180.8999055506928
32.04,185.97729754617902,182.51687622584484
32.05,186.590830395517,183.13040907518283
32.06,185.340829716639,181.88040839630483
32.07,185.08280245816601,181.62238113783184
32.08,184.09083228712902,180.63041096679484
32.09,184.194042960989,180.73362164065483
32.1,185.237618796635,181.7771974763008
32.11,184.681426997967,181.22100567763283
32.12,185.19748122261598,181.7370599022818
32.13,186.34427037132798,182.8838490509938
32.14,185.3236278951,181.86320657476583
32.15,187.267437623006,183.80701630267183
32.16,184.280051872795,180.81963055246084
32.17,185.42110489195701,181.96068357162284
32.18,186.01170123664,182.55127991630582
32.19,184.813307469362,181.35288614902782
32.2,184.76170206320398,181.3012807428698
32.21,185.530049794181,182.06962847384682
32.22,184.905050427318,181.44462910698383
32.23,186.963537648818,183.50311632848383
32.24,184.664225200017,181.20380387968282
32.25,186.36147222937802,182.90105090904385
32.26,184.939454041064,181.47903272072983
32.27,184.77890386464202,181.31848254430784
32.28,184.43486795281402,180.97444663247984
32.29,185.713536001089,182.25311468075483
32.3,186.413077807221,182.9526564868868
32.31,184.991059466298,181.53063814596382
32.32,184.56101442523698,181.1005931049028
32.33,184.00482340916702,180.54440208883284
32.34,185.501380080677,182.04095876034282
32.35,185.94289385817999,182.4824725378458
32.36,186.304132704937,182.8437113846028
32.37,183.832805699396,180.37238437906183
32.38,185.036930960044,181.57650963970983
32.39,184.84197714184302,181.38155582150884
32.4,187.485328288755,184.02490696842082
32.41,186.57362852926198,183.1132072089278
32.42,185.19748122261598,181.7370599022818
32.43,185.174545467538,181.71412414720382
32.44,185.535783737087,182.07536241675282
32.45,186.149316023097,182.6888947027628
32.46,186.350004323943,182.88958300360883
32.47,185.300692134005,181.84027081367083
32.48,185.42110489195701,181.96068357162284
32.49,185.249086675542,181.78866535520783
32.5,185.805279130798,182.34485781046382
32.51,185.466976426727,182.00655510639282
32.52,184.870646816033,181.41022549569882
32.53,184.991059466298,181.53063814596382
32.54,185.495646138181,182.03522481784682
32.55,186.27546294528,182.81504162494582
32.56,185.610325001088,182.14990368075382
32.57,185.68486627664402,182.22444495630984
32.58,185.145875775229,181.68545445489482
32.59,185.753673618183,182.29325229784882
32.6,185.461242484642,182.00082116430784
32.61,186.52775688892402,183.06733556858984
32.62,184.807573535071,181.3471522147368
32.63,184.922252233883,181.46183091354882
32.64,184.010557333886,180.55013601355182
32.65,185.541517680062,182.0810963597278
32.66,186.487619207217,183.02719788688282
32.67,183.763998632717,180.30357731238283
32.68,185.11720608463,181.65678476429582
32.69,184.58395015105202,181.12352883071785
32.7,186.281196897075,182.82077557674083
32.71,186.074774675544,182.61435335520983
32.72,184.53807870051702,181.07765738018284
32.73,186.223857382205,182.76343606187083
32.74,184.95665584886,181.49623452852583
32.75,186.223857382205,182.76343606187083
32.76,185.57018739596,182.10976607562583
32.77,186.229591333385,182.76917001305083
32.78,185.793811238627,182.33338991829282
32.79,184.905050427318,181.44462910698383
32.8,185.702068111106,182.24164679077182
32.81,186.36147222937802,182.90105090904385
32.82,184.22844652386598,180.7680252035318
32.83,184.41193223411,180.95151091377582
32.84,185.39816912621302,181.93774780587884
32.85,187.12408855464702,183.66366723431284
32.86,186.90046409333698,183.4400427730028
32.87,185.426838833564,181.96641751322983
32.88,185.535783737087,182.07536241675282
32.89,184.555280493955,181.09485917362082
32.9,186.12638022261999,182.6659589022858
32.91,186.120646272671,182.66022495233682
32.92,184.652757335058,181.19233601472382
32.93,184.641289470373,181.18086815003883
32.94,184.991059466298,181.53063814596382
32.95,184.33165722726298,180.8712359069288
32.96,185.145875775229,181.68545445489482
32.97,183.236478115278,179.77605679494383
32.98,185.66766444279799,182.2072431224638
32.99,185.868352542626,182.40793122229184
33.0,185.885554383651,182.42513306331682
33.01,185.77087545510602,182.31045413477185
33.02,184.77890386464202,181.31848254430784
33.03,185.28922425386799,181.8288029335338
33.04,184.17110725377202,180.71068593343784
33.05,186.155049973388,182.69462865305383
33.06,186.315600609278,182.85517928894382
33.07,184.56674835658802,181.10632703625384
33.08,184.159639400574,180.69921808023983
33.09,184.320189370236,180.85976804990182
33.1,185.656196553909,182.19577523357484
33.11,186.45894943662,182.99852811628583
33.12,184.86491288105898,181.4044915607248
33.13,186.04610492956198,182.5856836092278
33.14,185.392435184948,181.93201386461382
33.15,186.76858304952,183.30816172918583
33.16,186.436013621374,182.97559230103982
33.17,184.136703694998,180.67628237466383
33.18,185.08280245816601,181.62238113783184
33.19,184.767435996948,181.30701467661382
33.2,184.669959132598,181.20953781226382
33.21,185.960095701872,182.49967438153783
33.22,184.98532552988698,181.5249042095528
33.23,185.75940756375502,182.29898624342084
33.24,184.70436272952398,181.2439414091898
33.25,186.172251824669,182.7118305043348
33.26,184.343125084564,180.88270376422983
33.27,184.71009666258502,181.24967534225084
33.28,185.048398834164,181.58797751382983
33.29,185.472710368881,182.01228904854682
33.3,184.675693065248,181.21527174491382
33.31,184.96238978492798,181.5019684645938
33.32,186.02890308279402,182.56848176245984
33.33,184.429134023035,180.96871270270083
33.34,184.578216219495,181.11779489916083
33.35,185.134407898784,181.6739865784498
33.36,185.914224120061,182.45380279972682
33.37,185.874086489566,182.41366516923182
33.38,184.79037173260798,181.3299504122738
33.39,186.13211417263602,182.67169285230185
33.4,188.11033100933702,184.64990968900284
33.41,186.149316023097,182.6888947027628
33.42,186.372940135087,182.91251881475281
33.43,185.558719509395,182.0982981890608
33.44,184.796105666694,181.3356843463598
33.45,184.652757335058,181.19233601472382
33.46,185.89702227801,182.43660095767584
33.47,183.89014492914902,180.42972360881484
33.48,185.552985566216,182.09256424588182
33.49,184.652757335058,181.19233601472382
33.5,184.819041403722,181.35862008338782
33.51,187.29037347790901,183.82995215757484
33.52,183.574779250118,180.11435792978384
33.53,185.541517680062,182.0810963597278
33.54,184.027759108453,180.56733778811883
33.55,185.960095701872,182.49967438153783
33.56,186.309866657073,182.84944533673882
33.57,185.74220572724198,182.2817844069078
33.58,185.598857113567,182.13843579323282
33.59,183.99908948451701,180.53866816418284
33.6,186.688307649254,183.22788632891982
33.61,186.579362484612,183.11894116427783
33.62,185.363765479648,181.90334415931383
33.63,185.04266489707,181.58224357673583
33.64,185.42110489195701,181.96068357162284
33.65,183.786934320516,180.32651300018182
33.66,185.495646138181,182.03522481784682
33.67,185.68486627664402,182.22444495630984
33.68,185.74220572724198,182.2817844069078
33.69,185.518581908574,182.05816058823982
33.7,187.16422628947998,183.7038049691458
33.71,185.54725162310498,182.0868303027708
33.72,185.08280245816601,181.62238113783184
33.73,185.885554383651,182.42513306331682
33.74,185.128673960664,181.66825264032983
33.75,185.85115070221602,182.39072938188184
33.76,187.215831953474,183.75541063313983
33.77,184.79037173260798,181.3299504122738
33.78,185.249086675542,181.78866535520783
33.79,184.21124474212002,180.75082342178584
33.8,185.071334583225,181.61091326289082
33.81,185.340829716639,181.88040839630483
33.82,185.673398387345,182.21297706701083
33.83,186.579362484612,183.11894116427783
33.84,184.15390547407802,180.69348415374384
33.85,185.822480969567,182.36205964923283
33.86,185.874086489566,182.41366516923182
33.87,185.16881152894,181.70839020860583
33.88,185.30642607417602,181.84600475384184
33.89,184.70436272952398,181.2439414091898
33.9,184.14243762129,180.6820163009558
33.91,187.17569421433402,183.71527289399984
33.92,183.626384528898,180.16596320856382
33.93,185.68486627664402,182.22444495630984
33.94,185.627526832883,182.16710551254883
33.95,184.589684082676,181.12926276234182
33.96,186.01170123664,182.55127991630582
33.97,185.134407898784,181.6739865784498
33.98,186.063306776946,182.60288545661183
33.99,184.750234195921,181.28981287558682
34.0,185.00252733932402,181.54210601898984
34.01,185.375233361563,181.91481204122883
34.02,184.46353760273098,181.0031162823968
34.03,184.05642873409798,180.5960074137638
34.04,184.922252233883,181.46183091354882
34.05,184.738766328912,181.27834500857782
34.06,185.466976426727,182.00655510639282
34.07,184.669959132598,181.20953781226382
34.08,185.77087545510602,182.31045413477185
34.09,183.907346699408,180.44692537907383
34.1,186.074774675544,182.61435335520983
34.11,186.418811760657,182.95839044032283
34.12,185.713536001089,182.25311468075483
34.13,185.633260776952,182.17283945661782
34.14,184.86491288105898,181.4044915607248
34.15,184.085098361453,180.62467704111882
34.16,185.530049794181,182.06962847384682
34.17,184.70436272952398,181.2439414091898
34.18,184.899316491933,181.43889517159883
34.19,184.18830903408198,180.7278877137478
34.2,184.165373327139,180.70495200680483
34.21,185.988765442726,182.52834412239181
34.22,185.415370950419,181.95494963008483
34.23,186.08624257441602,182.62582125408184
34.24,184.46927153292,181.00885021258583
34.25,185.16307759040998,181.7026562700758
34.26,184.819041403722,181.35862008338782
34.27,185.128673960664,181.66825264032983
34.28,186.848858463188,183.38843714285383
34.29,185.495646138181,182.03522481784682
34.3,184.882114686188,181.42169336585383
34.31,186.694041605971,183.23362028563682
34.32,184.750234195921,181.28981287558682
34.33,185.524315851344,182.06389453100982
34.34,182.94404851254,179.48362719220583
34.35,183.850007467604,180.38958614726982
34.36,186.212389480052,182.75196815971782
34.37,186.03463703164797,182.5742157113138
34.38,185.725003891345,182.26458257101083
34.39,184.70436272952398,181.2439414091898
34.4,185.329361835544,181.86894051520983
34.41,186.005967288059,182.54554596772482
34.42,185.455508542625,181.99508722229083
34.43,185.983031494419,182.52261017408483
34.44,185.00826127594,181.5478399556058
34.45,185.874086489566,182.41366516923182
34.46,184.664225200017,181.20380387968282
34.47,184.63555553813399,181.1751342177998
34.48,186.424545714161,182.96412439382684
34.49,183.408495611726,179.94807429139183
34.5,184.647023402682,181.18660208234783
34.51,186.355738276626,182.89531695629182
34.52,185.66193049831898,182.2015091779848
34.53,185.552985566216,182.09256424588182
34.54,184.664225200017,181.20380387968282
34.55,183.483036545963,180.0226152256288
34.56,186.080508624946,182.62008730461181
34.57,185.048398834164,181.58797751382983
34.58,185.04266489707,181.58224357673583
34.59,185.19748122261598,181.7370599022818
34.6,184.480739393503,181.02031807316882
34.61,185.644728665294,182.18430734495982
34.62,184.996793402777,181.53637208244282
34.63,185.66766444279799,182.2072431224638
34.64,184.69289486360898,181.2324735432748
34.65,185.66766444279799,182.2072431224638
34.66,185.317893954723,181.8574726343888
34.67,185.707802056063,182.24738073572883
34.68,185.157343651948,181.69692233161382
34.69,184.555280493955,181.09485917362082
34.7,184.74450026238202,181.28407894204784
34.71,185.799545184678,182.33912386434383
34.72,184.859178946152,181.39875762581784
34.73,185.42110489195701,181.96068357162284
34.74,185.696334166217,182.23591284588284
34.75,185.54725162310498,182.0868303027708
34.76,184.73303239550998,181.2726110751758
34.77,185.00252733932402,181.54210601898984
34.78,185.633260776952,182.17283945661782
34.79,184.77890386464202,181.31848254430784
34.8,184.348859013317,180.88843769298282
34.81,184.973857657271,181.51343633693682
34.82,184.452069742559,180.9916484222248
34.83,184.72156452891,181.26114320857582
34.84,185.75940756375502,182.29898624342084
34.85,184.130969768775,180.67054844844083
34.86,185.26055455472098,181.8001332343868
34.87,185.845416755549,182.38499543521482
34.88,185.81674702324202,182.35632570290784
34.89,183.60918276868898,180.1487614483548
34.9,184.486473323896,181.02605200356183
34.91,186.430279667733,182.96985834739883
34.92,185.19748122261598,181.7370599022818
34.93,184.165373327139,180.70495200680483
34.94,184.991059466298,181.53063814596382
34.95,183.838539622064,180.3781183017298
34.96,187.330511226622,183.87008990628783
34.97,185.85115070221602,182.39072938188184
34.98,185.380967302623,181.92054598228881
34.99,185.730737836576,182.27031651624182
35.0,183.97615378659899,180.5157324662648
35.01,184.113767990517,180.65334667018283
35.02,185.914224120061,182.45380279972682
35.03,185.04266489707,181.58224357673583
35.04,183.735329024507,180.27490770417282
35.05,185.392435184948,181.93201386461382
35.06,187.020877251889,183.56045593155483
35.07,185.11720608463,181.65678476429582
35.08,185.673398387345,182.21297706701083
35.09,184.262850089203,180.80242876886882
35.1,185.530049794181,182.06962847384682
35.11,184.194042960989,180.73362164065483
35.12,185.375233361563,181.91481204122883
35.13,184.813307469362,181.35288614902782
35.14,182.296116889036,178.83569556870182
35.15,184.136703694998,180.67628237466383
35.16,186.25252713878498,182.7921058184508
35.17,185.725003891345,182.26458257101083
35.18,185.26055455472098,181.8001332343868
35.19,183.913080622965,180.45265930263082
35.2,184.526610838567,181.06618951823282
35.21,184.085098361453,180.62467704111882
35.22,184.394730445801,180.93430912546683
35.23,185.902756225292,182.44233490495782
35.24,185.54725162310498,182.0868303027708
35.25,183.89014492914902,180.42972360881484
35.26,185.62179288888302,182.16137156854884
35.27,185.42110489195701,181.96068357162284
35.28,184.46927153292,181.00885021258583
35.29,182.89244330698799,179.4320219866538
35.3,185.013995212624,181.55357389228982
35.31,185.885554383651,182.42513306331682
35.32,185.208949100566,181.74852778023183
35.33,185.59312316990898,182.1327018495748
35.34,185.151609713554,181.69118839321982
35.35,184.027759108453,180.56733778811883
35.36,184.49220725435802,181.03178593402384
35.37,185.604591057293,182.14416973695882
35.38,186.688307649254,183.22788632891982
35.39,185.59312316990898,182.1327018495748
35.4,185.16881152894,181.70839020860583
35.41,187.072482900499,183.61206158016483
35.42,184.88784862136802,181.42742730103384
35.43,186.023169134007,182.56274781367281
35.44,185.00252733932402,181.54210601898984
35.45,184.520876907695,181.06045558736082
35.46,185.277756374004,181.81733505366984
35.47,185.140141836973,181.6797205166388
35.48,185.461242484642,182.00082116430784
35.49,185.317893954723,181.8574726343888
35.5,184.41193223411,180.95151091377582
35.51,188.603452995221,185.14303167488683
35.52,185.656196553909,182.19577523357484
35.53,185.845416755549,182.38499543521482
35.54,183.041525027026,179.58110370669183
35.55,184.859178946152,181.39875762581784
35.56,186.137848122722,182.67742680238783
35.57,184.991059466298,181.53063814596382
35.58,186.780050964938,183.31962964460382
35.59,184.95665584886,181.49623452852583
35.6,183.316752939296,179.85633161896183
35.61,186.877528257032,183.41710693669782
35.62,185.94289385817999,182.4824725378458
35.63,185.948627806009,182.48820648567482
35.64,184.23991437870498,180.7794930583708
35.65,184.280051872795,180.81963055246084
35.66,186.298398752869,182.8379774325348
35.67,184.509409046155,181.04898772582084
35.68,185.191747283744,181.73132596340983
35.69,183.34542252255,179.88500120221582
35.7,185.266288494414,181.80586717407982
35.71,185.294958193902,181.83453687356783
35.72,185.358031538793,181.89761021845882
35.73,186.464683390603,183.00426207026882
35.74,184.830509272646,181.37008795231182
35.75,184.916518298293,181.45609697795882
35.76,186.390141994163,182.92972067382883
35.77,185.908490172642,182.4480688523078
35.78,184.76170206320398,181.3012807428698
35.79,184.41193223411,180.95151091377582
35.8,184.46353760273098,181.0031162823968
35.81,188.127532930565,184.66711161023082
35.82,184.98532552988698,181.5249042095528
35.83,184.70436272952398,181.2439414091898
35.84,183.72386118170198,180.2634398613678
35.85,184.257116161476,180.79669484114183
35.86,187.00367537025,183.54325404991582
35.87,184.509409046155,181.04898772582084
35.88,185.97729754617902,182.51687622584484
35.89,185.501380080677,182.04095876034282
35.9,183.293817273923,179.83339595358882
35.91,187.158492327156,183.69807100682183
35.92,185.564453452643,182.10403213230882
35.93,186.09771047356102,182.63728915322685
35.94,185.43257277523898,181.9721514549048
35.95,184.83624320721,181.37582188687583
35.96,185.971563598009,182.51114227767482
35.97,185.329361835544,181.86894051520983
35.98,185.81674702324202,182.35632570290784
35.99,186.29266480086898,182.8322434805348
36.0,185.89128833079698,182.4308670104628
36.01,186.143582072875,182.68316075254083
36.02,185.558719509395,182.0982981890608
36.03,185.68486627664402,182.22444495630984
36.04,185.283490313902,181.82306899356783
36.05,184.54954656274,181.08912524240583
36.06,186.705509519611,183.24508819927684
36.07,184.578216219495,181.11779489916083
36.08,186.72844534771198,183.2680240273778
36.09,185.220416978788,181.75999565845382
36.1,184.406198304605,180.94577698427082
36.11,186.510555024925,183.05013370459082
36.12,185.868352542626,182.40793122229184
36.13,185.518581908574,182.05816058823982
36.14,185.67913233195998,182.2187110116258
36.15,185.478444311104,182.01802299076982
36.16,185.025463086197,181.56504176586282
36.17,185.277756374004,181.81733505366984
36.18,186.327068513893,182.86664719355883
36.19,184.371794729012,180.91137340867783
36.2,185.931425962727,182.4710046423928
36.21,185.587389226319,182.12696790598483
36.22,185.283490313902,181.82306899356783
36.23,185.971563598009,182.51114227767482
36.24,185.312160014416,181.85173869408183
36.25,183.52317397687702,180.06275265654284
36.26,186.57362852926198,183.1132072089278
36.27,185.220416978788,181.75999565845382
36.28,186.229591333385,182.76917001305083
36.29,185.461242484642,182.00082116430784
36.3,184.46353760273098,181.0031162823968
36.31,185.05986670855802,181.59944538822384
36.32,185.455508542625,181.99508722229083
36.33,185.66766444279799,182.2072431224638
36.34,184.475005463177,181.01458414284284
36.35,184.165373327139,180.70495200680483
36.36,186.76858304952,183.30816172918583
36.37,184.641289470373,181.18086815003883
36.38,185.20321516155698,181.7427938412228
36.39,185.031197023086,181.57077570275183
36.4,184.159639400574,180.69921808023983
36.41,185.10000427109,181.63958295075582
36.42,185.077068520662,181.61664720032783
36.43,186.241059235948,182.78063791561382
36.44,185.208949100566,181.74852778023183
36.45,184.893582556616,181.43316123628182
36.46,185.415370950419,181.95494963008483
36.47,184.72729846217598,181.2668771418418
36.48,185.380967302623,181.92054598228881
36.49,184.09083228712902,180.63041096679484
36.5,184.14243762129,180.6820163009558
36.51,185.243352736054,181.78293141571982
36.52,185.75940756375502,182.29898624342084
36.53,186.155049973388,182.69462865305383
36.54,185.358031538793,181.89761021845882
36.55,185.208949100566,181.74852778023183
36.56,187.250235732547,183.78981441221282
36.57,186.332802466303,182.87238114596883
36.58,185.449774600676,181.98935328034182
36.59,186.499087115934,183.03866579559983
36.6,185.30642607417602,181.84600475384184
36.61,185.157343651948,181.69692233161382
36.62,185.598857113567,182.13843579323282
36.63,185.81674702324202,182.35632570290784
36.64,183.316752939296,179.85633161896183
36.65,184.72156452891,181.26114320857582
36.66,184.83624320721,181.37582188687583
36.67,185.013995212624,181.55357389228982
36.68,185.77087545510602,182.31045413477185
36.69,184.457803672611,180.99738235227682
36.7,183.953218089775,180.49279676944082
36.71,185.954361753906,182.49394043357182
36.72,184.54954656274,181.08912524240583
36.73,185.346563657288,181.8861423369538
36.74,186.665371823067,183.20495050273283
36.75,184.308721513483,180.84830019314882
36.76,186.13211417263602,182.67169285230185
36.77,184.400464375169,180.94004305483483
36.78,186.241059235948,182.78063791561382
36.79,183.99908948451701,180.53866816418284
36.8,184.027759108453,180.56733778811883
36.81,186.36147222937802,182.90105090904385
36.82,185.627526832883,182.16710551254883
36.83,186.269728993554,182.80930767321982
36.84,186.72844534771198,183.2680240273778
36.85,185.19748122261598,181.7370599022818
36.86,183.861475313418,180.40105399308382
36.87,185.300692134005,181.84027081367083
36.88,185.249086675542,181.78866535520783
36.89,184.72156452891,181.26114320857582
36.9,186.309866657073,182.84944533673882
36.91,183.821337854266,180.36091653393183
36.92,185.145875775229,181.68545445489482
36.93,185.89128833079698,182.4308670104628
36.94,184.388996516501,180.92857519616683
36.95,184.54954656274,181.08912524240583
36.96,186.074774675544,182.61435335520983
36.97,183.71239333917,180.25197201883583
36.98,186.860326380521,183.39990506018682
36.99,184.532344769508,181.07192344917382
37.0,185.08280245816601,181.62238113783184
37.01,185.277756374004,181.81733505366984
37.02,185.105738208868,181.6453168885338
37.03,186.71124347653398,183.2508221561998
37.04,184.543812631595,181.0833913112608
37.05,184.57248228800802,181.11206096767384
37.06,185.702068111106,182.24164679077182
37.07,185.633260776952,182.17283945661782
37.08,185.983031494419,182.52261017408483
37.09,185.415370950419,181.95494963008483
37.1,185.43830671698302,181.97788539664884
37.11,183.838539622064,180.3781183017298
37.12,185.495646138181,182.03522481784682
37.13,185.960095701872,182.49967438153783
37.14,185.988765442726,182.52834412239181
37.15,184.377528658106,180.91710733777182
37.16,186.871794298126,183.4113729777918
37.17,185.472710368881,182.01228904854682
37.18,185.598857113567,182.13843579323282
37.19,185.105738208868,181.6453168885338
37.2,184.939454041064,181.47903272072983
37.21,184.72729846217598,181.2668771418418
37.22,185.294958193902,181.83453687356783
37.23,185.59312316990898,182.1327018495748
37.24,185.28922425386799,181.8288029335338
37.25,184.60688587796,181.14646455762582
37.26,184.58395015105202,181.12352883071785
37.27,184.939454041064,181.47903272072983
37.28,186.934867849847,183.47444652951282
37.29,185.885554383651,182.42513306331682
37.3,183.89014492914902,180.42972360881484
37.31,184.394730445801,180.93430912546683
37.32,185.3236278951,181.86320657476583
37.33,185.94289385817999,182.4824725378458
37.34,184.59541801436902,181.13499669403484
37.35,184.251382233817,180.79096091348282
37.36,185.266288494414,181.80586717407982
37.37,185.610325001088,182.14990368075382
37.38,185.874086489566,182.41366516923182
37.39,187.468126390501,184.00770507016682
37.4,185.455508542625,181.99508722229083
37.41,186.94633576923,183.4859144488958
37.42,185.44404065879502,181.98361933846084
37.43,186.069040726211,182.60861940587682
37.44,186.332802466303,182.87238114596883
37.45,184.77890386464202,181.31848254430784
37.46,186.18371972586502,182.72329840553084
37.47,183.936016317874,180.47559499753982
37.48,186.79151888063,183.33109756029583
37.49,185.610325001088,182.14990368075382
37.5,185.294958193902,181.83453687356783
37.51,184.612619809858,181.1521984895238
37.52,184.543812631595,181.0833913112608
37.53,185.478444311104,182.01802299076982
37.54,185.633260776952,182.17283945661782
37.55,184.96238978492798,181.5019684645938
37.56,184.830509272646,181.37008795231182
37.57,185.220416978788,181.75999565845382
37.58,187.376382943539,183.91596162320482
37.59,185.575921339344,182.11550001900983
37.6,185.151609713554,181.69118839321982
37.61,185.575921339344,182.11550001900983
37.62,185.16881152894,181.70839020860583
37.63,186.040370980571,182.57994966023682
37.64,185.68486627664402,182.22444495630984
37.65,185.031197023086,181.57077570275183
37.66,185.524315851344,182.06389453100982
37.67,184.629821605962,181.16940028562783
37.68,186.120646272671,182.66022495233682
37.69,186.063306776946,182.60288545661183
37.7,184.870646816033,181.41022549569882
37.71,184.49220725435802,181.03178593402384
37.72,184.41193223411,180.95151091377582
37.73,186.241059235948,182.78063791561382
37.74,184.49220725435802,181.03178593402384
37.75,184.205510815008,180.74508949467383
37.76,185.788077292644,182.32765597230983
37.77,185.031197023086,181.57077570275183
37.78,186.206655529078,182.74623420874383
37.79,187.066748939269,183.6063276189348
37.8,185.231884857284,181.77146353694982
37.81,185.254820615097,181.79439929476283
37.82,184.819041403722,181.35862008338782
37.83,185.971563598009,182.51114227767482
37.84,185.988765442726,182.52834412239181
37.85,185.78234334672902,182.32192202639484
37.86,186.08624257441602,182.62582125408184
37.87,184.280051872795,180.81963055246084
37.88,188.316754104682,184.8563327843478
37.89,185.82821491596,182.3677935956258
37.9,185.868352542626,182.40793122229184
37.91,184.429134023035,180.96871270270083
37.92,185.375233361563,181.91481204122883
37.93,187.439456561445,183.97903524111084
37.94,186.04610492956198,182.5856836092278
37.95,184.589684082676,181.12926276234182
37.96,186.619500173977,183.15907885364282
37.97,184.53807870051702,181.07765738018284
37.98,185.174545467538,181.71412414720382
37.99,186.327068513893,182.86664719355883
38.0,185.352297598007,181.89187627767282
38.01,184.280051872795,180.81963055246084
38.02,184.130969768775,180.67054844844083
38.03,185.971563598009,182.51114227767482
38.04,185.74220572724198,182.2817844069078
38.05,184.268584016999,180.80816269666482
38.06,185.558719509395,182.0982981890608
38.07,184.86491288105898,181.4044915607248
38.08,187.250235732547,183.78981441221282
38.09,186.000233339546,182.53981201921184
38.1,184.417666163684,180.95724484334983
38.11,185.266288494414,181.80586717407982
38.12,185.036930960044,181.57650963970983
38.13,186.229591333385,182.76917001305083
38.14,187.0896847846,183.62926346426582
38.15,185.736471781875,182.27605046154082
38.16,184.755968129529,181.29554680919483
38.17,184.43486795281402,180.97444663247984
38.18,185.811013076986,182.35059175665182
38.19,184.70436272952398,181.2439414091898
38.2,185.208949100566,181.74852778023183
38.21,185.558719509395,182.0982981890608
38.22,185.277756374004,181.81733505366984
38.23,185.10000427109,181.63958295075582
38.24,185.707802056063,182.24738073572883
38.25,185.16307759040998,181.7026562700758
38.26,186.682573692605,183.2221523722708
38.27,185.249086675542,181.78866535520783
38.28,185.919958067548,182.45953674721383
38.29,185.174545467538,181.71412414720382
38.3,185.077068520662,181.61664720032783
38.31,184.480739393503,181.02031807316882
38.32,184.14817154765,180.68775022731583
38.33,185.088536395739,181.62811507540482
38.34,185.805279130798,182.34485781046382
38.35,184.750234195921,181.28981287558682
38.36,184.813307469362,181.35288614902782
38.37,184.70436272952398,181.2439414091898
38.38,186.120646272671,182.66022495233682
38.39,186.355738276626,182.89531695629182
38.4,185.340829716639,181.88040839630483
38.41,184.899316491933,181.43889517159883
38.42,184.429134023035,180.96871270270083
38.43,185.656196553909,182.19577523357484
38.44,186.02890308279402,182.56848176245984
38.45,184.085098361453,180.62467704111882
38.46,185.277756374004,181.81733505366984
38.47,184.245648306227,180.78522698589282
38.48,185.604591057293,182.14416973695882
38.49,186.430279667733,182.96985834739883
38.5,184.325923298715,180.86550197838082
38.51,186.200921578172,182.74050025783782
38.52,184.72156452891,181.26114320857582
38.53,185.30642607417602,181.84600475384184
38.54,185.77087545510602,182.31045413477185
38.55,185.552985566216,182.09256424588182
38.56,185.81674702324202,182.35632570290784
38.57,184.973857657271,181.51343633693682
38.58,185.088536395739,181.62811507540482
38.59,184.72729846217598,181.2668771418418
38.6,185.340829716639,181.88040839630483
38.61,185.725003891345,182.26458257101083
38.62,184.417666163684,180.95724484334983
38.63,185.799545184678,182.33912386434383
38.64,186.71697743352502,183.25655611319084
38.65,184.893582556616,181.43316123628182
38.66,185.277756374004,181.81733505366984
38.67,183.63785236937798,180.1774310490438
38.68,185.644728665294,182.18430734495982
38.69,185.983031494419,182.52261017408483
38.7,185.54725162310498,182.0868303027708
38.71,184.77890386464202,181.31848254430784
38.72,184.039226958506,180.57880563817181
38.73,185.294958193902,181.83453687356783
38.74,186.64243599797499,183.1820146776408
38.75,185.111472146715,181.6510508263808
38.76,185.426838833564,181.96641751322983
38.77,185.524315851344,182.06389453100982
38.78,185.604591057293,182.14416973695882
38.79,186.52775688892402,183.06733556858984
38.8,184.95665584886,181.49623452852583
38.81,184.325923298715,180.86550197838082
38.82,185.036930960044,181.57650963970983
38.83,185.965829649906,182.50540832957182
38.84,185.74220572724198,182.2817844069078
38.85,184.927986169542,181.46756484920783
38.86,185.638994721088,182.17857340075383
38.87,185.294958193902,181.83453687356783
38.88,186.206655529078,182.74623420874383
38.89,186.01170123664,182.55127991630582
38.9,185.507114023241,182.04669270290682
38.91,185.48417825339402,182.02375693305984
38.92,185.633260776952,182.17283945661782
38.93,186.218123431095,182.75770211076082
38.94,185.151609713554,181.69118839321982
38.95,185.105738208868,181.6453168885338
38.96,184.509409046155,181.04898772582084
38.97,185.16307759040998,181.7026562700758
38.98,185.16881152894,181.70839020860583
38.99,185.879820436574,182.41939911623982
39.0,185.048398834164,181.58797751382983
39.01,184.400464375169,180.94004305483483
39.02,184.62408767385898,181.1636663535248
39.03,184.543812631595,181.0833913112608
39.04,185.788077292644,182.32765597230983
39.05,185.208949100566,181.74852778023183
39.06,184.991059466298,181.53063814596382
39.07,184.56674835658802,181.10632703625384
39.08,186.166517874174,182.7060965538398
39.09,185.518581908574,182.05816058823982
39.1,185.16307759040998,181.7026562700758
39.11,184.050694808832,180.59027348849781
39.12,184.509409046155,181.04898772582084
39.13,185.799545184678,182.33912386434383
39.14,185.392435184948,181.93201386461382
39.15,185.478444311104,182.01802299076982
39.16,184.88784862136802,181.42742730103384
39.17,185.19748122261598,181.7370599022818
39.18,186.562160618767,183.10173929843282
39.19,186.894730134158,183.43430881382383
39.2,185.627526832883,182.16710551254883
39.21,184.526610838567,181.06618951823282
39.22,184.96238978492798,181.5019684645938
39.23,185.983031494419,182.52261017408483
39.24,184.70436272952398,181.2439414091898
39.25,186.195187627335,182.73476630700083
39.26,186.298398752869,182.8379774325348
39.27,184.589684082676,181.12926276234182
39.28,185.20321516155698,181.7427938412228
39.29,186.172251824669,182.7118305043348
39.3,184.755968129529,181.29554680919483
39.31,185.145875775229,181.68545445489482
39.32,185.931425962727,182.4710046423928
39.33,186.401609900555,182.94118858022082
39.34,186.83739054613,183.37696922579582
39.35,184.136703694998,180.67628237466383
39.36,185.157343651948,181.69692233161382
39.37,184.406198304605,180.94577698427082
39.38,184.84197714184302,181.38155582150884
39.39,186.562160618767,183.10173929843282
39.4,184.652757335058,181.19233601472382
39.41,185.10000427109,181.63958295075582
39.42,185.598857113567,182.13843579323282
39.43,188.13326690444399,184.6728455841098
39.44,186.091976523954,182.63155520361983
39.45,184.43486795281402,180.97444663247984
39.46,185.58165528279702,182.12123396246284
39.47,185.00826127594,181.5478399556058
39.48,185.42110489195701,181.96068357162284
39.49,186.241059235948,182.78063791561382
39.5,184.60688587796,181.14646455762582
39.51,185.44404065879502,181.98361933846084
39.52,185.535783737087,182.07536241675282
39.53,186.27546294528,182.81504162494582
39.54,186.940601809504,183.4801804891698
39.55,184.480739393503,181.02031807316882
39.56,186.063306776946,182.60288545661183
39.57,184.486473323896,181.02605200356183
39.58,186.481885252961,183.02146393262683
39.59,186.263995041896,182.80357372156183
39.6,185.048398834164,181.58797751382983
39.61,186.091976523954,182.63155520361983
39.62,184.687160930754,181.22673961041983
39.63,186.407343853854,182.94692253351982
39.64,184.796105666694,181.3356843463598
39.65,184.383262587269,180.92284126693482
39.66,185.214683039643,181.75426171930883
39.67,184.79037173260798,181.3299504122738
39.68,185.495646138181,182.03522481784682
39.69,184.205510815008,180.74508949467383
39.7,184.83624320721,181.37582188687583
39.71,184.77890386464202,181.31848254430784
39.72,183.339688605762,179.87926728542783
39.73,184.44060188266099,180.9801805623268
39.74,186.355738276626,182.89531695629182
39.75,184.446335812576,180.98591449224182
39.76,185.598857113567,182.13843579323282
39.77,185.214683039643,181.75426171930883
39.78,186.332802466303,182.87238114596883
39.79,186.384408041069,182.92398672073483
39.8,184.21124474212002,180.75082342178584
39.81,185.874086489566,182.41366516923182
39.82,184.320189370236,180.85976804990182
39.83,185.478444311104,182.01802299076982
39.84,185.902756225292,182.44233490495782
39.85,185.76514150939602,182.30472018906184
39.86,186.160783923746,182.70036260341183
39.87,186.212389480052,182.75196815971782
39.88,186.04610492956198,182.5856836092278
39.89,186.080508624946,182.62008730461181
39.9,184.446335812576,180.98591449224182
39.91,186.327068513893,182.86664719355883
39.92,184.520876907695,181.06045558736082
39.93,185.335095776057,181.8746744557228
39.94,187.129822516561,183.66940119622683
39.95,184.268584016999,180.80816269666482
39.96,184.343125084564,180.88270376422983
39.97,185.54725162310498,182.0868303027708
39.98,185.57018739596,182.10976607562583
39.99,186.934867849847,183.47444652951282
40.0,184.738766328912,181.27834500857782
40.01,186.01170123664,182.55127991630582
40.02,185.00252733932402,181.54210601898984
40.03,186.378674088044,182.91825276770982
40.04,185.788077292644,182.32765597230983
40.05,184.41193223411,180.95151091377582
40.06,185.036930960044,181.57650963970983
40.07,184.86491288105898,181.4044915607248
40.08,185.552985566216,182.09256424588182
40.09,185.128673960664,181.66825264032983
40.1,184.698628796532,181.23820747619783
40.11,186.103444423236,182.64302310290182
40.12,185.077068520662,181.61664720032783
40.13,186.12638022261999,182.6659589022858
40.14,186.64243599797499,183.1820146776408
40.15,187.628677464803,184.1682561444688
40.16,184.899316491933,181.43889517159883
40.17,184.796105666694,181.3356843463598
40.18,186.384408041069,182.92398672073483
40.19,184.991059466298,181.53063814596382
40.2,184.69289486360898,181.2324735432748
40.21,185.535783737087,182.07536241675282
40.22,184.973857657271,181.51343633693682
40.23,187.009409330728,183.54898801039383
40.24,185.28922425386799,181.8288029335338
40.25,184.388996516501,180.92857519616683
40.26,184.83624320721,181.37582188687583
40.27,185.214683039643,181.75426171930883
40.28,187.043813095032,183.58339177469782
40.29,185.277756374004,181.81733505366984
40.3,184.60688587796,181.14646455762582
40.31,184.927986169542,181.46756484920783
40.32,185.11720608463,181.65678476429582
40.33,184.73303239550998,181.2726110751758
40.34,185.633260776952,182.17283945661782
40.35,184.98532552988698,181.5249042095528
40.36,185.00252733932402,181.54210601898984
40.37,185.208949100566,181.74852778023183
40.38,185.965829649906,182.50540832957182
40.39,186.04610492956198,182.5856836092278
40.4,186.177985775233,182.71756445489882
40.41,185.501380080677,182.04095876034282
40.42,183.86720923642702,180.40678791609284
40.43,185.868352542626,182.40793122229184
40.44,186.401609900555,182.94118858022082
40.45,184.222712596549,180.76229127621482
40.46,184.49220725435802,181.03178593402384
40.47,184.320189370236,180.85976804990182
40.48,187.14702440271301,183.68660308237884
40.49,185.965829649906,182.50540832957182
40.5,185.713536001089,182.25311468075483
40.51,185.44404065879502,181.98361933846084
40.52,184.400464375169,180.94004305483483
40.53,185.277756374004,181.81733505366984
40.54,185.931425962727,182.4710046423928
40.55,185.28922425386799,181.8288029335338
40.56,186.50482107039502,183.04439975006085
40.57,184.675693065248,181.21527174491382
40.58,186.241059235948,182.78063791561382
40.59,185.51284796587302,182.05242664553884
40.6,184.44060188266099,180.9801805623268
40.61,186.023169134007,182.56274781367281
40.62,184.016291258673,180.55586993833882
40.63,186.493353161541,183.03293184120682
40.64,185.707802056063,182.24738073572883
40.65,184.72729846217598,181.2668771418418
40.66,184.71583059571302,181.25540927537884
40.67,184.285785800796,180.82536448046181
40.68,184.968123721066,181.50770240073183
40.69,185.466976426727,182.00655510639282
40.7,184.377528658106,180.91710733777182
40.71,185.587389226319,182.12696790598483
40.72,185.833948862421,182.37352754208683
40.73,186.99794140984,183.53752008950582
40.74,186.321334561551,182.86091324121682
40.75,184.46927153292,181.00885021258583
40.76,185.874086489566,182.41366516923182
40.77,184.085098361453,180.62467704111882
40.78,185.105738208868,181.6453168885338
40.79,185.478444311104,182.01802299076982
40.8,183.92454847028299,180.4641271499488
40.81,186.063306776946,182.60288545661183
40.82,184.83624320721,181.37582188687583
40.83,186.980739529022,183.52031820868783
40.84,185.82821491596,182.3677935956258
40.85,186.04610492956198,182.5856836092278
40.86,186.05757282775,182.59715150741582
40.87,183.821337854266,180.36091653393183
40.88,185.822480969567,182.36205964923283
40.89,186.808720754679,183.34829943434482
40.9,184.49220725435802,181.03178593402384
40.91,184.979591593545,181.51917027321082
40.92,184.77890386464202,181.31848254430784
40.93,185.914224120061,182.45380279972682
40.94,186.069040726211,182.60861940587682
40.95,185.019729149376,181.5593078290418
40.96,185.587389226319,182.12696790598483
40.97,184.2169786693,180.75655734896583
40.98,187.14702440271301,183.68660308237884
40.99,185.363765479648,181.90334415931383
41.0,184.36032687102698,180.8999055506928
41.01,184.950921912859,181.49050059252482
41.02,185.048398834164,181.58797751382983
41.03,185.20321516155698,181.7427938412228
41.04,185.369499420571,181.90907810023683
41.05,184.910784362771,181.45036304243683
41.06,185.627526832883,182.16710551254883
41.07,184.853445011314,181.39302369097982
41.08,185.74220572724198,182.2817844069078
41.09,185.59312316990898,182.1327018495748
41.1,184.520876907695,181.06045558736082
41.11,184.41193223411,180.95151091377582
41.12,185.392435184948,181.93201386461382
41.13,187.07821686179798,183.6177955414638
41.14,185.013995212624,181.55357389228982
41.15,186.831656587703,183.37123526736883
41.16,185.74220572724198,182.2817844069078
41.17,184.526610838567,181.06618951823282
41.18,186.103444423236,182.64302310290182
41.19,186.189453676566,182.7290323562318
41.2,186.384408041069,182.92398672073483
41.21,185.346563657288,181.8861423369538
41.22,185.62179288888302,182.16137156854884
41.23,185.036930960044,181.57650963970983
41.24,187.181428176863,183.72100685652882
41.25,183.54610965319,180.08568833285582
41.26,185.254820615097,181.79439929476283
41.27,184.86491288105898,181.4044915607248
41.28,185.97729754617902,182.51687622584484
41.29,186.309866657073,182.84944533673882
41.3,185.386701243751,181.9262799234168
41.31,184.88784862136802,181.42742730103384
41.32,184.88784862136802,181.42742730103384
41.33,185.788077292644,182.32765597230983
41.34,187.244501769197,183.78408044886282
41.35,184.58395015105202,181.12352883071785
41.36,184.43486795281402,180.97444663247984
41.37,185.26055455472098,181.8001332343868
41.38,186.12638022261999,182.6659589022858
41.39,186.160783923746,182.70036260341183
41.4,185.983031494419,182.52261017408483
41.41,186.206655529078,182.74623420874383
41.42,184.429134023035,180.96871270270083
41.43,184.86491288105898,181.4044915607248
41.44,185.40963700894798,181.9492156886138
41.45,186.109178372979,182.6487570526448
41.46,184.44060188266099,180.9801805623268
41.47,183.328220772392,179.86779945205782
41.48,186.143582072875,182.68316075254083
41.49,186.82018867105398,183.3597673507198
41.5,184.95665584886,181.49623452852583
41.51,185.134407898784,181.6739865784498
41.52,184.71009666258502,181.24967534225084
41.53,186.533490843727,183.07306952339283
41.54,185.610325001088,182.14990368075382
41.55,184.62408767385898,181.1636663535248
41.56,186.378674088044,182.91825276770982
41.57,185.025463086197,181.56504176586282
41.58,186.160783923746,182.70036260341183
41.59,186.103444423236,182.64302310290182
41.6,184.03349303344498,180.5730717131108
41.61,184.503675115488,181.04325379515382
41.62,185.707802056063,182.24738073572883
41.63,184.641289470373,181.18086815003883
41.64,185.914224120061,182.45380279972682
41.65,184.669959132598,181.20953781226382
41.66,184.698628796532,181.23820747619783
41.67,184.480739393503,181.02031807316882
41.68,185.948627806009,182.48820648567482
41.69,185.598857113567,182.13843579323282
41.7,183.299551190164,179.83912986982983
41.71,184.257116161476,180.79669484114183
41.72,184.83624320721,181.37582188687583
41.73,185.329361835544,181.86894051520983
41.74,186.367206182198,182.90678486186383
41.75,186.063306776946,182.60288545661183
41.76,185.610325001088,182.14990368075382
41.77,184.56101442523698,181.1005931049028
41.78,185.358031538793,181.89761021845882
41.79,186.223857382205,182.76343606187083
41.8,183.88441100586599,180.4239896855318
41.81,184.543812631595,181.0833913112608
41.82,185.025463086197,181.56504176586282
41.83,185.983031494419,182.52261017408483
41.84,185.478444311104,182.01802299076982
41.85,186.315600609278,182.85517928894382
41.86,185.340829716639,181.88040839630483
41.87,185.656196553909,182.19577523357484
41.88,185.74220572724198,182.2817844069078
41.89,186.235325284632,182.77490396429783
41.9,183.878677082651,180.41825576231682
41.91,186.774317007195,183.31389568686083
41.92,183.96468593805,180.50426461771582
41.93,185.28922425386799,181.8288029335338
41.94,185.312160014416,181.85173869408183
41.95,185.455508542625,181.99508722229083
41.96,185.541517680062,182.0810963597278
41.97,183.763998632717,180.30357731238283
41.98,186.315600609278,182.85517928894382
41.99,185.702068111106,182.24164679077182
42.0,183.51744005797,180.05701873763581
42.01,185.616058944952,182.1556376246178
42.02,184.979591593545,181.51917027321082
42.03,185.06560064585798,181.6051793255238
42.04,185.799545184678,182.33912386434383
42.05,185.650462609567,182.19004128923282
42.06,185.983031494419,182.52261017408483
42.07,185.478444311104,182.01802299076982
42.08,185.845416755549,182.38499543521482
42.09,185.558719509395,182.0982981890608
42.1,184.348859013317,180.88843769298282
42.11,185.300692134005,181.84027081367083
42.12,183.855741390477,180.39532007014282
42.13,186.33853641878102,182.87811509844684
42.14,186.590830395517,183.13040907518283
42.15,184.893582556616,181.43316123628182
42.16,186.177985775233,182.71756445489882
42.17,184.70436272952398,181.2439414091898
42.18,184.658491267503,181.19806994716882
42.19,185.495646138181,182.03522481784682
42.2,185.75940756375502,182.29898624342084
42.21,184.916518298293,181.45609697795882
42.22,184.194042960989,180.73362164065483
42.23,186.263995041896,182.80357372156183
42.24,186.143582072875,182.68316075254083
42.25,186.109178372979,182.6487570526448
42.26,186.235325284632,182.77490396429783
42.27,184.59541801436902,181.13499669403484
42.28,183.505972220361,180.04555090002683
42.29,186.063306776946,182.60288545661183
42.3,183.993355559935,180.53293423960082
42.31,184.922252233883,181.46183091354882
42.32,183.953218089775,180.49279676944082
42.33,184.050694808832,180.59027348849781
42.34,185.753673618183,182.29325229784882
42.35,185.00252733932402,181.54210601898984
42.36,186.424545714161,182.96412439382684
42.37,185.04266489707,181.58224357673583
42.38,186.143582072875,182.68316075254083
42.39,184.53807870051702,181.07765738018284
42.4,184.853445011314,181.39302369097982
42.41,185.08280245816601,181.62238113783184
42.42,184.813307469362,181.35288614902782
42.43,186.350004323943,182.88958300360883
42.44,186.177985775233,182.71756445489882
42.45,183.941750241773,180.48132892143883
42.46,184.847711076544,181.3872897562098
42.47,185.788077292644,182.32765597230983
42.48,184.33165722726298,180.8712359069288
42.49,185.725003891345,182.26458257101083
42.5,185.48417825339402,182.02375693305984
42.51,186.235325284632,182.77490396429783
42.52,184.526610838567,181.06618951823282
42.53,185.931425962727,182.4710046423928
42.54,186.453215482706,182.99279416237184
42.55,184.04496088363499,180.5845395633008
42.56,185.157343651948,181.69692233161382
42.57,184.388996516501,180.92857519616683
42.58,185.78234334672902,182.32192202639484
42.59,185.793811238627,182.33338991829282
42.6,185.283490313902,181.82306899356783
42.61,185.856884648951,182.39646332861682
42.62,184.44060188266099,180.9801805623268
42.63,185.75940756375502,182.29898624342084
42.64,185.702068111106,182.24164679077182
42.65,184.486473323896,181.02605200356183
42.66,184.96238978492798,181.5019684645938
42.67,184.486473323896,181.02605200356183
42.68,185.59312316990898,182.1327018495748
42.69,184.784637798591,181.32421647825683
42.7,184.82477533815,181.36435401781583
42.71,185.908490172642,182.4480688523078
42.72,185.134407898784,181.6739865784498
42.73,185.461242484642,182.00082116430784
42.74,187.210097990535,183.7496766702008
42.75,183.236478115278,179.77605679494383
42.76,185.99449939110198,182.5340780707678
42.77,184.687160930754,181.22673961041983
42.78,184.916518298293,181.45609697795882
42.79,186.315600609278,182.85517928894382
42.8,186.155049973388,182.69462865305383
42.81,185.455508542625,181.99508722229083
42.82,184.79037173260798,181.3299504122738
42.83,185.925692015104,182.46527069476983
42.84,185.77087545510602,182.31045413477185
42.85,184.400464375169,180.94004305483483
42.86,186.218123431095,182.75770211076082
42.87,185.071334583225,181.61091326289082
42.88,185.793811238627,182.33338991829282
42.89,185.08280245816601,181.62238113783184
42.9,184.29725365700298,180.8368323366688
42.91,185.392435184948,181.93201386461382
42.92,185.76514150939602,182.30472018906184
42.93,186.286930848938,182.82650952860382
42.94,186.246793187333,182.78637186699882
42.95,185.99449939110198,182.5340780707678
42.96,185.375233361563,181.91481204122883
42.97,185.16881152894,181.70839020860583
42.98,185.352297598007,181.89187627767282
42.99,185.352297598007,181.89187627767282
43.0,183.236478115278,179.77605679494383
43.01,184.457803672611,180.99738235227682
43.02,185.57018739596,182.10976607562583
43.03,184.95665584886,181.49623452852583
43.04,185.99449939110198,182.5340780707678
43.05,185.105738208868,181.6453168885338
43.06,185.294958193902,181.83453687356783
43.07,183.941750241773,180.48132892143883
43.08,186.585096440031,183.12467511969683
43.09,186.315600609278,182.85517928894382
43.1,183.683723734036,180.22330241370182
43.11,185.43257277523898,181.9721514549048
43.12,184.429134023035,180.96871270270083
43.13,185.736471781875,182.27605046154082
43.14,186.02890308279402,182.56848176245984
43.15,184.130969768775,180.67054844844083
43.16,185.914224120061,182.45380279972682
43.17,184.452069742559,180.9916484222248
43.18,185.249086675542,181.78866535520783
43.19,186.241059235948,182.78063791561382
43.2,185.89128833079698,182.4308670104628
43.21,185.983031494419,182.52261017408483
43.22,183.230744199789,179.77032287945482
43.23,186.218123431095,182.75770211076082
43.24,185.707802056063,182.24738073572883
43.25,184.893582556616,181.43316123628182
43.26,186.27546294528,182.81504162494582
43.27,184.486473323896,181.02605200356183
43.28,185.833948862421,182.37352754208683
43.29,185.960095701872,182.49967438153783
43.3,185.054132771327,181.59371145099283
43.31,185.598857113567,182.13843579323282
43.32,185.134407898784,181.6739865784498
43.33,184.76170206320398,181.3012807428698
43.34,184.933720105268,181.47329878493383
43.35,184.71009666258502,181.24967534225084
43.36,185.254820615097,181.79439929476283
43.37,185.312160014416,181.85173869408183
43.38,185.180279406205,181.7198580858708
43.39,185.86261859575401,182.40219727541984
43.4,184.234180451251,180.77375913091683
43.41,185.94289385817999,182.4824725378458
43.42,184.910784362771,181.45036304243683
43.43,184.853445011314,181.39302369097982
43.44,186.005967288059,182.54554596772482
43.45,185.392435184948,181.93201386461382
43.46,185.85115070221602,182.39072938188184
43.47,184.62408767385898,181.1636663535248
43.48,184.73303239550998,181.2726110751758
43.49,186.82018867105398,183.3597673507198
43.5,184.916518298293,181.45609697795882
43.51,186.18371972586502,182.72329840553084
43.52,184.641289470373,181.18086815003883
43.53,184.79037173260798,181.3299504122738
43.54,184.870646816033,181.41022549569882
43.55,184.509409046155,181.04898772582084
43.56,185.885554383651,182.42513306331682
43.57,185.00252733932402,181.54210601898984
43.58,184.870646816033,181.41022549569882
43.59,185.191747283744,181.73132596340983
43.6,183.70665941800598,180.2462380976718
43.61,185.226150918002,181.76572959766781
43.62,185.403903067546,181.94348174721182
43.63,185.914224120061,182.45380279972682
43.64,185.375233361563,181.91481204122883
43.65,185.392435184948,181.93201386461382
43.66,185.220416978788,181.75999565845382
43.67,184.813307469362,181.35288614902782
43.68,185.077068520662,181.61664720032783
43.69,185.478444311104,182.01802299076982
43.7,183.798402164826,180.33798084449182
43.71,185.707802056063,182.24738073572883
43.72,185.249086675542,181.78866535520783
43.73,185.30642607417602,181.84600475384184
43.74,187.015143291275,183.55472197094082
43.75,185.753673618183,182.29325229784882
43.76,185.025463086197,181.56504176586282
43.77,184.03349303344498,180.5730717131108
43.78,185.811013076986,182.35059175665182
43.79,186.33853641878102,182.87811509844684
43.8,185.598857113567,182.13843579323282
43.81,184.280051872795,180.81963055246084
43.82,184.578216219495,181.11779489916083
43.83,185.616058944952,182.1556376246178
43.84,185.788077292644,182.32765597230983
43.85,186.34427037132798,182.8838490509938
43.86,183.809870009409,180.34944868907482
43.87,183.69519157588502,180.23477025555084
43.88,184.446335812576,180.98591449224182
43.89,184.996793402777,181.53637208244282
43.9,185.83968280895098,182.3792614886168
43.91,185.094270333381,181.6338490130468
43.92,184.578216219495,181.11779489916083
43.93,185.088536395739,181.62811507540482
43.94,186.390141994163,182.92972067382883
43.95,184.882114686188,181.42169336585383
43.96,185.495646138181,182.03522481784682
43.97,184.543812631595,181.0833913112608
43.98,184.062162659432,180.60174133909783
43.99,184.916518298293,181.45609697795882
44.0,185.134407898784,181.6739865784498
44.01,185.363765479648,181.90334415931383
44.02,183.907346699408,180.44692537907383
44.03,185.346563657288,181.8861423369538
44.04,184.53807870051702,181.07765738018284
44.05,186.424545714161,182.96412439382684
44.06,185.363765479648,181.90334415931383
44.07,185.048398834164,181.58797751382983
44.08,184.71583059571302,181.25540927537884
44.09,185.965829649906,182.50540832957182
44.1,186.50482107039502,183.04439975006085
44.11,185.05986670855802,181.59944538822384
44.12,184.84197714184302,181.38155582150884
44.13,185.403903067546,181.94348174721182
44.14,186.64243599797499,183.1820146776408
44.15,184.41193223411,180.95151091377582
44.16,185.931425962727,182.4710046423928
44.17,184.968123721066,181.50770240073183
44.18,184.784637798591,181.32421647825683
44.19,186.88899617504802,183.42857485471384
44.2,185.89702227801,182.43660095767584
44.21,184.72729846217598,181.2668771418418
44.22,183.87294315950498,180.4125218391708
44.23,184.77316993076101,181.31274861042684
44.24,186.281196897075,182.82077557674083
44.25,185.656196553909,182.19577523357484
44.26,185.736471781875,182.27605046154082
44.27,184.767435996948,181.30701467661382
44.28,184.429134023035,180.96871270270083
44.29,186.430279667733,182.96985834739883
44.3,185.805279130798,182.34485781046382
44.31,185.157343651948,181.69692233161382
44.32,184.44060188266099,180.9801805623268
44.33,185.489912195753,182.02949087541882
44.34,184.73303239550998,181.2726110751758
44.35,186.206655529078,182.74623420874383
44.36,185.231884857284,181.77146353694982
44.37,183.305285106473,179.84486378613883
44.38,185.535783737087,182.07536241675282
44.39,186.539224798598,183.07880347826384
44.4,185.28922425386799,181.8288029335338
44.41,186.27546294528,182.81504162494582
44.42,184.96238978492798,181.5019684645938
44.43,185.329361835544,181.86894051520983
44.44,185.66193049831898,182.2015091779848
44.45,184.738766328912,181.27834500857782
44.46,184.750234195921,181.28981287558682
44.47,183.69519157588502,180.23477025555084
44.48,186.212389480052,182.75196815971782
44.49,185.747939672678,182.28751835234382
44.5,187.015143291275,183.55472197094082
44.51,185.363765479648,181.90334415931383
44.52,185.048398834164,181.58797751382983
44.53,184.486473323896,181.02605200356183
44.54,186.155049973388,182.69462865305383
44.55,185.965829649906,182.50540832957182
44.56,185.243352736054,181.78293141571982
44.57,183.827071776797,180.36665045646282
44.58,184.658491267503,181.19806994716882
44.59,186.453215482706,182.99279416237184
44.6,185.76514150939602,182.30472018906184
44.61,184.916518298293,181.45609697795882
44.62,185.793811238627,182.33338991829282
44.63,187.210097990535,183.7496766702008
44.64,185.94289385817999,182.4824725378458
44.65,185.191747283744,181.73132596340983
44.66,185.82821491596,182.3677935956258
44.67,185.696334166217,182.23591284588284
44.68,185.226150918002,181.76572959766781
44.69,185.57018739596,182.10976607562583
44.7,183.809870009409,180.34944868907482
44.71,186.01170123664,182.55127991630582
44.72,184.04496088363499,180.5845395633008
44.73,185.346563657288,181.8861423369538
44.74,185.358031538793,181.89761021845882
44.75,184.675693065248,181.21527174491382
44.76,185.237618796635,181.7771974763008
44.77,184.612619809858,181.1521984895238
44.78,186.802986796594,183.34256547625984
44.79,185.713536001089,182.25311468075483
44.8,184.371794729012,180.91137340867783
44.81,185.83968280895098,182.3792614886168
44.82,183.89014492914902,180.42972360881484
44.83,185.501380080677,182.04095876034282
44.84,186.12638022261999,182.6659589022858
44.85,185.145875775229,181.68545445489482
44.86,185.75940756375502,182.29898624342084
44.87,184.205510815008,180.74508949467383
44.88,184.22844652386598,180.7680252035318
44.89,185.524315851344,182.06389453100982
44.9,185.266288494414,181.80586717407982
44.91,186.493353161541,183.03293184120682
44.92,184.14243762129,180.6820163009558
44.93,184.870646816033,181.41022549569882
44.94,186.263995041896,182.80357372156183
44.95,184.05642873409798,180.5960074137638
44.96,185.317893954723,181.8574726343888
44.97,185.237618796635,181.7771974763008
44.98,184.767435996948,181.30701467661382
44.99,186.143582072875,182.68316075254083
45.0,184.09083228712902,180.63041096679484
45.01,185.518581908574,182.05816058823982
45.02,184.641289470373,181.18086815003883
45.03,184.039226958506,180.57880563817181
45.04,185.455508542625,181.99508722229083
45.05,184.457803672611,180.99738235227682
45.06,184.04496088363499,180.5845395633008
45.07,184.016291258673,180.55586993833882
45.08,185.988765442726,182.52834412239181
45.09,185.312160014416,181.85173869408183
45.1,184.82477533815,181.36435401781583
45.11,185.541517680062,182.0810963597278
45.12,185.111472146715,181.6510508263808
45.13,183.8442735448,180.3838522244658
45.14,186.263995041896,182.80357372156183
45.15,183.947484165739,180.48706284540484
45.16,186.430279667733,182.96985834739883
45.17,184.74450026238202,181.28407894204784
45.18,184.257116161476,180.79669484114183
45.19,186.149316023097,182.6888947027628
45.2,185.11720608463,181.65678476429582
45.21,187.158492327156,183.69807100682183
45.22,184.388996516501,180.92857519616683
45.23,186.780050964938,183.31962964460382
45.24,185.93715991042,182.47673859008583
45.25,186.980739529022,183.52031820868783
45.26,183.981887710976,180.52146639064182
45.27,183.55184357243903,180.09142225210485
45.28,184.979591593545,181.51917027321082
45.29,185.76514150939602,182.30472018906184
45.3,186.29266480086898,182.8322434805348
45.31,185.10000427109,181.63958295075582
45.32,185.226150918002,181.76572959766781
45.33,185.122940022613,181.66251870227882
45.34,184.870646816033,181.41022549569882
45.35,185.048398834164,181.58797751382983
45.36,185.094270333381,181.6338490130468
45.37,184.77316993076101,181.31274861042684
45.38,185.283490313902,181.82306899356783
45.39,186.757115134376,183.29669381404182
45.4,184.46353760273098,181.0031162823968
45.41,185.300692134005,181.84027081367083
45.42,185.283490313902,181.82306899356783
45.43,185.598857113567,182.13843579323282
45.44,184.82477533815,181.36435401781583
45.45,184.394730445801,180.93430912546683
45.46,185.495646138181,182.03522481784682
45.47,185.088536395739,181.62811507540482
45.48,185.874086489566,182.41366516923182
45.49,185.08280245816601,181.62238113783184
45.5,185.564453452643,182.10403213230882
45.51,186.71124347653398,183.2508221561998
45.52,184.102300138686,180.6418788183518
45.53,185.369499420571,181.90907810023683
45.54,185.948627806009,182.48820648567482
45.55,184.62408767385898,181.1636663535248
45.56,185.013995212624,181.55357389228982
45.57,185.51284796587302,182.05242664553884
45.58,184.423400093325,180.96297877299082
45.59,184.647023402682,181.18660208234783
45.6,184.612619809858,181.1521984895238
45.61,186.401609900555,182.94118858022082
45.62,184.371794729012,180.91137340867783
45.63,184.945187976927,181.48476665659283
45.64,185.908490172642,182.4480688523078
45.65,184.905050427318,181.44462910698383
45.66,185.352297598007,181.89187627767282
45.67,183.913080622965,180.45265930263082
45.68,185.85115070221602,182.39072938188184
45.69,185.874086489566,182.41366516923182
45.7,184.394730445801,180.93430912546683
45.71,184.899316491933,181.43889517159883
45.72,184.268584016999,180.80816269666482
45.73,184.899316491933,181.43889517159883
45.74,185.776609400883,182.3161880805488
45.75,184.755968129529,181.29554680919483
45.76,186.522022934189,183.06160161385483
45.77,185.610325001088,182.14990368075382
45.78,184.388996516501,180.92857519616683
45.79,185.294958193902,181.83453687356783
45.8,184.429134023035,180.96871270270083
45.81,184.406198304605,180.94577698427082
45.82,184.00482340916702,180.54440208883284
45.83,185.83968280895098,182.3792614886168
45.84,186.441747575083,182.98132625474884
45.85,186.09771047356102,182.63728915322685
45.86,183.752530789228,180.2921094688938
45.87,184.658491267503,181.19806994716882
45.88,186.13211417263602,182.67169285230185
45.89,185.375233361563,181.91481204122883
45.9,185.249086675542,181.78866535520783
45.91,185.019729149376,181.5593078290418
45.92,184.43486795281402,180.97444663247984
45.93,184.46927153292,181.00885021258583
45.94,185.604591057293,182.14416973695882
45.95,184.784637798591,181.32421647825683
45.96,185.340829716639,181.88040839630483
45.97,185.358031538793,181.89761021845882
45.98,185.627526832883,182.16710551254883
45.99,185.507114023241,182.04669270290682
46.0,185.965829649906,182.50540832957182
46.01,186.18371972586502,182.72329840553084
46.02,183.46010087266,179.99967955232583
46.03,186.60803226238798,183.1476109420538
46.04,185.249086675542,181.78866535520783
46.05,183.156203304661,179.69578198432683
46.06,185.833948862421,182.37352754208683
46.07,185.145875775229,181.68545445489482
46.08,186.051838878622,182.59141755828782
46.09,185.97729754617902,182.51687622584484
46.1,185.283490313902,181.82306899356783
46.11,184.807573535071,181.3471522147368
46.12,184.194042960989,180.73362164065483
46.13,185.530049794181,182.06962847384682
46.14,186.50482107039502,183.04439975006085
46.15,184.503675115488,181.04325379515382
46.16,186.120646272671,182.66022495233682
46.17,184.073630510306,180.61320918997183
46.18,186.051838878622,182.59141755828782
46.19,186.200921578172,182.74050025783782
46.2,185.558719509395,182.0982981890608
46.21,185.39816912621302,181.93774780587884
46.22,185.616058944952,182.1556376246178
46.23,185.025463086197,181.56504176586282
46.24,186.246793187333,182.78637186699882
46.25,185.524315851344,182.06389453100982
46.26,185.16881152894,181.70839020860583
46.27,184.83624320721,181.37582188687583
46.28,185.312160014416,181.85173869408183
46.29,186.390141994163,182.92972067382883
46.3,184.452069742559,180.9916484222248
46.31,185.28922425386799,181.8288029335338
46.32,184.73303239550998,181.2726110751758
46.33,185.449774600676,181.98935328034182
46.34,185.51284796587302,182.05242664553884
46.35,185.530049794181,182.06962847384682
46.36,185.472710368881,182.01228904854682
46.37,184.933720105268,181.47329878493383
46.38,186.01170123664,182.55127991630582
46.39,186.09771047356102,182.63728915322685
46.4,185.54725162310498,182.0868303027708
46.41,186.229591333385,182.76917001305083
46.42,184.532344769508,181.07192344917382
46.43,184.927986169542,181.46756484920783
46.44,185.805279130798,182.34485781046382
46.45,183.792668242637,180.33224692230283
46.46,185.48417825339402,182.02375693305984
46.47,184.750234195921,181.28981287558682
46.48,185.51284796587302,182.05242664553884
46.49,185.908490172642,182.4480688523078
46.5,185.094270333381,181.6338490130468
46.51,186.218123431095,182.75770211076082
46.52,185.793811238627,182.33338991829282
46.53,185.277756374004,181.81733505366984
46.54,186.57362852926198,183.1132072089278
46.55,184.647023402682,181.18660208234783
46.56,184.830509272646,181.37008795231182
46.57,185.43257277523898,181.9721514549048
46.58,185.386701243751,181.9262799234168
46.59,186.533490843727,183.07306952339283
46.6,186.894730134158,183.43430881382383
46.61,184.79037173260798,181.3299504122738
46.62,185.426838833564,181.96641751322983
46.63,186.281196897075,182.82077557674083
46.64,184.79037173260798,181.3299504122738
46.65,185.902756225292,182.44233490495782
46.66,185.237618796635,181.7771974763008
46.67,183.850007467604,180.38958614726982
46.68,185.919958067548,182.45953674721383
46.69,185.822480969567,182.36205964923283
46.7,184.612619809858,181.1521984895238
46.71,185.558719509395,182.0982981890608
46.72,185.919958067548,182.45953674721383
46.73,185.747939672678,182.28751835234382
46.74,185.81674702324202,182.35632570290784
46.75,185.478444311104,182.01802299076982
46.76,185.346563657288,181.8861423369538
46.77,184.486473323896,181.02605200356183
46.78,186.780050964938,183.31962964460382
46.79,185.97729754617902,182.51687622584484
46.8,185.329361835544,181.86894051520983
46.81,185.191747283744,181.73132596340983
46.82,184.526610838567,181.06618951823282
46.83,185.788077292644,182.32765597230983
46.84,185.89128833079698,182.4308670104628
46.85,184.555280493955,181.09485917362082
46.86,185.140141836973,181.6797205166388
46.87,185.208949100566,181.74852778023183
46.88,186.550692708546,183.09027138821182
46.89,185.885554383651,182.42513306331682
46.9,184.647023402682,181.18660208234783
46.91,184.796105666694,181.3356843463598
46.92,184.062162659432,180.60174133909783
46.93,184.457803672611,180.99738235227682
46.94,185.48417825339402,182.02375693305984
46.95,183.71239333917,180.25197201883583
46.96,186.76858304952,183.30816172918583
46.97,184.113767990517,180.65334667018283
46.98,185.06560064585798,181.6051793255238
46.99,185.707802056063,182.24738073572883
47.0,184.337391155879,180.87696983554483
47.01,185.69060022139598,182.2301789010618
47.02,185.231884857284,181.77146353694982
47.03,184.58395015105202,181.12352883071785
47.04,185.11720608463,181.65678476429582
47.05,185.638994721088,182.17857340075383
47.06,184.70436272952398,181.2439414091898
47.07,184.14243762129,180.6820163009558
47.08,185.702068111106,182.24164679077182
47.09,185.627526832883,182.16710551254883
47.1,182.955516336748,179.4950950164138
47.11,185.914224120061,182.45380279972682
47.12,184.933720105268,181.47329878493383
47.13,187.34197915544098,183.8815578351068
47.14,185.736471781875,182.27605046154082
47.15,184.400464375169,180.94004305483483
47.16,185.180279406205,181.7198580858708
47.17,184.371794729012,180.91137340867783
47.18,186.60803226238798,183.1476109420538
47.19,187.536933987209,184.07651266687483
47.2,184.36606079998498,180.9056394796508
47.21,184.165373327139,180.70495200680483
47.22,185.031197023086,181.57077570275183
47.23,186.332802466303,182.87238114596883
47.24,185.025463086197,181.56504176586282
47.25,186.01743518529,182.55701386495582
47.26,184.819041403722,181.35862008338782
47.27,184.76170206320398,181.3012807428698
47.28,185.83968280895098,182.3792614886168
47.29,186.246793187333,182.78637186699882
47.3,183.448633036418,179.9882117160838
47.31,185.43830671698302,181.97788539664884
47.32,184.49220725435802,181.03178593402384
47.33,185.776609400883,182.3161880805488
47.34,186.27546294528,182.81504162494582
47.35,184.60115194613,181.1407306257958
47.36,184.125235842621,180.66481452228683
47.37,184.165373327139,180.70495200680483
47.38,185.66193049831898,182.2015091779848
47.39,186.430279667733,182.96985834739883
47.4,185.845416755549,182.38499543521482
47.41,185.62179288888302,182.16137156854884
47.42,184.968123721066,181.50770240073183
47.43,186.91766597128398,183.4572446509498
47.44,185.564453452643,182.10403213230882
47.45,184.457803672611,180.99738235227682
47.46,185.988765442726,182.52834412239181
47.47,183.454366954505,179.9939456341708
47.48,185.518581908574,182.05816058823982
47.49,186.734179304908,183.27375798457382
47.5,185.48417825339402,182.02375693305984
47.51,185.128673960664,181.66825264032983
47.52,184.096566212873,180.63614489253882
47.53,185.983031494419,182.52261017408483
47.54,186.550692708546,183.09027138821182
47.55,185.702068111106,182.24164679077182
47.56,184.423400093325,180.96297877299082
47.57,185.094270333381,181.6338490130468
47.58,186.745647219505,183.28522589917083
47.59,186.309866657073,182.84944533673882
47.6,185.249086675542,181.78866535520783
47.61,185.868352542626,182.40793122229184
47.62,184.847711076544,181.3872897562098
47.63,186.625234129874,183.16481280953982
47.64,186.975005568886,183.5145842485518
47.65,184.262850089203,180.80242876886882
47.66,185.965829649906,182.50540832957182
47.67,185.67913233195998,182.2187110116258
47.68,186.522022934189,183.06160161385483
47.69,186.71124347653398,183.2508221561998
47.7,185.97729754617902,182.51687622584484
47.71,185.105738208868,181.6453168885338
47.72,184.916518298293,181.45609697795882
47.73,186.309866657073,182.84944533673882
47.74,186.625234129874,183.16481280953982
47.75,185.10000427109,181.63958295075582
47.76,185.16307759040998,181.7026562700758
47.77,184.062162659432,180.60174133909783
47.78,186.39587594732498,182.9354546269908
47.79,186.281196897075,182.82077557674083
47.8,184.62408767385898,181.1636663535248
47.81,185.805279130798,182.34485781046382
47.82,184.199776887964,180.73935556762981
47.83,185.415370950419,181.95494963008483
47.84,186.02890308279402,182.56848176245984
47.85,185.89128833079698,182.4308670104628
47.86,185.031197023086,181.57077570275183
47.87,183.746796867586,180.28637554725182
47.88,185.111472146715,181.6510508263808
47.89,186.91766597128398,183.4572446509498
47.9,184.69289486360898,181.2324735432748
47.91,185.535783737087,182.07536241675282
47.92,185.908490172642,182.4480688523078
47.93,186.975005568886,183.5145842485518
47.94,186.01170123664,182.55127991630582
47.95,184.82477533815,181.36435401781583
47.96,184.480739393503,181.02031807316882
47.97,185.266288494414,181.80586717407982
47.98,186.223857382205,182.76343606187083
47.99,185.638994721088,182.17857340075383
48.0,185.266288494414,181.80586717407982
48.01,185.272022434175,181.81160111384082
48.02,185.208949100566,181.74852778023183
48.03,186.539224798598,183.07880347826384
48.04,186.166517874174,182.7060965538398
48.05,184.085098361453,180.62467704111882
48.06,184.60688587796,181.14646455762582
48.07,184.767435996948,181.30701467661382
48.08,185.93715991042,182.47673859008583
48.09,186.367206182198,182.90678486186383
48.1,185.93715991042,182.47673859008583
48.11,186.05757282775,182.59715150741582
48.12,185.10000427109,181.63958295075582
48.13,186.453215482706,182.99279416237184
48.14,186.01170123664,182.55127991630582
48.15,187.19863006486102,183.73820874452684
48.16,185.16307759040998,181.7026562700758
48.17,186.12638022261999,182.6659589022858
48.18,187.68028317864102,184.21986185830684
48.19,185.67913233195998,182.2187110116258
48.2,184.63555553813399,181.1751342177998
48.21,185.960095701872,182.49967438153783
48.22,185.180279406205,181.7198580858708
48.23,187.112620631025,183.65219931069083
48.24,185.157343651948,181.69692233161382
48.25,184.945187976927,181.48476665659283
48.26,184.979591593545,181.51917027321082
48.27,184.509409046155,181.04898772582084
48.28,184.54954656274,181.08912524240583
48.29,185.69060022139598,182.2301789010618
48.3,184.618353741824,181.15793242148982
48.31,184.652757335058,181.19233601472382
48.32,184.807573535071,181.3471522147368
48.33,185.530049794181,182.06962847384682
48.34,186.82592262934398,183.3655013090098
48.35,184.14817154765,180.68775022731583
48.36,185.587389226319,182.12696790598483
48.37,184.22844652386598,180.7680252035318
48.38,185.925692015104,182.46527069476983
48.39,185.42110489195701,181.96068357162284
48.4,184.348859013317,180.88843769298282
48.41,184.813307469362,181.35288614902782
48.42,184.59541801436902,181.13499669403484
48.43,185.696334166217,182.23591284588284
48.44,186.418811760657,182.95839044032283
48.45,183.907346699408,180.44692537907383
48.46,185.971563598009,182.51114227767482
48.47,184.968123721066,181.50770240073183
48.48,186.99220744949898,183.5317861291648
48.49,185.931425962727,182.4710046423928
48.5,185.300692134005,181.84027081367083
48.51,184.475005463177,181.01458414284284
48.52,184.618353741824,181.15793242148982
48.53,187.34197915544098,183.8815578351068
48.54,184.933720105268,181.47329878493383
48.55,185.501380080677,182.04095876034282
48.56,186.023169134007,182.56274781367281
48.57,186.29266480086898,182.8322434805348
48.58,185.54725162310498,182.0868303027708
48.59,185.68486627664402,182.22444495630984
48.6,183.850007467604,180.38958614726982
48.61,185.00826127594,181.5478399556058
48.62,184.71009666258502,181.24967534225084
48.63,185.019729149376,181.5593078290418
48.64,185.879820436574,182.41939911623982
48.65,185.08280245816601,181.62238113783184
48.66,185.627526832883,182.16710551254883
48.67,184.56674835658802,181.10632703625384
48.68,186.50482107039502,183.04439975006085
48.69,186.09771047356102,182.63728915322685
48.7,185.40963700894798,181.9492156886138
48.71,185.747939672678,182.28751835234382
48.72,184.76170206320398,181.3012807428698
48.73,185.346563657288,181.8861423369538
48.74,186.407343853854,182.94692253351982
48.75,185.805279130798,182.34485781046382
48.76,184.853445011314,181.39302369097982
48.77,184.618353741824,181.15793242148982
48.78,185.868352542626,182.40793122229184
48.79,185.071334583225,181.61091326289082
48.8,184.53807870051702,181.07765738018284
48.81,185.237618796635,181.7771974763008
48.82,184.79037173260798,181.3299504122738
48.83,185.97729754617902,182.51687622584484
48.84,187.083950823165,183.62352950283082
48.85,185.885554383651,182.42513306331682
48.86,185.294958193902,181.83453687356783
48.87,185.272022434175,181.81160111384082
48.88,186.522022934189,183.06160161385483
48.89,186.510555024925,183.05013370459082
48.9,184.58395015105202,181.12352883071785
48.91,184.49220725435802,181.03178593402384
48.92,184.2169786693,180.75655734896583
48.93,186.676839736024,183.21641841568982
48.94,187.336245190998,183.87582387066382
48.95,184.629821605962,181.16940028562783
48.96,185.89128833079698,182.4308670104628
48.97,184.18830903408198,180.7278877137478
48.98,185.478444311104,182.01802299076982
48.99,186.83739054613,183.37696922579582
49.0,184.010557333886,180.55013601355182
49.01,185.369499420571,181.90907810023683
49.02,185.140141836973,181.6797205166388
49.03,185.42110489195701,181.96068357162284
49.04,186.407343853854,182.94692253351982
49.05,185.08280245816601,181.62238113783184
49.06,185.673398387345,182.21297706701083
49.07,185.105738208868,181.6453168885338
49.08,185.386701243751,181.9262799234168
49.09,186.562160618767,183.10173929843282
49.1,185.868352542626,182.40793122229184
49.11,185.231884857284,181.77146353694982
49.12,184.767435996948,181.30701467661382
49.13,185.83968280895098,182.3792614886168
49.14,185.89702227801,182.43660095767584
49.15,184.738766328912,181.27834500857782
49.16,184.98532552988698,181.5249042095528
49.17,184.383262587269,180.92284126693482
49.18,186.539224798598,183.07880347826384
49.19,185.48417825339402,182.02375693305984
49.2,185.78234334672902,182.32192202639484
49.21,184.755968129529,181.29554680919483
49.22,185.237618796635,181.7771974763008
49.23,184.939454041064,181.47903272072983
49.24,185.68486627664402,182.22444495630984
49.25,184.136703694998,180.67628237466383
49.26,184.658491267503,181.19806994716882
49.27,183.953218089775,180.49279676944082
49.28,185.85115070221602,182.39072938188184
49.29,186.155049973388,182.69462865305383
49.3,185.83968280895098,182.3792614886168
49.31,184.113767990517,180.65334667018283
49.32,186.200921578172,182.74050025783782
49.33,185.461242484642,182.00082116430784
49.34,186.11491232279099,182.6544910024568
49.35,184.77316993076101,181.31274861042684
49.36,185.501380080677,182.04095876034282
49.37,184.905050427318,181.44462910698383
49.38,186.510555024925,183.05013370459082
49.39,185.965829649906,182.50540832957182
49.4,186.166517874174,182.7060965538398
49.41,184.979591593545,181.51917027321082
49.42,185.013995212624,181.55357389228982
49.43,186.481885252961,183.02146393262683
49.44,185.386701243751,181.9262799234168
49.45,185.335095776057,181.8746744557228
49.46,185.908490172642,182.4480688523078
49.47,185.610325001088,182.14990368075382
49.48,186.60803226238798,183.1476109420538
49.49,185.04266489707,181.58224357673583
49.5,184.53807870051702,181.07765738018284
49.51,185.358031538793,181.89761021845882
49.52,185.329361835544,181.86894051520983
49.53,185.58165528279702,182.12123396246284
49.54,186.286930848938,182.82650952860382
49.55,184.423400093325,180.96297877299082
49.56,184.268584016999,180.80816269666482
49.57,184.84197714184302,181.38155582150884
49.58,186.50482107039502,183.04439975006085
49.59,185.28922425386799,181.8288029335338
49.6,184.532344769508,181.07192344917382
49.61,185.08280245816601,181.62238113783184
49.62,185.226150918002,181.76572959766781
49.63,185.78234334672902,182.32192202639484
49.64,186.091976523954,182.63155520361983
49.65,184.102300138686,180.6418788183518
49.66,186.751381176907,183.2909598565728
49.67,184.302987585208,180.84256626487382
49.68,185.249086675542,181.78866535520783
49.69,186.499087115934,183.03866579559983
49.7,185.81674702324202,182.35632570290784
49.71,186.61376621814802,183.15334489781384
49.72,185.43257277523898,181.9721514549048
49.73,186.625234129874,183.16481280953982
49.74,185.426838833564,181.96641751322983
49.75,185.495646138181,182.03522481784682
49.76,185.42110489195701,181.96068357162284
49.77,184.417666163684,180.95724484334983
49.78,186.29266480086898,182.8322434805348
49.79,185.988765442726,182.52834412239181
49.8,184.010557333886,180.55013601355182
49.81,185.97729754617902,182.51687622584484
49.82,184.354592942138,180.89417162180382
49.83,186.539224798598,183.07880347826384
49.84,186.50482107039502,183.04439975006085
49.85,184.44060188266099,180.9801805623268
49.86,186.258261090306,182.79783976997183
49.87,186.11491232279099,182.6544910024568
49.88,186.590830395517,183.13040907518283
49.89,185.71926994618298,182.2588486258488
49.9,184.77316993076101,181.31274861042684
49.91,184.33165722726298,180.8712359069288
49.92,185.69060022139598,182.2301789010618
49.93,186.424545714161,182.96412439382684
49.94,185.908490172642,182.4480688523078
49.95,184.58395015105202,181.12352883071785
49.96,184.76170206320398,181.3012807428698
49.97,184.629821605962,181.16940028562783
49.98,186.34427037132798,182.8838490509938
49.99,186.751381176907,183.2909598565728
50.0,184.77316993076101,181.31274861042684
50.01,184.108034064567,180.64761274423282
50.02,184.452069742559,180.9916484222248
50.03,186.751381176907,183.2909598565728
50.04,183.030057200767,179.56963588043283
50.05,184.354592942138,180.89417162180382
50.06,186.172251824669,182.7118305043348
50.07,184.979591593545,181.51917027321082
50.08,187.353447084534,183.89302576419982
50.09,185.10000427109,181.63958295075582
50.1,186.206655529078,182.74623420874383
50.11,184.71009666258502,181.24967534225084
50.12,184.44060188266099,180.9801805623268
50.13,186.72844534771198,183.2680240273778
50.14,183.953218089775,180.49279676944082
50.15,184.647023402682,181.18660208234783
50.16,186.585096440031,183.12467511969683
50.17,184.801839600849,181.34141828051483
50.18,185.948627806009,182.48820648567482
50.19,184.72156452891,181.26114320857582
50.2,183.786934320516,180.32651300018182
50.21,187.77202668358402,184.31160536324984
50.22,184.939454041064,181.47903272072983
50.23,185.530049794181,182.06962847384682
50.24,184.82477533815,181.36435401781583
50.25,185.386701243751,181.9262799234168
50.26,184.939454041064,181.47903272072983
50.27,185.369499420571,181.90907810023683
50.28,186.023169134007,182.56274781367281
50.29,184.968123721066,181.50770240073183
50.3,185.111472146715,181.6510508263808
50.31,186.246793187333,182.78637186699882
50.32,183.855741390477,180.39532007014282
50.33,185.048398834164,181.58797751382983
50.34,185.254820615097,181.79439929476283
50.35,184.308721513483,180.84830019314882
50.36,185.42110489195701,181.96068357162284
50.37,184.658491267503,181.19806994716882
50.38,185.948627806009,182.48820648567482
50.39,184.182575107244,180.72215378690981
50.4,185.375233361563,181.91481204122883
50.41,184.29725365700298,180.8368323366688
50.42,185.59312316990898,182.1327018495748
50.43,185.249086675542,181.78866535520783
50.44,183.8958788525,180.43545753216583
50.45,184.72156452891,181.26114320857582
50.46,187.594273658654,184.13385233831983
50.47,185.140141836973,181.6797205166388
50.48,185.633260776952,182.17283945661782
50.49,184.17110725377202,180.71068593343784
50.5,183.626384528898,180.16596320856382
50.51,185.89128833079698,182.4308670104628
50.52,184.79037173260798,181.3299504122738
50.53,185.747939672678,182.28751835234382
50.54,184.750234195921,181.28981287558682
50.55,185.380967302623,181.92054598228881
50.56,186.390141994163,182.92972067382883
50.57,185.380967302623,181.92054598228881
50.58,184.497941184889,181.0375198645548
50.59,184.113767990517,180.65334667018283
50.6,185.54725162310498,182.0868303027708
50.61,183.35689035633,179.89646903599584
50.62,185.868352542626,182.40793122229184
50.63,185.86261859575401,182.40219727541984
50.64,183.110331990325,179.64991066999082
50.65,184.74450026238202,181.28407894204784
50.66,185.380967302623,181.92054598228881
50.67,185.352297598007,181.89187627767282
50.68,186.12638022261999,182.6659589022858
50.69,186.177985775233,182.71756445489882
50.7,184.108034064567,180.64761274423282
50.71,184.801839600849,181.34141828051483
50.72,184.285785800796,180.82536448046181
50.73,186.08624257441602,182.62582125408184
50.74,185.564453452643,182.10403213230882
50.75,184.950921912859,181.49050059252482
50.76,185.10000427109,181.63958295075582
50.77,184.950921912859,181.49050059252482
50.78,186.630968085839,183.1705467655048
50.79,184.29725365700298,180.8368323366688
50.8,184.927986169542,181.46756484920783
50.81,184.57248228800802,181.11206096767384
50.82,185.650462609567,182.19004128923282
50.83,186.01170123664,182.55127991630582
50.84,184.475005463177,181.01458414284284
50.85,184.991059466298,181.53063814596382
50.86,184.801839600849,181.34141828051483
50.87,185.449774600676,181.98935328034182
50.88,186.430279667733,182.96985834739883
50.89,183.63785236937798,180.1774310490438
50.9,184.916518298293,181.45609697795882
50.91,185.535783737087,182.07536241675282
50.92,183.91881454659,180.45839322625582
50.93,185.392435184948,181.93201386461382
50.94,186.550692708546,183.09027138821182
50.95,184.56101442523698,181.1005931049028
50.96,187.376382943539,183.91596162320482
50.97,186.470417344654,183.00999602431983
50.98,186.86606033928902,183.40563901895484
50.99,184.72729846217598,181.2668771418418
51.0,184.647023402682,181.18660208234783
51.01,187.548401920951,184.08798060061682
51.02,184.796105666694,181.3356843463598
51.03,186.762849091914,183.30242777157983
51.04,187.009409330728,183.54898801039383
51.05,183.77546647648,180.31504515614583
51.06,185.466976426727,182.00655510639282
51.07,186.470417344654,183.00999602431983
51.08,185.99449939110198,182.5340780707678
51.09,183.13900156127198,179.6785802409378
51.1,183.878677082651,180.41825576231682
51.11,185.375233361563,181.91481204122883
51.12,185.59312316990898,182.1327018495748
51.13,185.983031494419,182.52261017408483
51.14,186.11491232279099,182.6544910024568
51.15,185.088536395739,181.62811507540482
51.16,184.182575107244,180.72215378690981
51.17,185.54725162310498,182.0868303027708
51.18,184.46927153292,181.00885021258583
51.19,185.89702227801,182.43660095767584
51.2,183.792668242637,180.33224692230283
51.21,185.638994721088,182.17857340075383
51.22,184.830509272646,181.37008795231182
51.23,186.241059235948,182.78063791561382
51.24,185.57018739596,182.10976607562583
51.25,183.72386118170198,180.2634398613678
51.26,185.988765442726,182.52834412239181
51.27,185.369499420571,181.90907810023683
51.28,184.899316491933,181.43889517159883
51.29,184.767435996948,181.30701467661382
51.3,184.60688587796,181.14646455762582
51.31,186.493353161541,183.03293184120682
51.32,186.069040726211,182.60861940587682
51.33,185.346563657288,181.8861423369538
51.34,184.870646816033,181.41022549569882
51.35,184.205510815008,180.74508949467383
51.36,185.725003891345,182.26458257101083
51.37,185.352297598007,181.89187627767282
51.38,185.696334166217,182.23591284588284
51.39,184.70436272952398,181.2439414091898
51.4,183.643586289721,180.1831649693868
51.41,186.39587594732498,182.9354546269908
51.42,186.50482107039502,183.04439975006085
51.43,185.89128833079698,182.4308670104628
51.44,185.874086489566,182.41366516923182
51.45,185.403903067546,181.94348174721182
51.46,185.75940756375502,182.29898624342084
51.47,186.01170123664,182.55127991630582
51.48,186.739913262172,183.27949194183782
51.49,184.039226958506,180.57880563817181
51.5,185.335095776057,181.8746744557228
51.51,185.329361835544,181.86894051520983
51.52,185.68486627664402,182.22444495630984
51.53,185.363765479648,181.90334415931383
51.54,184.53807870051702,181.07765738018284
51.55,183.953218089775,180.49279676944082
51.56,185.380967302623,181.92054598228881
51.57,185.06560064585798,181.6051793255238
51.58,186.401609900555,182.94118858022082
51.59,185.134407898784,181.6739865784498
51.6,185.478444311104,182.01802299076982
51.61,184.74450026238202,181.28407894204784
51.62,185.702068111106,182.24164679077182
51.63,185.312160014416,181.85173869408183
51.64,184.509409046155,181.04898772582084
51.65,184.70436272952398,181.2439414091898
51.66,185.466976426727,182.00655510639282
51.67,185.552985566216,182.09256424588182
51.68,185.868352542626,182.40793122229184
51.69,185.43830671698302,181.97788539664884
51.7,185.00826127594,181.5478399556058
51.71,186.05757282775,182.59715150741582
51.72,184.016291258673,180.55586993833882
51.73,185.530049794181,182.06962847384682
51.74,183.72386118170198,180.2634398613678
51.75,185.031197023086,181.57077570275183
51.76,187.038079134144,183.57765781380982
51.77,185.380967302623,181.92054598228881
51.78,185.988765442726,182.52834412239181
51.79,183.97615378659899,180.5157324662648
51.8,185.208949100566,181.74852778023183
51.81,185.369499420571,181.90907810023683
51.82,186.378674088044,182.91825276770982
51.83,186.470417344654,183.00999602431983
51.84,185.67913233195998,182.2187110116258
51.85,185.392435184948,181.93201386461382
51.86,185.575921339344,182.11550001900983
51.87,185.501380080677,182.04095876034282
51.88,185.656196553909,182.19577523357484
51.89,183.8442735448,180.3838522244658
51.9,185.914224120061,182.45380279972682
51.91,187.0896847846,183.62926346426582
51.92,184.56674835658802,181.10632703625384
51.93,186.005967288059,182.54554596772482
51.94,184.268584016999,180.80816269666482
51.95,184.079364435845,180.61894311551083
51.96,185.535783737087,182.07536241675282
51.97,185.352297598007,181.89187627767282
51.98,185.856884648951,182.39646332861682
51.99,185.10000427109,181.63958295075582
52.0,185.66766444279799,182.2072431224638
52.01,185.633260776952,182.17283945661782
52.02,185.105738208868,181.6453168885338
52.03,186.269728993554,182.80930767321982
52.04,185.833948862421,182.37352754208683
52.05,185.180279406205,181.7198580858708
52.06,185.66193049831898,182.2015091779848
52.07,185.466976426727,182.00655510639282
52.08,185.93715991042,182.47673859008583
52.09,185.62179288888302,182.16137156854884
52.1,184.612619809858,181.1521984895238
52.11,186.051838878622,182.59141755828782
52.12,184.979591593545,181.51917027321082
52.13,185.83968280895098,182.3792614886168
52.14,185.392435184948,181.93201386461382
52.15,185.524315851344,182.06389453100982
52.16,186.281196897075,182.82077557674083
52.17,186.13211417263602,182.67169285230185
52.18,186.051838878622,182.59141755828782
52.19,185.352297598007,181.89187627767282
52.2,184.767435996948,181.30701467661382
52.21,186.562160618767,183.10173929843282
52.22,184.813307469362,181.35288614902782
52.23,185.879820436574,182.41939911623982
52.24,184.41193223411,180.95151091377582
52.25,185.82821491596,182.3677935956258
52.26,185.702068111106,182.24164679077182
52.27,183.60918276868898,180.1487614483548
52.28,184.973857657271,181.51343633693682
52.29,183.907346699408,180.44692537907383
52.3,186.590830395517,183.13040907518283
52.31,186.722711390584,183.26229007024983
52.32,184.698628796532,181.23820747619783
52.33,185.317893954723,181.8574726343888
52.34,183.13900156127198,179.6785802409378
52.35,185.140141836973,181.6797205166388
52.36,186.877528257032,183.41710693669782
52.37,184.60115194613,181.1407306257958
52.38,186.235325284632,182.77490396429783
52.39,184.257116161476,180.79669484114183
52.4,185.358031538793,181.89761021845882
52.41,185.449774600676,181.98935328034182
52.42,186.699775562757,183.23935424242282
52.43,185.05986670855802,181.59944538822384
52.44,184.669959132598,181.20953781226382
52.45,186.02890308279402,182.56848176245984
52.46,185.856884648951,182.39646332861682
52.47,185.558719509395,182.0982981890608
52.48,185.644728665294,182.18430734495982
52.49,184.027759108453,180.56733778811883
52.5,185.00826127594,181.5478399556058
52.51,185.76514150939602,182.30472018906184
52.52,185.702068111106,182.24164679077182
52.53,185.788077292644,182.32765597230983
52.54,184.59541801436902,181.13499669403484
52.55,184.03349303344498,180.5730717131108
52.56,185.99449939110198,182.5340780707678
52.57,183.741062946012,180.28064162567782
52.58,186.476151298773,183.01572997843883
52.59,184.922252233883,181.46183091354882
52.6,186.562160618767,183.10173929843282
52.61,184.17684118047399,180.7164198601398
52.62,184.291519728865,180.83109840853083
52.63,185.696334166217,182.23591284588284
52.64,185.226150918002,181.76572959766781
52.65,184.698628796532,181.23820747619783
52.66,186.757115134376,183.29669381404182
52.67,184.14817154765,180.68775022731583
52.68,185.874086489566,182.41366516923182
52.69,184.847711076544,181.3872897562098
52.7,186.630968085839,183.1705467655048
52.71,185.89702227801,182.43660095767584
52.72,184.58395015105202,181.12352883071785
52.73,185.530049794181,182.06962847384682
52.74,184.2169786693,180.75655734896583
52.75,186.350004323943,182.88958300360883
52.76,185.638994721088,182.17857340075383
52.77,185.375233361563,181.91481204122883
52.78,186.189453676566,182.7290323562318
52.79,184.979591593545,181.51917027321082
52.8,184.927986169542,181.46756484920783
52.81,187.393584838511,183.93316351817683
52.82,185.57018739596,182.10976607562583
52.83,186.51628897952298,183.0558676591888
52.84,185.11720608463,181.65678476429582
52.85,185.352297598007,181.89187627767282
52.86,185.43257277523898,181.9721514549048
52.87,185.105738208868,181.6453168885338
52.88,185.89128833079698,182.4308670104628
52.89,184.53807870051702,181.07765738018284
52.9,185.638994721088,182.17857340075383
52.91,186.699775562757,183.23935424242282
52.92,185.300692134005,181.84027081367083
52.93,186.109178372979,182.6487570526448
52.94,184.417666163684,180.95724484334983
52.95,185.340829716639,181.88040839630483
52.96,186.143582072875,182.68316075254083
52.97,185.254820615097,181.79439929476283
52.98,185.495646138181,182.03522481784682
52.99,185.18601334494102,181.72559202460684
53.0,186.11491232279099,182.6544910024568
53.01,186.08624257441602,182.62582125408184
53.02,185.08280245816601,181.62238113783184
53.03,184.973857657271,181.51343633693682
53.04,184.96238978492798,181.5019684645938
53.05,187.043813095032,183.58339177469782
53.06,187.204364027664,183.74394270732984
53.07,185.28922425386799,181.8288029335338
53.08,185.237618796635,181.7771974763008
53.09,185.78234334672902,182.32192202639484
53.1,186.03463703164797,182.5742157113138
53.11,187.072482900499,183.61206158016483
53.12,185.598857113567,182.13843579323282
53.13,185.105738208868,181.6453168885338
53.14,185.461242484642,182.00082116430784
53.15,186.625234129874,183.16481280953982
53.16,186.08624257441602,182.62582125408184
53.17,183.448633036418,179.9882117160838
53.18,184.63555553813399,181.1751342177998
53.19,184.102300138686,180.6418788183518
53.2,187.204364027664,183.74394270732984
53.21,184.893582556616,181.43316123628182
53.22,184.88784862136802,181.42742730103384
53.23,185.730737836576,182.27031651624182
53.24,184.371794729012,180.91137340867783
53.25,185.335095776057,181.8746744557228
53.26,185.44404065879502,181.98361933846084
53.27,184.945187976927,181.48476665659283
53.28,184.996793402777,181.53637208244282
53.29,184.916518298293,181.45609697795882
53.3,185.85115070221602,182.39072938188184
53.31,185.965829649906,182.50540832957182
53.32,184.205510815008,180.74508949467383
53.33,184.893582556616,181.43316123628182
53.34,184.927986169542,181.46756484920783
53.35,186.705509519611,183.24508819927684
53.36,185.948627806009,182.48820648567482
53.37,184.847711076544,181.3872897562098
53.38,185.048398834164,181.58797751382983
53.39,184.486473323896,181.02605200356183
53.4,186.000233339546,182.53981201921184
53.41,185.51284796587302,182.05242664553884
53.42,185.725003891345,182.26458257101083
53.43,185.28922425386799,181.8288029335338
53.44,185.954361753906,182.49394043357182
53.45,185.67913233195998,182.2187110116258
53.46,186.332802466303,182.87238114596883
53.47,184.664225200017,181.20380387968282
53.48,186.200921578172,182.74050025783782
53.49,184.337391155879,180.87696983554483
53.5,186.952069729025,183.49164840869082
53.51,186.080508624946,182.62008730461181
53.52,186.590830395517,183.13040907518283
53.53,185.42110489195701,181.96068357162284
53.54,185.501380080677,182.04095876034282
53.55,186.000233339546,182.53981201921184
53.56,184.784637798591,181.32421647825683
53.57,183.253679862154,179.79325854181982
53.58,185.66766444279799,182.2072431224638
53.59,185.077068520662,181.61664720032783
53.6,186.390141994163,182.92972067382883
53.61,186.36147222937802,182.90105090904385
53.62,185.094270333381,181.6338490130468
53.63,185.06560064585798,181.6051793255238
53.64,185.088536395739,181.62811507540482
53.65,185.495646138181,182.03522481784682
53.66,185.358031538793,181.89761021845882
53.67,184.337391155879,180.87696983554483
53.68,184.457803672611,180.99738235227682
53.69,184.807573535071,181.3471522147368
53.7,187.29610744180602,183.83568612147184
53.71,186.02890308279402,182.56848176245984
53.72,186.453215482706,182.99279416237184
53.73,185.507114023241,182.04669270290682
53.74,185.237618796635,181.7771974763008
53.75,185.99449939110198,182.5340780707678
53.76,186.78578492275,183.32536360241582
53.77,185.140141836973,181.6797205166388
53.78,184.377528658106,180.91710733777182
53.79,184.102300138686,180.6418788183518
53.8,184.60115194613,181.1407306257958
53.81,186.590830395517,183.13040907518283
53.82,185.541517680062,182.0810963597278
53.83,185.237618796635,181.7771974763008
53.84,185.346563657288,181.8861423369538
53.85,185.518581908574,182.05816058823982
53.86,184.652757335058,181.19233601472382
53.87,185.220416978788,181.75999565845382
53.88,185.66766444279799,182.2072431224638
53.89,185.478444311104,182.01802299076982
53.9,187.273171586629,183.8127502662948
53.91,186.13211417263602,182.67169285230185
53.92,185.62179288888302,182.16137156854884
53.93,186.11491232279099,182.6544910024568
53.94,185.283490313902,181.82306899356783
53.95,185.57018739596,182.10976607562583
53.96,186.493353161541,183.03293184120682
53.97,186.751381176907,183.2909598565728
53.98,185.598857113567,182.13843579323282
53.99,185.908490172642,182.4480688523078
54.0,185.048398834164,181.58797751382983
54.01,186.757115134376,183.29669381404182
54.02,184.618353741824,181.15793242148982
54.03,185.988765442726,182.52834412239181
54.04,183.13326764694602,179.67284632661185
54.05,187.055281017014,183.59485969667983
54.06,186.814454712833,183.35403339249882
54.07,184.56101442523698,181.1005931049028
54.08,185.335095776057,181.8746744557228
54.09,185.214683039643,181.75426171930883
54.1,188.79840833842502,185.33798701809084
54.11,187.19289610212599,183.7324747817918
54.12,185.455508542625,181.99508722229083
54.13,184.09083228712902,180.63041096679484
54.14,185.111472146715,181.6510508263808
54.15,185.51284796587302,182.05242664553884
54.16,185.71926994618298,182.2588486258488
54.17,185.793811238627,182.33338991829282
54.18,185.00252733932402,181.54210601898984
54.19,185.89128833079698,182.4308670104628
54.2,185.67913233195998,182.2187110116258
54.21,186.223857382205,182.76343606187083
54.22,186.074774675544,182.61435335520983
54.23,186.401609900555,182.94118858022082
54.24,185.140141836973,181.6797205166388
54.25,186.648169954146,183.18774863381182
54.26,186.470417344654,183.00999602431983
54.27,185.449774600676,181.98935328034182
54.28,185.707802056063,182.24738073572883
54.29,185.650462609567,182.19004128923282
54.3,186.063306776946,182.60288545661183
54.31,186.430279667733,182.96985834739883
54.32,186.000233339546,182.53981201921184
54.33,184.337391155879,180.87696983554483
54.34,185.025463086197,181.56504176586282
54.35,187.215831953474,183.75541063313983
54.36,186.65963786669198,183.1992165463578
54.37,184.870646816033,181.41022549569882
54.38,185.466976426727,182.00655510639282
54.39,184.343125084564,180.88270376422983
54.4,186.390141994163,182.92972067382883
54.41,186.814454712833,183.35403339249882
54.42,184.285785800796,180.82536448046181
54.43,185.375233361563,181.91481204122883
54.44,184.46353760273098,181.0031162823968
54.45,185.449774600676,181.98935328034182
54.46,186.29266480086898,182.8322434805348
54.47,186.18371972586502,182.72329840553084
54.48,187.255969695965,183.79554837563083
54.49,186.63670204187298,183.1762807215388
54.5,187.789228592709,184.32880727237483
54.51,186.94633576923,183.4859144488958
54.52,184.784637798591,181.32421647825683
54.53,185.971563598009,182.51114227767482
54.54,182.187172719495,178.72675139916083
54.55,183.46583479088298,180.0054134705488
54.56,182.92684677674097,179.4664254564068
54.57,182.674554722382,179.21413340204782
54.58,184.027759108453,180.56733778811883
54.59,184.14243762129,180.6820163009558
54.6,186.149316023097,182.6888947027628
54.61,186.023169134007,182.56274781367281
54.62,184.320189370236,180.85976804990182
54.63,184.807573535071,181.3471522147368
54.64,184.257116161476,180.79669484114183
54.65,185.931425962727,182.4710046423928
54.66,183.99908948451701,180.53866816418284
54.67,184.641289470373,181.18086815003883
54.68,186.602298306696,183.14187698636184
54.69,185.048398834164,181.58797751382983
54.7,187.737622867179,184.27720154684482
54.71,185.793811238627,182.33338991829282
54.72,186.378674088044,182.91825276770982
54.73,185.931425962727,182.4710046423928
54.74,184.520876907695,181.06045558736082
54.75,184.343125084564,180.88270376422983
54.76,182.548408744841,179.08798742450682
54.77,180.27778680788,176.81736548754583
54.78,179.991092881221,176.53067156088682
54.79,180.432601599349,176.97218027901482
54.8,181.218144087118,177.75772276678381
54.81,182.548408744841,179.08798742450682
54.82,182.634417362302,179.17399604196783
54.83,184.56674835658802,181.10632703625384
54.84,186.808720754679,183.34829943434482
54.85,185.948627806009,182.48820648567482
54.86,184.314455441825,180.85403412149083
54.87,183.827071776797,180.36665045646282
54.88,182.99565372363,179.53523240329582
54.89,180.014028389064,176.55360706872983
54.9,179.629858777001,176.16943745666683
54.91,177.301912170395,173.84149085006084
54.92,175.696438318449,172.23601699811482
54.93,178.861520473641,175.40109915330683
54.94,178.385610050715,174.92518873038082
54.95,180.17457697459201,176.71415565425784
54.96,182.588546097741,179.1281247774068
54.97,183.03579111386298,179.5753697935288
54.98,184.910784362771,181.45036304243683
54.99,187.072482900499,183.61206158016483
55.0,187.491062254977,184.03064093464283
55.01,188.007119494894,184.54669817455982
55.02,188.44290159546,184.98248027512582
55.03,188.666526774079,185.2061054537448
55.04,186.88326221600602,183.42284089567184
55.05,186.177985775233,182.71756445489882
55.06,186.103444423236,182.64302310290182
55.07,185.386701243751,181.9262799234168
55.08,186.332802466303,182.87238114596883
55.09,186.149316023097,182.6888947027628
55.1,187.473860356517,184.01343903618283
55.11,186.848858463188,183.38843714285383
55.12,186.229591333385,182.76917001305083
55.13,186.65963786669198,183.1992165463578
55.14,185.564453452643,182.10403213230882
55.15,185.16881152894,181.70839020860583
55.16,183.798402164826,180.33798084449182
55.17,182.450932330315,178.99051100998082
55.18,185.19748122261598,181.7370599022818
55.19,182.938314600539,179.47789328020482
55.2,184.010557333886,180.55013601355182
55.21,184.950921912859,181.49050059252482
55.22,185.472710368881,182.01228904854682
55.23,186.29266480086898,182.8322434805348
55.24,185.89702227801,182.43660095767584
55.25,187.19289610212599,183.7324747817918
55.26,187.095418746103,183.63499742576883
55.27,186.241059235948,182.78063791561382
55.28,185.237618796635,181.7771974763008
55.29,184.70436272952398,181.2439414091898
55.3,186.682573692605,183.2221523722708
55.31,183.17340504866502,179.71298372833084
55.32,184.669959132598,181.20953781226382
55.33,184.830509272646,181.37008795231182
55.34,182.273181272344,178.81275995200983
55.35,181.13786961344098,177.6774482931068
55.36,177.582870645593,174.12244932525883
55.37,174.77329328079298,171.3128719604588
55.38,174.371926425896,170.91150510556182
55.39,172.869670599721,169.4092492793868
55.4,175.49575446385302,172.03533314351884
55.41,178.035844859456,174.57542353912183
55.42,178.00144173963199,174.5410204192978
55.43,183.798402164826,180.33798084449182
55.44,186.45894943662,182.99852811628583
55.45,192.043853014641,188.58343169430682
55.46,191.854630373896,188.3942090535618
55.47,192.94409508284102,189.48367376250684
55.48,191.33856900486398,187.8781476845298
55.49,186.85459242182,183.39417110148582
55.5,182.267447368342,178.80702604800783
55.51,176.96934928946,173.50892796912584
55.52,171.476361184994,168.01593986465983
55.53,163.781696307889,160.32127498755483
55.54,157.560689908364,154.10026858802982
55.55,156.144490481536,152.68406916120182
55.56,157.692562941766,154.23214162143182
55.57,165.048842040028,161.58842071969383
55.58,171.659842029366,168.1994207090318
55.59,174.807696169658,171.3472748493238
55.6,170.455750266015,166.99532894568082
55.61,158.535404487758,155.07498316742382
55.62,150.22745945335998,146.7670381330258
55.63,146.386015110974,142.92559379063982
55.64,140.549371848616,137.08895052828183
55.65,140.824575440394,137.36415412005982
55.66,139.660694659032,136.20027333869783
55.67,140.44617054230798,136.9857492219738
55.68,142.894340833816,139.4339195134818
55.69,143.186746081313,139.72632476097883
55.7,144.61437425485298,141.1539529345188
55.71,142.75673842593298,139.2963171055988
55.72,140.96217729534902,137.50175597501485
55.73,137.052006589633,133.59158526929883
55.74,136.564670826919,133.10424950658484
55.75,135.612934173351,132.15251285301682
55.76,136.12893573967798,132.6685144193438
55.77,137.17814063221002,133.71771931187584
55.78,141.386449929348,137.92602860901383
55.79,143.83462500825001,140.37420368791584
55.8,149.029154865029,145.56873354469482
55.81,154.172138715268,150.71171739493383
55.82,158.409264842652,154.94884352231782
55.83,160.049082810044,156.58866148970984
55.84,158.414998462166,154.95457714183183
55.85,155.341788205033,151.88136688469882
55.86,147.246037297502,143.78561597716782
55.87,137.93494558251498,134.4745242621808
55.88,128.239905610235,124.77948428990085
55.89,111.436014922328,107.97559360199384
55.9,91.50258063202091,88.04215931168675
55.91,71.5011816959849,68.04076037565073
55.92,56.0062588854307,52.545837565096534
55.93,47.3561473696046,43.895726049270436
55.94,38.9068182481669,35.44639692783274
55.95,37.4852360826424,34.02481476230824
55.96,34.8083165597821,31.347895239447933
55.97,35.501906697214096,32.04148537687993
55.98,38.310670376687,34.85024905635284
55.99,36.2700159509064,32.809594630572235
56.0,37.227288156376694,33.766866836042524
56.01,33.9599597355525,30.499538415218336
56.02,33.5128533629779,30.052432042643733
56.03,35.2382276841035,31.777806363769333
56.04,32.0683586931923,28.607937372858135
56.05,29.689537643901698,26.22911632356753
56.06,22.7594971465631,19.299075826228933
56.07,18.2312368036843,14.770815483350134
56.08,12.7400618595067,9.279640539172533
56.09,13.1298300381938,9.669408717859634
56.1,8.80800643598509,5.347585115650924
56.11,9.06020727639958,5.599785956065414
56.12,3.50035580274398,0.039934482409813565
56.13,3.25962141799189,-0.2007999023422764
56.14,-0.855771562775961,-4.316192883110127
56.15,-1.7957728167709401,-5.256194137105107
56.16,-3.20577125171629,-6.6661925720504565
56.17,-5.97417078276262,-9.434592103096787
56.18,-3.50955086089735,-6.969972181231516
56.19,-6.50148317175566,-9.961904492089825
56.2,-5.8824642212898794,-9.342885541624046
56.21,-10.9262991251699,-14.386720445504066
56.22,-8.47316784970876,-11.933589170042927
56.23,-8.79413900870823,-12.254560329042397
56.24,-8.35280360983766,-11.813224930171826
56.25,-10.2327749636472,-13.693196283981367
56.26,-11.1727578837828,-14.633179204116967
56.27,-11.986644049577801,-15.447065369911968
56.28,-8.60499531594409,-12.065416636278256
56.29,-11.8834754569318,-15.343896777265966
56.3,-12.2789549418461,-15.739376262180267
56.31,-14.307931531051,-17.768352851385167
56.32,-14.2104949979244,-17.670916318258566
56.33,-12.4680971891951,-15.928518509529267
56.34,-12.7489446313152,-16.209365951649367
56.35,-13.2647864445337,-16.725207764867868
56.36,-14.2162265592432,-17.676647879577366
56.37,-13.883795889802402,-17.34421721013657
56.38,-25.6161667937899,-29.076588114124068
56.39,-29.7771636107441,-33.23758493107827
56.4,-30.0809264306617,-33.54134775099587
56.41,-31.15842318739,-34.61884450772416
56.42,-27.4846078359901,-30.945029156324267
56.43,-24.257817060389097,-27.718238380723264
56.44,-19.3287520411538,-22.789173361487965
56.45,-16.881395169218102,-20.34181648955227
56.46,-17.4201586413703,-20.880579961704466
56.47,-17.9130693742525,-21.373490694586668
56.48,-20.7845509218597,-24.244972242193867
56.49,-24.297937149713302,-27.75835847004747
56.5,-30.1955538599969,-33.65597518033107
56.51,-35.1130448423268,-38.573466162660964
56.52,-36.798047664201,-40.25846898453517
56.53,-31.846185811979,-35.30660713231317
56.54,-26.928661413607,-30.389082733941166
56.55,-18.1996451494206,-21.660066469754767
56.56,-13.1501549783168,-16.61057629865097
56.57,-15.889839541287602,-19.35026086162177
56.58,-11.3962901369838,-14.856711457317967
56.59,-10.5766713671347,-14.037092687468867
56.6,-10.5709397624257,-14.031361082759867
56.61,-9.90607315248266,-13.366494472816827
56.62,-11.2587318396213,-14.719153159955466
56.63,-6.18051048211719,-9.640931802451355
56.64,-6.77660244945982,-10.237023769793986
56.65,-5.24624946943117,-8.706670789765337
56.66,-9.332911543861,-12.793332864195166
56.67,-6.94855191807611,-10.408973238410276
56.68,-6.06587732674231,-9.526298647076477
56.69,-6.50148317175566,-9.961904492089825
56.7,-5.60734443191296,-9.067765752247126
56.71,-4.8966175806578,-8.357038900991967
56.72,-7.4873265215006,-10.947747841834767
56.73,-7.41854681851265,-10.878968138846815
56.74,-6.0945356181485,-9.554956938482666
56.75,-6.95428356597083,-10.414704886304996
56.76,-4.40942518049408,-7.869846500828246
56.77,-8.68523810378064,-12.145659424114806
56.78,-5.44112614953782,-8.901547469871986
56.79,-9.18962103493739,-12.650042355271557
56.8,-5.44112614953782,-8.901547469871986
56.81,-9.3615696405209,-12.821990960855066
56.82,-7.808298338673549,-11.268719659007715
56.83,-9.05206210619161,-12.512483426525776
56.84,-7.1376962625227405,-10.598117582856908
56.85,-8.39865665715133,-11.859077977485496
56.86,-6.70782264479352,-10.168243965127687
56.87,-7.7509819584661495,-11.211403278800315
56.88,-8.10061177144064,-11.561033091774807
56.89,-5.50417447030714,-8.964595790641306
56.9,-5.89392754243062,-9.354348862764787
56.91,-5.61307609579746,-9.073497416131627
56.92,-3.21150294423221,-6.6719242645663766
56.93,-1.9505289445847498,-5.410950264918917
56.94,-2.0422362560788496,-5.502657576413016
56.95,-1.25699183502977,-4.7174131553639365
56.96,-1.12516235393777,-4.585583674271937
56.97,-1.54930925111475,-5.009730571448916
56.98,0.8236254964619499,-2.6367958238722164
56.99,0.806430275003962,-2.6539910453302045
57.0,1.3681411607260299,-2.0922801596081366
57.01,0.5370385524543609,-2.9233827678798057
57.02,0.812162015421625,-2.6482593049125414
57.03,2.1705864216306296,-1.2898348987035368
57.04,2.2909533262851,-1.1694679940490667
57.05,2.11326885857743,-1.3471524617567363
57.06,0.21606137798055,-3.2443599423536167
57.07,0.737649395322002,-2.7227719250121645
57.08,2.6291271720593503,-0.8312941482748162
57.09,2.0043655076023703,-1.4560558127317962
57.1,1.09301737959614,-2.3674039407380265
57.11,-1.32004070451286,-4.780462024847027
57.12,0.15874404794610097,-3.3016772723880656
57.13,0.313500854721762,-3.1469204656124043
57.14,0.726185916331692,-2.7342354040024746
57.15,1.31655543977158,-2.1438658805625863
57.16,-0.0475982835976524,-3.5080196039318188
57.17,-1.4002847082602001,-4.860706028594366
57.18,0.588624189768125,-2.8717971305660415
57.19,-0.580648896852853,-4.04107021718702
57.2,-1.7384557197538202,-5.198877040087987
57.21,-0.746868859673922,-4.207290180008089
57.22,-1.32004070451286,-4.780462024847027
57.23,-0.44881923030365,-3.9092405506378167
57.24,-1.51491897609447,-4.975340296428636
57.25,-0.454550955687891,-3.9149722760220573
57.26,-3.61272125053934,-7.0731425708735065
57.27,-2.53516275565017,-5.995584075984336
57.28,-2.78162581591378,-6.242047136247947
57.29,-3.63564800078647,-7.096069321120637
57.3,-4.09418277613063,-7.5546040964647965
57.31,-3.8821104968927505,-7.3425318172269165
57.32,-4.59283884791363,-8.053260168247796
57.33,-3.18857617375853,-6.648997494092697
57.34,-5.91112252362925,-9.371543843963416
57.35,-4.2030847210078495,-7.663506041342016
57.36,-5.69331938300552,-9.153740703339686
57.37,-5.355151153345799,-8.815572473679966
57.38,-3.7101599315389,-7.170581251873067
57.39,-5.52136946544559,-8.981790785779756
57.4,-5.40100448656153,-8.861425806895696
57.41,-6.27221698673743,-9.732638307071596
57.42,-5.91685418389213,-9.377275504226297
57.43,-1.75565084957646,-5.2160721699106265
57.44,0.0326459459237827,-3.4277753744103836
57.45,-3.99101248980795,-7.451433810142117
57.46,-1.40601642230108,-4.866437742635247
57.47,-4.81637416047455,-8.276795480808715
57.48,-0.437355779330167,-3.8977770996643333
57.49,-2.5638212575212997,-6.024242577855466
57.5,-5.07429939197303,-8.534720712307196
57.51,-9.80290411335948,-13.263325433693646
57.52,-10.353138732849601,-13.813560053183767
57.53,-10.628255806440901,-14.088677126775067
57.54,-8.90303988896809,-12.363461209302256
57.55,-7.91146780582711,-11.371889126161276
57.56,-16.6062816739736,-20.066702994307768
57.57,-36.259305907634996,-39.71972722796916
57.58,-42.9304910676104,-46.39091238794457
57.59,-37.726516083180904,-41.186937403515074
57.6,-18.8702317957659,-22.330653116100066
57.61,-4.11710950341791,-7.577530823752077
57.62,-3.41784382929568,-6.878265149629847
57.63,-1.28565041309252,-4.746071733426686
57.64,-3.09686908093045,-6.557290401264616
57.65,-1.30857727431271,-4.7689985946468765
57.66,-3.0223570551269003,-6.482778375461066
57.67,-3.05101552795646,-6.511436848290627
57.68,-2.29443127248778,-5.754852592821946
57.69,-2.9707717997287,-6.431193120062867
57.7,-3.9566223894470998,-7.417043709781266
57.71,-9.02340399108219,-12.483825311416357
57.72,-5.10295774248683,-8.563379062820996
57.73,-3.05101552795646,-6.511436848290627
57.74,-4.1228411850689,-7.5832625054030665
57.75,-4.98832433018173,-8.448745650515896
57.76,-8.496094368172368,-11.956515688506535
57.77,-6.04868235107861,-9.509103671412777
57.78,-6.86830884037505,-10.328730160709217
57.79,-6.85684554246729,-10.317266862801457
57.8,-5.8767325606170004,-9.337153880951167
57.81,-3.06247891660996,-6.5229002369441265
57.82,-3.41211213923975,-6.8725334595739165
57.83,1.9069256881665502,-1.5534956321676163
57.84,-0.5462585525424349,-4.006679872876601
57.85,4.039142719697271,0.5787213993631042
57.86,-0.380038520362735,-3.8404598406969015
57.87,4.66390702835406,1.203485708019893
57.88,0.542770289660333,-2.9176510306738335
57.89,5.0020825432660505,1.541661222931884
57.9,0.9267968381249839,-2.5336244822091825
57.91,2.57754131580335,-0.8828800045308163
57.92,2.8985200668797604,-0.5619012534544061
57.93,3.95889782145819,0.4984765011240233
57.94,2.92144712872819,-0.5389741916059765
57.95,3.48316048554984,0.02273916521567365
57.96,4.5492713145716595,1.088849994237493
57.97,4.623784525420961,1.1633632050867941
57.98,4.79000634508526,1.3295850247510934
57.99,3.15071780734671,-0.30970351298745635
58.0,5.953560691882849,2.4931393715486827
58.01,0.835088977775612,-2.6253323425585546
58.02,5.0364732869213595,1.576051966587193
58.03,3.28828026699858,-0.1721410533355865
58.04,5.34025829605136,1.8798369757171933
58.05,3.9531660435250497,0.49274472319088325
58.06,3.32267088806165,-0.1377504322725165
58.07,2.8412024170421,-0.6192189032920665
58.08,5.63257990115514,2.172158580820973
58.09,5.884779075829321,2.424357755495154
58.1,6.3605187882150505,2.900097467880884
58.11,4.17670543355344,0.7162841132192739
58.12,5.7357522748042395,2.275330954470073
58.13,5.12818194869575,1.6677606283615836
58.14,5.059400450724921,1.5989791303907541
58.15,5.15110911687274,1.6906877965385734
58.16,3.9302389324758398,0.4698176121416733
58.17,3.94170248786378,0.48128116752961336
58.18,5.17976807863156,1.7193467582973936
58.19,5.01354612421115,1.5531248038769832
58.2,3.76974918574517,0.30932786541100343
58.21,3.07620482480298,-0.38421649553118664
58.22,3.74682208344278,0.2864007631086136
58.23,3.57486885102536,0.1144475306911934
58.24,1.53436185478691,-1.9260594655472565
58.25,3.9703613775294806,0.5099400571953141
58.26,2.93864242583202,-0.5217788945021464
58.27,4.04487449865543,0.5844531783212634
58.28,5.4491624026692005,1.988741082335034
58.29,2.80681183041949,-0.6536094899146767
58.3,4.21109611816759,0.7506747978334234
58.31,2.51449194345162,-0.9459293768825465
58.32,4.9562282222190595,1.495806901884893
58.33,4.42317206098169,0.9627507406475235
58.34,3.12205896654015,-0.33836235379401636
58.35,3.03608245437055,-0.4243388659636165
58.36,3.4602333969143397,-0.0001879234198267632
58.37,3.46596516897071,0.005543848636543558
58.38,4.15951009216889,0.6990887718347238
58.39,4.05060627768192,0.5901849573477538
58.4,3.9359707101356403,0.47554938980147377
58.41,4.15951009216889,0.6990887718347238
58.42,4.6524434557458,1.1920221354116336
58.43,4.62951631134924,1.1690949910150739
58.44,2.86412947615715,-0.5962918441770166
58.45,3.74682208344278,0.2864007631086136
58.46,2.75522595509823,-0.7051953652359364
58.47,4.5378077446967895,1.077386424362623
58.48,5.4147716294932,1.9543503091590333
58.49,2.9730330218847,-0.48738829844946663
58.5,3.85572582911681,0.39530450878264345
58.51,3.8901164907705996,0.4296951704364331
58.52,3.18510841856962,-0.2753129017645466
58.53,4.70976132152048,1.2493400011863134
58.54,4.66390702835406,1.203485708019893
58.55,4.05633805677675,0.5959167364425833
58.56,3.30547557722261,-0.1549457431115564
58.57,5.26574497415809,1.8053236538239235
58.58,5.345990090521489,1.885568770187323
58.59,1.83814465104316,-1.6222766692910064
58.6,3.74682208344278,0.2864007631086136
58.61,3.36852505330584,-0.09189626702832632
58.62,4.70976132152048,1.2493400011863134
58.63,5.60965271001765,2.149231389683483
58.64,3.32840265847799,-0.1320186618561765
58.65,3.0246189205763,-0.4358023997578666
58.66,3.70096788211804,0.24054656178387335
58.67,4.0792651738394,0.6188438535052336
58.68,5.21415883499714,1.7537375146629737
58.69,4.1136558514834105,0.653234531149244
58.7,3.71243143203922,0.2520101117050535
58.71,4.56646666989648,1.1060453495623133
58.72,3.68950433247021,0.22908301213604343
58.73,3.56913707767063,0.10871575733646344
58.74,4.52061239039699,1.0601910700628236
58.75,4.1079240717052405,0.647502751371074
58.76,2.30241684258579,-1.1580044777483764
58.77,4.8129334971352495,1.352512176801083
58.78,4.48048989942251,1.0200685790883437
58.79,3.12205896654015,-0.33836235379401636
58.8,3.71243143203922,0.2520101117050535
58.81,3.71816320710231,0.2577418867681436
58.82,5.35172188505996,1.8913005647257934
58.83,3.98755671214891,0.5271353918147437
58.84,2.9615694895938,-0.49885183074036643
58.85,4.32573175131505,0.8653104309808839
58.86,2.9615694895938,-0.49885183074036643
58.87,3.9760931556676202,0.5156718353334537
58.88,4.17670543355344,0.7162841132192739
58.89,2.56034603161464,-0.9000752887195267
58.9,3.8958482679520596,0.43542694761789313
58.91,3.1965719561906,-0.2638493641435664
58.92,3.70669965704447,0.2462783367103034
58.93,4.68110238777895,1.2206810674447839
58.94,2.4629060994957803,-0.9975152208383862
58.95,4.0792651738394,0.6188438535052336
58.96,3.2538896483955604,-0.2065316719386061
58.97,4.5550030996116,1.0945817792774335
58.98,4.13085119122799,0.6704298708938232
58.99,3.2538896483955604,-0.2065316719386061
59.0,3.9302389324758398,0.4698176121416733
59.01,3.24242610940789,-0.2179952109262766
59.02,3.3971839088043,-0.06323741152986662
59.03,4.7040295346355,1.2436082143013332
59.04,4.46329454717275,1.0028732268385836
59.05,4.1136558514834105,0.653234531149244
59.06,3.39145213756794,-0.06896918276622666
59.07,4.73842025697037,1.2779989366362035
59.08,3.540478211922,0.08005689158783369
59.09,2.3654661871255,-1.0949551332086664
59.1,3.12205896654015,-0.33836235379401636
59.11,4.039142719697271,0.5787213993631042
59.12,3.59206417149955,0.13164285116538332
59.13,4.446099195538,0.9856778752038338
59.14,3.1679131126506603,-0.29250820768350616
59.15,3.9359707101356403,0.47554938980147377
59.16,2.9329106600624,-0.5275106602717665
59.17,4.30280462249885,0.8423833021646834
59.18,3.29401203700492,-0.16640928332924654
59.19,2.82400712342326,-0.6364141969109065
59.2,4.1136558514834105,0.653234531149244
59.21,3.7296267574334903,0.26920543709932376
59.22,3.04754598843815,-0.41287533189601655
59.23,4.45756276322617,0.9971414428920031
59.24,3.9531660435250497,0.49274472319088325
59.25,3.9187753773612397,0.4583540570270732
59.26,4.17097365302359,0.7105523326894234
59.27,3.32267088806165,-0.1377504322725165
59.28,4.73268846974372,1.2722671494095534
59.29,3.47169694109542,0.011275620761253435
59.3,3.37425682426887,-0.08616449606529653
59.31,4.0104838259315,0.5500625055973334
59.32,6.589791106866571,3.129369786532404
59.33,3.3971839088043,-0.06323741152986662
59.34,3.64365013661223,0.18322881627806353
59.35,3.24242610940789,-0.2179952109262766
59.36,3.01315538705538,-0.4472659332787865
59.37,4.22255968025231,0.7621383599181435
59.38,5.23135421410244,1.7709328937682738
59.39,3.4487698530066,-0.0116514673275665
59.4,3.28254849706058,-0.17787282327358644
59.41,2.90425183223936,-0.5561694880948065
59.42,4.45756276322617,0.9971414428920031
59.43,5.28294035510844,1.822519034774274
59.44,4.51488060576706,1.0544592854328938
59.45,4.04487449865543,0.5844531783212634
59.46,2.59473660060701,-0.8656847197271564
59.47,7.20309509668096,3.742673776346794
59.48,4.0792651738394,0.6188438535052336
59.49,4.17097365302359,0.7105523326894234
59.5,3.15071780734671,-0.30970351298745635
59.51,3.1163271985838397,-0.34409412175032683
59.52,4.0678016151714,0.6073802948372338
59.53,4.0964605123539,0.6360391920197337
59.54,2.87559300612468,-0.5848283142094863
59.55,4.05060627768192,0.5901849573477538
59.56,3.09913189512491,-0.36128942520925644
59.57,5.17976807863156,1.7193467582973936
59.58,3.34559797013704,-0.1148233501971263
59.59,4.58939381128625,1.1289724909520835
59.6,4.4747581152709195,1.014336794936753
59.61,3.91304359990645,0.4526222795722834
59.62,5.59245731738204,2.1320359970478737
59.63,4.53207595986185,1.0716546395276838
59.64,4.74988383162867,1.289462511294503
59.65,2.73803066455449,-0.7223906557796766
59.66,4.016215604547989,0.5557942842138228
59.67,2.9787647881326498,-0.4816565322015167
59.68,4.073533394471229,0.6131120741370628
59.69,2.07314656850608,-1.3872747518280866
59.7,2.76668948246906,-0.6937318378651063
59.71,3.1048636628762196,-0.3555576574579469
59.72,3.03608245437055,-0.4243388659636165
59.73,4.446099195538,0.9856778752038338
59.74,3.32267088806165,-0.1377504322725165
59.75,3.66657723399454,0.20615591366037345
59.76,3.2194990322525703,-0.24092228808159621
59.77,5.0192779147862,1.5588565944520338
59.78,4.69256596107056,1.2321446407363936
59.79,4.21109611816759,0.7506747978334234
59.8,3.44303808115523,-0.01738323917893636
59.81,2.5718095543387998,-0.8886117659953667
59.82,3.9187753773612397,0.4583540570270732
59.83,4.5034170367122,1.0429957163780337
59.84,2.8412024170421,-0.6192189032920665
59.85,4.0620698359399094,0.601648515605743
59.86,3.69523610725996,0.2348147869257935
59.87,4.42317206098169,0.9627507406475235
59.88,4.0620698359399094,0.601648515605743
59.89,3.32267088806165,-0.1377504322725165
59.9,4.039142719697271,0.5787213993631042
59.91,3.0876683598272496,-0.37275296050691686
59.92,4.46329454717275,1.0028732268385836
59.93,5.00781433370443,1.5473930133702636
59.94,4.016215604547989,0.5557942842138228
59.95,3.15071780734671,-0.30970351298745635
59.96,4.016215604547989,0.5557942842138228
59.97,4.0104838259315,0.5500625055973334
59.98,3.9187753773612397,0.4583540570270732
59.99,3.07620482480298,-0.38421649553118664
60.0,2.90425183223936,-0.5561694880948065
60.01,3.99328849049205,0.5328671701578833
60.02,4.182437214151631,0.7220158938174643
60.03,4.291341058500761,0.8309197381665943
60.04,3.4602333969143397,-0.0001879234198267632
60.05,4.0964605123539,0.6360391920197337
60.06,2.92144712872819,-0.5389741916059765
60.07,5.07086403303671,1.6104427127025431
60.08,4.7842745572436,1.3238532369094331
60.09,3.09340012744194,-0.36702119289222646
60.1,3.5175511205531302,0.057129800218963744
60.11,3.94743426566025,0.48701294532608363
60.12,4.0792651738394,0.6188438535052336
60.13,3.68377255774879,0.2233512374146236
60.14,4.58939381128625,1.1289724909520835
60.15,2.9673012557050797,-0.49312006462908675
60.16,3.33413442896268,-0.1262868913714863
60.17,4.618052739561,1.157631419226833
60.18,5.821729269758,2.361307949423834
60.19,2.9787647881326498,-0.4816565322015167
60.2,4.39451314432384,0.9340918239896734
60.21,4.27987749477601,0.8194561744418438
60.22,5.28867214889522,1.8282508285610533
60.23,4.9504964323957,1.4900751120615334
60.24,4.29707284046564,0.8366515201314737
60.25,4.0620698359399094,0.601648515605743
60.26,4.15377831184404,0.6933569915098738
60.27,5.84465647100906,2.3842351506748933
60.28,5.08232761562184,1.6219062952876735
60.29,4.016215604547989,0.5557942842138228
60.3,3.03035068743926,-0.43007063289490643
60.31,3.70669965704447,0.2462783367103034
60.32,4.8645195932453,1.404098272911133
60.33,3.91304359990645,0.4526222795722834
60.34,3.6321865883310798,0.17176526799691327
60.35,4.23975502389191,0.7793337035577439
60.36,3.2997438070796,-0.16067751325456658
60.37,3.74682208344278,0.2864007631086136
60.38,4.4976852522872806,1.037263931953114
60.39,3.6551136851667203,0.1946923648325538
60.4,2.77242124625697,-0.6880000740771965
60.41,2.85839771127588,-0.6020236090582864
60.42,4.57793024045469,1.1175089201205237
60.43,3.4946240302776,0.03420270994343344
60.44,3.04754598843815,-0.41287533189601655
60.45,5.26001318064465,1.7995918603104837
60.46,2.64059069642347,-0.8198306239106965
60.47,4.388781361197269,0.9283600408631028
60.48,4.97915538219588,1.5187340618617133
60.49,4.02767916198596,0.5672578416517933
60.5,3.79840806516069,0.33798674482652347
60.51,3.58633239793981,0.12591107760564357
60.52,4.02767916198596,0.5672578416517933
60.53,4.94476464264066,1.4843433223064935
60.54,2.51449194345162,-0.9459293768825465
60.55,3.76401741006707,0.30359608973290353
60.56,3.34559797013704,-0.1148233501971263
60.57,3.8958482679520596,0.43542694761789313
60.58,3.95889782145819,0.4984765011240233
60.59,3.0876683598272496,-0.37275296050691686
60.6,3.7869445131894803,0.32652319285531384
60.61,3.9990202689035295,0.538598948569363
60.62,5.63257990115514,2.172158580820973
60.63,4.440367411796419,0.9799460914622529
60.64,2.61193188602567,-0.8484894343084965
60.65,4.29707284046564,0.8366515201314737
60.66,3.43157453765749,-0.028846782676676508
60.67,4.48622168364243,1.0258003633082637
60.68,3.70669965704447,0.2462783367103034
60.69,2.7265671378670002,-0.7338541824671663
60.7,2.94437419166996,-0.5160471286642063
60.71,2.70364008531204,-0.7567812350221264
60.72,4.526344175095249,1.0659228547610828
60.73,5.1167183650172605,1.656297044683094
60.74,3.03035068743926,-0.43007063289490643
60.75,3.68950433247021,0.22908301213604343
60.76,2.37119794613002,-1.0892233742041464
60.77,6.165637403326739,2.705216082992573
60.78,5.655507093386,2.195085773051834
60.79,3.0876683598272496,-0.37275296050691686
60.8,3.8156033936300098,0.3551820732958433
60.81,3.94170248786378,0.48128116752961336
60.82,4.1939007755530096,0.7334794552188431
60.83,4.52061239039699,1.0601910700628236
60.84,3.34559797013704,-0.1148233501971263
60.85,4.12511941124482,0.6646980909106537
60.86,3.3971839088043,-0.06323741152986662
60.87,4.34292709864472,0.8825057783105539
60.88,4.4976852522872806,1.037263931953114
60.89,2.89278830158849,-0.5676330187456764
60.9,1.9527797183822,-1.5076416019519665
60.91,1.66046035068569,-1.7999609696484764
60.92,4.1996325563562,0.7392112360220331
60.93,4.8989103270604,1.4384890067262335
60.94,3.2194990322525703,-0.24092228808159621
60.95,4.623784525420961,1.1633632050867941
60.96,3.33413442896268,-0.1262868913714863
60.97,4.18816899481815,0.7277476744839833
60.98,3.3570615115847997,-0.10335980874936679
60.99,3.0016918538078,-0.45872946652636637
61.0,4.8358606502785895,1.375439329944423
61.01,3.46596516897071,0.005543848636543558
61.02,4.64671166954417,1.1862903492100036
61.03,5.7013614811278295,2.240940160793663
61.04,1.9126574417043298,-1.5477638786298367
61.05,4.446099195538,0.9856778752038338
61.06,3.70669965704447,0.2462783367103034
61.07,4.11938763132992,0.6589663109957531
61.08,3.8786529366126805,0.418231616278514
61.09,4.1136558514834105,0.653234531149244
61.1,3.19084018734595,-0.2695811329882165
61.11,2.77242124625697,-0.6880000740771965
61.12,5.30586753066559,1.8454462103314233
61.13,4.85878780451529,1.3983664841811239
61.14,2.99022832083356,-0.47019299950060667
61.15,4.35439066387284,0.8939693435386733
61.16,3.04754598843815,-0.41287533189601655
61.17,4.1079240717052405,0.647502751371074
61.18,4.34865888122461,0.8882375608904436
61.19,3.55767353116617,0.09725221083200353
61.2,5.12818194869575,1.6677606283615836
61.21,3.73535853270159,0.27493721236742363
61.22,4.14804653158753,0.6876252112533638
61.23,3.92450715488438,0.4640858345502137
61.24,3.4487698530066,-0.0116514673275665
61.25,4.4747581152709195,1.014336794936753
61.26,2.9730330218847,-0.48738829844946663
61.27,3.73535853270159,0.27493721236742363
61.28,4.90464211626881,1.4442207959346431
61.29,3.0246189205763,-0.4358023997578666
61.3,5.4147716294932,1.9543503091590333
61.31,4.23975502389191,0.7793337035577439
61.32,4.23975502389191,0.7793337035577439
61.33,5.649775295225781,2.189353974891614
61.34,4.0047520473833496,0.5443307270491831
61.35,3.01315538705538,-0.4472659332787865
61.36,2.32534387600722,-1.1350774443269467
61.37,4.25121858665998,0.7907972663258134
61.38,4.0047520473833496,0.5443307270491831
61.39,2.81827535902034,-0.6421459613138265
61.4,4.5492713145716595,1.088849994237493
61.41,3.2194990322525703,-0.24092228808159621
61.42,3.55767353116617,0.09725221083200353
61.43,3.7238949822337397,0.2634736618995732
61.44,4.09072873278073,0.6303074124465633
61.45,4.21682789917578,0.7564065788416139
61.46,3.59206417149955,0.13164285116538332
61.47,5.74721587324305,2.2867945529088836
61.48,4.3142681867702795,0.853846866436113
61.49,3.70096788211804,0.24054656178387335
61.5,4.32573175131505,0.8653104309808839
61.51,3.09340012744194,-0.36702119289222646
61.52,4.90464211626881,1.4442207959346431
61.53,4.5836620258363,1.1232407055021332
61.54,4.25121858665998,0.7907972663258134
61.55,3.48316048554984,0.02273916521567365
61.56,3.14498603904873,-0.31543528128543663
61.57,3.90158004520185,0.44115872486768337
61.58,3.70669965704447,0.2462783367103034
61.59,3.92450715488438,0.4640858345502137
61.6,3.8041398412488,0.3437185209146336
61.61,5.49501677073054,2.034595450396374
61.62,5.2485495938227595,1.788128273488593
61.63,6.15990559908472,2.6994842787505533
61.64,3.8442622757789096,0.38384095544474306
61.65,4.05060627768192,0.5901849573477538
61.66,4.21682789917578,0.7564065788416139
61.67,3.13352250265777,-0.3268988176763963
61.68,5.0192779147862,1.5588565944520338
61.69,3.3971839088043,-0.06323741152986662
61.7,4.23975502389191,0.7793337035577439
61.71,3.18510841856962,-0.2753129017645466
61.72,5.05366865967153,1.5932473393373634
61.73,4.73842025697037,1.2779989366362035
61.74,3.1965719561906,-0.2638493641435664
61.75,3.62645481429301,0.1660334939588437
61.76,6.95662704412822,3.496205723794054
61.77,2.31961211754937,-1.1408092027847965
61.78,7.770545279398361,4.310123959064194
61.79,2.08461007961337,-1.3758112407207963
61.8,5.57526192536145,2.1148406050272834
61.81,2.82400712342326,-0.6364141969109065
61.82,5.219890627963901,1.7594693076297343
61.83,5.867583673353489,2.4071623530193227
61.84,3.79267628914092,0.3322549688067533
61.85,4.8186652853185805,1.358243964984414
61.86,1.58021584946885,-1.8802054708653164
61.87,4.72122489549543,1.2608035751612636
61.88,3.2997438070796,-0.16067751325456658
61.89,1.9470479643660699,-1.5133733559680966
61.9,3.4946240302776,0.03420270994343344
61.91,2.39412498283143,-1.0662963375027363
61.92,3.5519417580164503,0.0915204376822838
61.93,5.5981891148589105,2.137767794524744
61.94,2.21644047699324,-1.2439808433409265
61.95,4.64671166954417,1.1862903492100036
61.96,4.3314635336899405,0.871042213355774
61.97,3.8041398412488,0.3437185209146336
61.98,5.500748567045711,2.040327246711544
61.99,3.6493819108553103,0.18896059052114378
62.0,2.26802629450375,-1.1923950258304163
62.01,2.76095771874948,-0.6994636015846867
62.02,5.1339137406375,1.673492420303334
62.03,4.30280462249885,0.8423833021646834
62.04,1.96424322661945,-1.4961780937147164
62.05,0.261915246928193,-3.1985060734059734
62.06,2.6577859834821598,-0.8026353368520067
62.07,3.55767353116617,0.09725221083200353
62.08,4.9562282222190595,1.495806901884893
62.09,1.6260698485241698,-1.8343514718099967
62.1,1.49997136164544,-1.9604499586887265
62.11,1.81521764085539,-1.6452036794787765
62.12,1.86680341531539,-1.5936179050187764
62.13,2.66351774597173,-0.7969035743624366
62.14,-0.5347951038922409,-3.9952164242264074
62.15,-0.71821024949444,-4.178631569828607
62.16,2.3826614643440602,-1.0777598559901063
62.17,2.90425183223936,-0.5561694880948065
62.18,3.1163271985838397,-0.34409412175032683
62.19,2.54888250916388,-0.9115388111702867
62.2,2.61766364796857,-0.8427576723655963
62.21,4.3601224465894,0.8997011262552332
62.22,4.40597671078198,0.9455553904478133
62.23,4.3601224465894,0.8997011262552332
62.24,3.8270669462845706,0.36664562595040406
62.25,3.13352250265777,-0.3268988176763963
62.26,4.5836620258363,1.1232407055021332
62.27,6.05673313441352,2.5963118140793533
62.28,7.701763403397909,4.241342083063743
62.29,6.29173711394015,2.8313157936059836
62.3,9.95437495845104,6.493953638116874
62.31,8.02274557558902,4.562324255254854
62.32,6.80186809896258,3.3414467786284137
62.33,10.676588531085,7.216167210750834
62.34,5.57526192536145,2.1148406050272834
62.35,4.75561561906032,1.2951942987261535
62.36,5.6727024882766495,2.212281167942483
62.37,7.810668044942889,4.350246724608723
62.38,8.028477402039991,4.568056081705825
62.39,5.96502429551512,2.504602975180953
62.4,9.50155906546648,6.041137745132314
62.41,8.372387114152021,4.9119657938178545
62.42,7.14004511772188,3.6796237973877135
62.43,4.26841393132459,0.8079926109904232
62.44,2.42851553993359,-1.0319057804005767
62.45,3.68950433247021,0.22908301213604343
62.46,4.8645195932453,1.404098272911133
62.47,4.59512559680453,1.1347042764703632
62.48,4.66390702835406,1.203485708019893
62.49,3.68950433247021,0.22908301213604343
62.5,3.55767353116617,0.09725221083200353
62.51,2.9787647881326498,-0.4816565322015167
62.52,3.9818249338741003,0.5214036135399338
62.53,3.1679131126506603,-0.29250820768350616
62.54,3.66657723399454,0.20615591366037345
62.55,4.03341094080745,0.5729896204732832
62.56,3.37425682426887,-0.08616449606529653
62.57,3.58633239793981,0.12591107760564357
62.58,5.5981891148589105,2.137767794524744
62.59,4.26841393132459,0.8079926109904232
62.6,5.58672551997351,2.1263041996393435
62.61,2.32534387600722,-1.1350774443269467
62.62,5.34025829605136,1.8798369757171933
62.63,3.24242610940789,-0.2179952109262766
62.64,3.5175511205531302,0.057129800218963744
62.65,3.24815787886756,-0.21226344146660647
62.66,3.98755671214891,0.5271353918147437
62.67,4.0678016151714,0.6073802948372338
62.68,4.451830979347919,0.9914096590137529
62.69,2.37692970520287,-1.0834916151312965
62.7,4.073533394471229,0.6131120741370628
62.71,3.7869445131894803,0.32652319285531384
62.72,3.8671893827281103,0.4067680623939438
62.73,6.9852861135146505,3.524864793180484
62.74,1.96997498084058,-1.4904463394935865
62.75,5.15110911687274,1.6906877965385734
62.76,7.08272696220701,3.6223056418728437
62.77,4.5550030996116,1.0945817792774335
62.78,7.20309509668096,3.742673776346794
62.79,1.55728885158121,-1.9031324687529565
62.8,5.85038827149267,2.3899669511585033
62.81,2.45144257936838,-1.0089787409657864
62.82,3.6551136851667203,0.1946923648325538
62.83,1.11594435534357,-2.3444769649905965
62.84,-1.3601627080607,-4.820584028394866
62.85,3.98755671214891,0.5271353918147437
62.86,3.11059543069586,-0.34982588963830663
62.87,4.87598317091033,1.4155618505761636
62.88,6.05673313441352,2.5963118140793533
62.89,-1.9161386982644701,-5.376560018598637
62.9,1.0242364589139001,-2.4361848614202666
62.91,1.8553399094015,-1.6050814109326665
62.92,4.03341094080745,0.5729896204732832
62.93,0.30776912024914105,-3.1526522000850257
62.94,2.79534830209198,-0.6650730182421865
62.95,6.12551477506759,2.665093454733423
62.96,1.66046035068569,-1.7999609696484764
62.97,6.27454169690896,2.8141203765747935
62.98,3.9302389324758398,0.4698176121416733
62.99,3.54620998493506,0.0857886646008934
63.0,4.3199999690085,0.8595786486743338
63.01,4.34865888122461,0.8882375608904436
63.02,4.69829774781887,1.2378764274847036
63.03,5.1339137406375,1.673492420303334
63.04,3.23096257069356,-0.22945874964060664
63.05,2.83547065243417,-0.6249506678999963
63.06,3.1736448812219797,-0.28677643911218675
63.07,5.3345265016495595,1.874105181315393
63.08,3.5232828932928397,0.06286157295867323
63.09,3.6551136851667203,0.1946923648325538
63.1,3.16218134414768,-0.29823997618648646
63.11,3.48316048554984,0.02273916521567365
63.12,4.1939007755530096,0.7334794552188431
63.13,4.80146992097359,1.3410486006394233
63.14,2.29668508440128,-1.1637362359328867
63.15,0.634478094249282,-2.8259432260848847
63.16,3.8901164907705996,0.4296951704364331
63.17,1.31082369334053,-2.1495976269936365
63.18,4.62951631134924,1.1690949910150739
63.19,0.915333354624638,-2.5450879657095284
63.2,6.10258756042287,2.642166240088703
63.21,9.62765965104606,6.167238330711893
63.22,6.028074120378561,2.567652800044394
63.23,6.38344601516007,2.9230246948259033
63.24,4.26841393132459,0.8079926109904232
63.25,3.5175511205531302,0.057129800218963744
63.26,2.75522595509823,-0.7051953652359364
63.27,1.48277611599723,-1.9776452043369366
63.28,4.26841393132459,0.8079926109904232
63.29,-0.798454353691976,-4.258875674026142
63.3,3.7238949822337397,0.2634736618995732
63.31,1.36240941367998,-2.0980119066541865
63.32,5.66123889161455,2.2008175712803837
63.33,6.45795951028242,2.997538189948253
63.34,3.30547557722261,-0.1549457431115564
63.35,5.89051087679127,2.4300895564571032
63.36,3.40864745148203,-0.05177386885213631
63.37,4.83012886189026,1.3697075415560933
63.38,3.51181934788174,0.05139802754757339
63.39,2.49729666151799,-0.9631246588161764
63.4,0.6172828795563451,-2.8431384407778215
63.41,3.7525538589158702,0.29213253858170374
63.42,4.0620698359399094,0.601648515605743
63.43,4.97915538219588,1.5187340618617133
63.44,2.07314656850608,-1.3872747518280866
63.45,4.17097365302359,0.7105523326894234
63.46,3.94170248786378,0.48128116752961336
63.47,4.8989103270604,1.4384890067262335
63.48,3.14498603904873,-0.31543528128543663
63.49,2.7437624280007302,-0.7166588923334363
63.5,4.15377831184404,0.6933569915098738
63.51,4.42317206098169,0.9627507406475235
63.52,5.345990090521489,1.885568770187323
63.53,3.6551136851667203,0.1946923648325538
63.54,3.21376726313458,-0.24665405719958633
63.55,4.17670543355344,0.7162841132192739
63.56,4.1996325563562,0.7392112360220331
63.57,3.9990202689035295,0.538598948569363
63.58,4.48048989942251,1.0200685790883437
63.59,4.64671166954417,1.1862903492100036
63.6,7.26041326654629,3.799991946212123
63.61,4.27987749477601,0.8194561744418438
63.62,5.01354612421115,1.5531248038769832
63.63,6.38344601516007,2.9230246948259033
63.64,2.30241684258579,-1.1580044777483764
63.65,7.90810906092002,4.447687740585853
63.66,1.36240941367998,-2.0980119066541865
63.67,2.92717889436113,-0.5332424259730364
63.68,3.58060062444842,0.1201793041142536
63.69,-3.89357386572968,-7.353995186063846
63.7,-2.11101672821949,-5.571438048553656
63.71,-0.821381238145604,-4.281802558479771
63.72,1.9126574417043298,-1.5477638786298367
63.73,4.6065891680461,1.1461678477119337
63.74,1.09301737959614,-2.3674039407380265
63.75,3.7812127373063698,0.32079141697220326
63.76,3.01888715378167,-0.44153416655249655
63.77,3.80987161740524,0.34945029707107356
63.78,2.1648546650178,-1.2955666553163665
63.79,3.03608245437055,-0.4243388659636165
63.8,3.7525538589158702,0.29213253858170374
63.81,3.74682208344278,0.2864007631086136
63.82,4.21682789917578,0.7564065788416139
63.83,3.7525538589158702,0.29213253858170374
63.84,4.0964605123539,0.6360391920197337
63.85,4.509148821205461,1.0487275008712942
63.86,3.50035580274398,0.039934482409813565
63.87,5.1109865732805195,1.650565252946353
63.88,4.4976852522872806,1.037263931953114
63.89,3.6035277188240102,0.14310639848984374
63.9,4.824397073570251,1.363975753236084
63.91,2.3826614643440602,-1.0777598559901063
63.92,5.48355317830519,2.0231318579710234
63.93,2.95583772355085,-0.5045835967833163
63.94,3.85572582911681,0.39530450878264345
63.95,4.16524187256207,0.7048205522279032
63.96,5.20269524926861,1.742273928934443
63.97,2.37692970520287,-1.0834916151312965
63.98,2.76095771874948,-0.6994636015846867
63.99,0.6172828795563451,-2.8431384407778215
64.0,3.20230372510359,-0.2581175952305763
64.01,3.9703613775294806,0.5099400571953141
64.02,5.94782889016922,2.487407569835053
64.03,6.26880989136857,2.8083885710344036
64.04,4.8989103270604,1.4384890067262335
64.05,1.83814465104316,-1.6222766692910064
64.06,1.58021584946885,-1.8802054708653164
64.07,3.540478211922,0.08005689158783369
64.08,1.0758221485030701,-2.3845991718310966
64.09,0.193134445146766,-3.2672868751874007
64.1,2.69217655944457,-0.7682447608895964
64.11,1.82668114581261,-1.6337401745215565
64.12,1.98143848948784,-1.4789828308463264
64.13,-0.053330013765248395,-3.513751334099415
64.14,1.0242364589139001,-2.4361848614202666
64.15,3.4029156801090004,-0.05750564022516613
64.16,4.98488717236092,1.5244658520267533
64.17,5.56953012815792,2.1091088078237537
64.18,5.2084270420987,1.7480057217645335
64.19,2.3425391517907603,-1.1178821685434062
64.2,4.66390702835406,1.203485708019893
64.21,3.01315538705538,-0.4472659332787865
64.22,4.66390702835406,1.203485708019893
64.23,4.887446748848699,1.4270254285145327
64.24,3.58060062444842,0.1201793041142536
64.25,4.04487449865543,0.5844531783212634
64.26,3.48889225787955,0.028470937545383546
64.27,4.17097365302359,0.7105523326894234
64.28,4.9562282222190595,1.495806901884893
64.29,3.48316048554984,0.02273916521567365
64.3,1.35667766670226,-2.1037436536319065
64.31,3.9187753773612397,0.4583540570270732
64.32,4.46329454717275,1.0028732268385836
64.33,4.1996325563562,0.7392112360220331
64.34,4.016215604547989,0.5557942842138228
64.35,4.016215604547989,0.5557942842138228
64.36,3.73535853270159,0.27493721236742363
64.37,4.69829774781887,1.2378764274847036
64.38,3.28828026699858,-0.1721410533355865
64.39,2.35400266932146,-1.1064186510127065
64.4,2.21070871983375,-1.2497126005004167
64.41,3.48316048554984,0.02273916521567365
64.42,6.4694231259417,3.009001805607533
64.43,6.37198240155089,2.911561081216724
64.44,2.9099835976673,-0.5504377226668664
64.45,5.4720895861531895,2.011668265819023
64.46,5.18549987118832,1.7250785508541533
64.47,5.01354612421115,1.5531248038769832
64.48,4.1021922919954,0.6417709716612334
64.49,3.79840806516069,0.33798674482652347
64.5,5.89624267782155,2.4358213574873835
64.51,4.87598317091033,1.4155618505761636
64.52,2.15912290847332,-1.3012984118608464
64.53,1.82668114581261,-1.6337401745215565
64.54,1.06435866144936,-2.3960626588848064
64.55,7.16297238184122,3.7025510615070534
64.56,2.61193188602567,-0.8484894343084965
64.57,2.543150748041,-0.9172705722931664
64.58,4.80146992097359,1.3410486006394233
64.59,1.9298527027277002,-1.5305686176064663
64.6,5.873315474110431,2.4128941537762643
64.61,1.9069256881665502,-1.5534956321676163
64.62,1.20192052413403,-2.2585007962001367
64.63,5.35172188505996,1.8913005647257934
64.64,-1.03345486751021,-4.493876187844377
64.65,0.972650774859723,-2.4877705454744437
64.66,1.70631435739442,-1.7541069629397466
64.67,3.1048636628762196,-0.3555576574579469
64.68,2.95583772355085,-0.5045835967833163
64.69,1.1102126113042101,-2.3502087090299564
64.7,5.7701430709407004,2.309721750606534
64.71,3.8786529366126805,0.418231616278514
64.72,4.9906189625943,1.5301976422601333
64.73,3.03608245437055,-0.4243388659636165
64.74,3.73535853270159,0.27493721236742363
64.75,2.78388477403781,-0.6765365462963566
64.76,3.56340530438423,0.1029839840500637
64.77,4.25695036814651,0.7965290478123439
64.78,3.6723090085109598,0.21188768817679327
64.79,2.17631817831178,-1.2841031420223863
64.8,6.136978382799961,2.676557062465794
64.81,2.82400712342326,-0.6364141969109065
64.82,4.66390702835406,1.203485708019893
64.83,6.136978382799961,2.676557062465794
64.84,2.79534830209198,-0.6650730182421865
64.85,4.56646666989648,1.1060453495623133
64.86,4.28560927660422,0.8251879562700539
64.87,5.23135421410244,1.7709328937682738
64.88,6.1942964255619,2.7338751052277335
64.89,5.50648036342922,2.0460590430950534
64.9,4.56073488471987,1.1003135643857034
64.91,5.07086403303671,1.6104427127025431
64.92,3.31120734743395,-0.14921397290021643
64.93,3.55767353116617,0.09725221083200353
64.94,0.777771573940658,-2.6826497463935084
64.95,5.23135421410244,1.7709328937682738
64.96,0.915333354624638,-2.5450879657095284
64.97,3.7869445131894803,0.32652319285531384
64.98,4.17670543355344,0.7162841132192739
64.99,3.1679131126506603,-0.29250820768350616
65.0,4.77281098176529,1.3123896614311237
65.01,3.43157453765749,-0.028846782676676508
65.02,2.58900483893745,-0.8714164813967167
65.03,6.20576003493437,2.7453387146002033
65.04,2.1361958829787002,-1.3242254373554663
65.05,0.783503314016652,-2.6769180063175146
65.06,3.40864745148203,-0.05177386885213631
65.07,5.75867947195521,2.2982581516210434
65.08,2.8125435946857498,-0.6478777256484167
65.09,4.25121858665998,0.7907972663258134
65.1,7.948231837944889,4.487810517610723
65.11,1.24204274149796,-2.2183785788362065
65.12,4.42890384451827,0.9684825241841031
65.13,3.76974918574517,0.30932786541100343
65.14,1.6547286001546,-1.8056927201795665
65.15,3.58060062444842,0.1201793041142536
65.16,2.0444877919336597,-1.4159335284005068
65.17,2.6749812711558603,-0.7854400491783062
65.18,2.95583772355085,-0.5045835967833163
65.19,1.37387290784042,-2.0865484124937463
65.2,2.3368073931279096,-1.1236139272062569
65.21,3.47742871328846,0.017007392954293543
65.22,1.91838919531046,-1.5420321250237066
65.23,3.9531660435250497,0.49274472319088325
65.24,1.87826692150262,-1.5821543988315465
65.25,0.6746002642578199,-2.7858210560763466
65.26,5.0307414961413,1.570320175807134
65.27,5.74721587324305,2.2867945529088836
65.28,5.29440394275034,1.8339826224161735
65.29,5.66123889161455,2.2008175712803837
65.3,5.529407549646599,2.068986229312433
65.31,4.34865888122461,0.8882375608904436
65.32,3.6035277188240102,0.14310639848984374
65.33,3.8213351699231297,0.3609138495889632
65.34,4.0104838259315,0.5500625055973334
65.35,6.15990559908472,2.6994842787505533
65.36,4.388781361197269,0.9283600408631028
65.37,6.331859756071309,2.8714384357371427
65.38,6.1771010120158,2.716679691681634
65.39,3.14498603904873,-0.31543528128543663
65.4,3.23096257069356,-0.22945874964060664
65.41,4.17097365302359,0.7105523326894234
65.42,1.90119393469709,-1.5592273856370764
65.43,6.05100133146986,2.5905800111356934
65.44,0.86947942335661,-2.5909418969775566
65.45,2.45717433939791,-1.0032469809362565
65.46,2.0043655076023703,-1.4560558127317962
65.47,3.07620482480298,-0.38421649553118664
65.48,2.94437419166996,-0.5160471286642063
65.49,1.75216836847652,-1.7082529518576466
65.5,3.12779073456479,-0.33263058576937654
65.51,1.0700904049420499,-2.3903309153921164
65.52,2.7265671378670002,-0.7338541824671663
65.53,4.0620698359399094,0.601648515605743
65.54,-0.21381843071446602,-3.6742397510486327
65.55,2.05021954711146,-1.4102017732227066
65.56,2.41132026107501,-1.0491010592591565
65.57,6.49808216628565,3.037660845951484
65.58,4.0047520473833496,0.5443307270491831
65.59,-3.31467339783386,-6.7750947181680266
65.6,3.37425682426887,-0.08616449606529653
65.61,-1.113698919091,-4.5741202394251665
65.62,5.46635779017969,2.0059364698455235
65.63,-1.22260153909947,-4.6830228594336365
65.64,-3.1369909361952497,-6.597412256529417
65.65,3.47742871328846,0.017007392954293543
65.66,-2.17979719052008,-5.640218510854247
65.67,2.6979083223441402,-0.7625129979900263
65.68,2.6463224587080303,-0.8140988616261362
65.69,-2.01357772311611,-5.473999043450276
65.7,0.73191765579268,-2.7285036645414866
65.71,0.45679423874575004,-3.0036270815884163
65.72,-0.282599164435536,-3.7430204847697026
65.73,1.74070486529599,-1.7197164550381765
65.74,-1.60089465903272,-5.061315979366887
65.75,-0.7296736937712329,-4.190095014105399
65.76,1.49997136164544,-1.9604499586887265
65.77,0.932528579977658,-2.5278927403565086
65.78,0.353622997943451,-3.1067983223907154
65.79,-0.443087504851075,-3.9035088251852414
65.8,0.565697239167558,-2.8947240811666086
65.81,0.468257711312681,-2.9921636090214854
65.82,2.3138803591598602,-1.1465409611743063
65.83,3.03608245437055,-0.4243388659636165
65.84,-0.15650114509691798,-3.6169224654310845
65.85,3.07620482480298,-0.38421649553118664
65.86,1.33375067947472,-2.1266706408594462
65.87,1.75216836847652,-1.7082529518576466
65.88,4.21109611816759,0.7506747978334234
65.89,-0.0418665533617227,-3.5022878736958893
65.9,1.7235096110377002,-1.7369117092964663
65.91,1.7636318719303898,-1.6967894484037767
65.92,2.26229453672924,-1.1981267836049265
65.93,2.48583314057058,-0.9745881797635865
65.94,0.0899632609248136,-3.3704580594093527
65.95,1.247774487109,-2.2126468332251665
65.96,-0.162232873966175,-3.6226541943003414
65.97,2.6520542210609297,-0.8083670992732368
65.98,1.98717024391397,-1.4732510764201965
65.99,0.726185916331692,-2.7342354040024746
66.0,1.7750953756576,-1.6853259446765665
66.01,0.175939246238932,-3.2844820740952345
66.02,0.783503314016652,-2.6769180063175146
66.03,1.56302060095062,-1.8974007193835465
66.04,0.21032964466960402,-3.2500916756645624
66.05,1.63753334897134,-1.8228879713628265
66.06,0.439599030407857,-3.0208222899263095
66.07,1.61460634835034,-1.8458149719838266
66.08,1.73497311380823,-1.7254482065259364
66.09,1.36240941367998,-2.0980119066541865
66.1,2.64059069642347,-0.8198306239106965
66.11,0.565697239167558,-2.8947240811666086
66.12,1.66046035068569,-1.7999609696484764
66.13,0.932528579977658,-2.5278927403565086
66.14,1.98143848948784,-1.4789828308463264
66.15,1.32801893283867,-2.1324023874954965
66.16,-0.0934521230250775,-3.553873443359244
66.17,0.514111604313811,-2.9463097160203553
66.18,1.9470479643660699,-1.5133733559680966
66.19,0.410940351211377,-3.0494809691227895
66.2,1.73497311380823,-1.7254482065259364
66.21,-0.0762569337522957,-3.5366782540864623
66.22,1.9069256881665502,-1.5534956321676163
66.23,1.99290199840844,-1.4675193219257265
66.24,0.932528579977658,-2.5278927403565086
66.25,2.85839771127588,-0.6020236090582864
66.26,0.835088977775612,-2.6253323425585546
66.27,0.858015941222942,-2.6024053791112243
66.28,2.02729252681024,-1.4331287935239265
66.29,2.6520542210609297,-0.8083670992732368
66.3,0.858015941222942,-2.6024053791112243
66.31,1.33375067947472,-2.1266706408594462
66.32,2.08461007961337,-1.3758112407207963
66.33,1.4713126192401,-1.9891087010940665
66.34,-0.24820879880497998,-3.7086301191391464
66.35,0.858015941222942,-2.6024053791112243
66.36,1.83814465104316,-1.6222766692910064
66.37,2.15339115199716,-1.3070301683370067
66.38,1.49997136164544,-1.9604499586887265
66.39,1.1904570340736298,-2.269964286260537
66.4,2.9615694895938,-0.49885183074036643
66.41,0.525575078247419,-2.9348462420867474
66.42,2.45717433939791,-1.0032469809362565
66.43,2.13046412677588,-1.3299571935582866
66.44,0.336427793295582,-3.1239935270385844
66.45,0.8637476822556089,-2.5966736380785576
66.46,0.15301231531849202,-3.3074090050156744
66.47,3.01888715378167,-0.44153416655249655
66.48,2.14192763924985,-1.3184936810843166
66.49,0.0784997973779378,-3.3819215229562287
66.5,0.8006985346546339,-2.6597227856795325
66.51,1.05862691802501,-2.4017944023091564
66.52,1.26496972435212,-2.195451595982046
66.53,1.7235096110377002,-1.7369117092964663
66.54,1.16753005477283,-2.2928912655613365
66.55,0.634478094249282,-2.8259432260848847
66.56,1.41972688721554,-2.0406944331186265
66.57,0.852284200258609,-2.6081371200755576
66.58,1.1847252891459301,-2.2756960311882364
66.59,0.829357237084614,-2.6310640832495524
66.6,0.5599655016882511,-2.9004558186459155
66.61,0.938260321898666,-2.5221609984355005
66.62,1.9585114724666601,-1.5019098478675064
66.63,1.03569994501094,-2.4247213753232266
66.64,0.07276806570700041,-3.3876532546271663
66.65,2.29668508440128,-1.1637362359328867
66.66,2.25083102138524,-1.2095902989489264
66.67,2.86986124110675,-0.5905600792274166
66.68,2.05595130235766,-1.4044700179765064
66.69,0.485452920675582,-2.9749683996585845
66.7,0.817893755907621,-2.6425275644265454
66.71,-0.305526073489198,-3.7659473938233647
66.72,1.83241289839372,-1.6280084219404465
66.73,2.9730330218847,-0.48738829844946663
66.74,0.130085385491391,-3.3303359348427755
66.75,0.410940351211377,-3.0494809691227895
66.76,1.41972688721554,-2.0406944331186265
66.77,2.37119794613002,-1.0892233742041464
66.78,3.0016918538078,-0.45872946652636637
66.79,1.14460307656538,-2.3158182437687866
66.8,1.68911910436614,-1.7713022159680265
66.81,0.875211164525945,-2.5852101558082214
66.82,1.9413162104182802,-1.5191051099158863
66.83,1.1617983101184701,-2.2986230102156964
66.84,0.817893755907621,-2.6425275644265454
66.85,1.37387290784042,-2.0865484124937463
66.86,0.932528579977658,-2.5278927403565086
66.87,2.28522156823726,-1.1751997520969066
66.88,2.18204993506128,-1.2783713852728864
66.89,1.5916793488226801,-1.8687419715114864
66.9,1.4483856265458401,-2.0120356937883264
66.91,1.28789670829968,-2.1725246120344863
66.92,1.86680341531539,-1.5936179050187764
66.93,2.9501059575762403,-0.5103153627579262
66.94,2.02729252681024,-1.4331287935239265
66.95,2.543150748041,-0.9172705722931664
66.96,1.31082369334053,-2.1495976269936365
66.97,2.83547065243417,-0.6249506678999963
66.98,0.9439920638880069,-2.5164292564461594
66.99,1.56302060095062,-1.8974007193835465
67.0,1.3681411607260299,-2.0922801596081366
67.01,0.405208615577082,-3.0552127047570847
67.02,2.02156077190577,-1.4388605484283965
67.03,2.50876018273874,-0.9516611375954267
67.04,0.044109408377319304,-3.4163119119568472
67.05,1.14460307656538,-2.3158182437687866
67.06,1.1102126113042101,-2.3502087090299564
67.07,2.0444877919336597,-1.4159335284005068
67.08,2.48583314057058,-0.9745881797635865
67.09,1.1503348210147402,-2.3100864993194263
67.1,2.25083102138524,-1.2095902989489264
67.11,0.026914214799514998,-3.4335071055346513
67.12,3.6092594925888,0.1488381722546337
67.13,2.1705864216306296,-1.2898348987035368
67.14,1.26496972435212,-2.195451595982046
67.15,1.20765226926673,-2.2527690510674363
67.16,1.82668114581261,-1.6337401745215565
67.17,1.49997136164544,-1.9604499586887265
67.18,1.56302060095062,-1.8974007193835465
67.19,0.812162015421625,-2.6482593049125414
67.2,1.04716343138131,-2.4132578889528564
67.21,1.36240941367998,-2.0980119066541865
67.22,2.14192763924985,-1.3184936810843166
67.23,2.6291271720593503,-0.8312941482748162
67.24,1.5916793488226801,-1.8687419715114864
67.25,0.726185916331692,-2.7342354040024746
67.26,1.7636318719303898,-1.6967894484037767
67.27,0.21032964466960402,-3.2500916756645624
67.28,2.3597344281893102,-1.1006868921448563
67.29,0.5599655016882511,-2.9004558186459155
67.3,0.6172828795563451,-2.8431384407778215
67.31,0.491184657266549,-2.9692366630676177
67.32,1.41399513955448,-2.0464261807796866
67.33,3.11059543069586,-0.34982588963830663
67.34,0.8637476822556089,-2.5966736380785576
67.35,0.754844614319972,-2.7055767060141944
67.36,0.9611872902660349,-2.4992340300681315
67.37,0.342159528109871,-3.1182617922242954
67.38,2.13046412677588,-1.3299571935582866
67.39,0.6688685254801711,-2.7915527948539953
67.4,1.0070412302808,-2.4533800900533667
67.41,1.7292413623887999,-1.7311799579453666
67.42,2.3310756345334,-1.1293456858007667
67.43,2.26802629450375,-1.1923950258304163
67.44,1.75790012016929,-1.7025212001648764
67.45,1.7292413623887999,-1.7311799579453666
67.46,1.11594435534357,-2.3444769649905965
67.47,2.49729666151799,-0.9631246588161764
67.48,2.1877816918791,-1.2726396284550665
67.49,0.11289018883857,-3.3475311314955967
67.5,2.05595130235766,-1.4044700179765064
67.51,1.64326509929742,-1.8171562210367465
67.52,2.05021954711146,-1.4102017732227066
67.53,1.3681411607260299,-2.0922801596081366
67.54,0.256183513070576,-3.2042378072635906
67.55,0.829357237084614,-2.6310640832495524
67.56,0.86947942335661,-2.5909418969775566
67.57,1.45411737461691,-2.0063039457172565
67.58,1.99290199840844,-1.4675193219257265
67.59,1.37960465502314,-2.0808166653110263
67.6,0.296305651508902,-3.1641156688252643
67.61,0.473989447698648,-2.9864318726355186
67.62,1.61460634835034,-1.8458149719838266
67.63,2.66924950852963,-0.7911718118045363
67.64,1.89546218129597,-1.5649591390381965
67.65,2.09034183526951,-1.3700794850646565
67.66,0.405208615577082,-3.0552127047570847
67.67,1.74070486529599,-1.7197164550381765
67.68,2.9501059575762403,-0.5103153627579262
67.69,1.05289517466899,-2.4075261456651766
67.7,1.1503348210147402,-2.3100864993194263
67.71,1.56302060095062,-1.8974007193835465
67.72,1.9527797183822,-1.5076416019519665
67.73,2.5660777929425302,-0.8943435273916363
67.74,0.428135558524264,-3.0322857618099026
67.75,1.0872856358301202,-2.3731356845040463
67.76,0.749112874585648,-2.7113084457485184
67.77,2.26229453672924,-1.1981267836049265
67.78,0.915333354624638,-2.5450879657095284
67.79,0.720454176939038,-2.7399671433951287
67.8,2.24509926381574,-1.2153220565184264
67.81,0.451062502564785,-3.0093588177693817
67.82,3.57486885102536,0.1144475306911934
67.83,1.9527797183822,-1.5076416019519665
67.84,0.9611872902660349,-2.4992340300681315
67.85,0.27337871484842696,-3.1870426054857397
67.86,0.21032964466960402,-3.2500916756645624
67.87,1.82094939329983,-1.6394719270343365
67.88,2.11900061457525,-1.3414207057589165
67.89,0.588624189768125,-2.8717971305660415
67.9,1.87253516837484,-1.5878861519593266
67.91,0.972650774859723,-2.4877705454744437
67.92,2.3654661871255,-1.0949551332086664
67.93,1.0700904049420499,-2.3903309153921164
67.94,1.0872856358301202,-2.3731356845040463
67.95,1.31655543977158,-2.1438658805625863
67.96,1.7636318719303898,-1.6967894484037767
67.97,2.3482709105219404,-1.1121504098122261
67.98,2.6062001241511203,-0.8542211961830461
67.99,-0.57491717297195,-4.035338493306116
68.0,1.3681411607260299,-2.0922801596081366
68.01,1.39106814959358,-2.0693531707405866
68.02,1.75216836847652,-1.7082529518576466
68.03,1.74643661685209,-1.7139847034820765
68.04,-0.0590617438645107,-3.519483064198677
68.05,1.61460634835034,-1.8458149719838266
68.06,0.680332003103804,-2.7800893172303622
68.07,1.64899684969184,-1.8114244706423266
68.08,1.26496972435212,-2.195451595982046
68.09,-0.35137988831650896,-3.8118012086506754
68.1,1.02996820192825,-2.4304531184059166
68.11,1.0872856358301202,-2.3731356845040463
68.12,1.24204274149796,-2.2183785788362065
68.13,1.67765560268895,-1.7827657176452165
68.14,1.52289835679972,-1.9375229635344464
68.15,1.68911910436614,-1.7713022159680265
68.16,0.525575078247419,-2.9348462420867474
68.17,2.6004683623449,-0.8599529579892664
68.18,1.32801893283867,-2.1324023874954965
68.19,2.23936750631457,-1.2210538140195966
68.2,1.74070486529599,-1.7197164550381765
68.21,1.41399513955448,-2.0464261807796866
68.22,1.86680341531539,-1.5936179050187764
68.23,1.0987491234305,-2.3616721969036663
68.24,-0.150769416159328,-3.6111907364934943
68.25,1.32801893283867,-2.1324023874954965
68.26,1.13313958787165,-2.3272817324625166
68.27,1.0070412302808,-2.4533800900533667
68.28,1.64326509929742,-1.8171562210367465
68.29,1.23057925048088,-2.2298420698532864
68.3,1.0758221485030701,-2.3845991718310966
68.31,-0.609307515232361,-4.0697288355665275
68.32,2.81827535902034,-0.6421459613138265
68.33,1.83241289839372,-1.6280084219404465
68.34,2.22217223422107,-1.2382490861130964
68.35,1.6547286001546,-1.8056927201795665
68.36,0.267646980854143,-3.1927743394800236
68.37,1.1274078436272899,-2.333013476706877
68.38,3.01315538705538,-0.4472659332787865
68.39,1.60314284844984,-1.8572784718843265
68.4,-0.483209581584093,-3.9436309019182594
68.41,1.25923797853608,-2.201183341798086
68.42,1.9527797183822,-1.5076416019519665
68.43,1.57448409989444,-1.8859372204397264
68.44,2.70364008531204,-0.7567812350221264
68.45,1.04143168816195,-2.4189896321722166
68.46,0.439599030407857,-3.0208222899263095
68.47,1.37387290784042,-2.0865484124937463
68.48,1.82094939329983,-1.6394719270343365
68.49,0.479721184152948,-2.9807001361812184
68.5,1.37387290784042,-2.0865484124937463
68.51,0.135817117845666,-3.3246042024885005
68.52,1.81521764085539,-1.6452036794787765
68.53,1.74070486529599,-1.7197164550381765
68.54,1.89546218129597,-1.5649591390381965
68.55,1.22484750507484,-2.2355738152593263
68.56,0.135817117845666,-3.3246042024885005
68.57,3.6149912664218697,0.15456994608770325
68.58,2.15912290847332,-1.3012984118608464
68.59,3.2538896483955604,-0.2065316719386061
68.6,0.754844614319972,-2.7055767060141944
68.61,0.840820718534944,-2.6196006017992226
68.62,1.87826692150262,-1.5821543988315465
68.63,2.35400266932146,-1.1064186510127065
68.64,0.27337871484842696,-3.1870426054857397
68.65,0.577160714331174,-2.8832606060029926
68.66,0.680332003103804,-2.7800893172303622
68.67,1.39679989698131,-2.0636214233528563
68.68,1.37960465502314,-2.0808166653110263
68.69,0.353622997943451,-3.1067983223907154
68.7,1.76936362375983,-1.6910576965743365
68.71,0.279110448911045,-3.1813108714231215
68.72,3.4946240302776,0.03420270994343344
68.73,1.5114348590859101,-1.9489864612482564
68.74,0.21606137798055,-3.2443599423536167
68.75,1.28789670829968,-2.1725246120344863
68.76,1.2821649622103,-2.1782563581238668
68.77,0.840820718534944,-2.6196006017992226
68.78,1.6260698485241698,-1.8343514718099967
68.79,0.0498411397065881,-3.410580180627578
68.8,2.2909533262851,-1.1694679940490667
68.81,0.766308093993674,-2.6941132263404923
68.82,0.428135558524264,-3.0322857618099026
68.83,1.05289517466899,-2.4075261456651766
68.84,-0.24247707096072801,-3.7028983912948945
68.85,0.98984600226276,-2.4705753180714067
68.86,0.38228167372324195,-3.0781396466109245
68.87,1.70631435739442,-1.7541069629397466
68.88,1.53436185478691,-1.9260594655472565
68.89,-0.11064731168285599,-3.5710686320170226
68.9,2.8125435946857498,-0.6478777256484167
68.91,1.08155389213243,-2.378867428201737
68.92,1.1274078436272899,-2.333013476706877
68.93,1.79802238393207,-1.6623989364020966
68.94,1.16753005477283,-2.2928912655613365
68.95,1.89546218129597,-1.5649591390381965
68.96,0.376549938430616,-3.0838713819035504
68.97,1.12167609945127,-2.3387452208828963
68.98,2.53168722600024,-0.9287340943339264
68.99,2.69217655944457,-0.7682447608895964
69.0,1.84387640376094,-1.6165449165732264
69.01,1.39679989698131,-2.0636214233528563
69.02,0.525575078247419,-2.9348462420867474
69.03,3.2252308014389,-0.23519051889526654
69.04,1.91838919531046,-1.5420321250237066
69.05,2.37692970520287,-1.0834916151312965
69.06,0.18167097913987598,-3.2787503411942907
69.07,-0.437355779330167,-3.8977770996643333
69.08,1.1274078436272899,-2.333013476706877
69.09,0.376549938430616,-3.0838713819035504
69.1,1.58021584946885,-1.8802054708653164
69.11,0.0326459459237827,-3.4277753744103836
69.12,1.00130948753979,-2.4591118327943766
69.13,2.3654661871255,-1.0949551332086664
69.14,1.12167609945127,-2.3387452208828963
69.15,1.73497311380823,-1.7254482065259364
69.16,1.21911575973714,-2.2413055605970262
69.17,2.2336357488817398,-1.2267855714524267
69.18,1.5057031103315,-1.9547182100026665
69.19,0.451062502564785,-3.0093588177693817
69.2,0.9611872902660349,-2.4992340300681315
69.21,0.33069605854962597,-3.1297252617845404
69.22,0.5599655016882511,-2.9004558186459155
69.23,1.1732617994955301,-2.287159520838636
69.24,1.05862691802501,-2.4017944023091564
69.25,1.06435866144936,-2.3960626588848064
69.26,0.737649395322002,-2.7227719250121645
69.27,0.9497238059456821,-2.510697514388484
69.28,1.6260698485241698,-1.8343514718099967
69.29,0.462525974995049,-2.9978953453391175
69.3,0.594355927589101,-2.8660653927450657
69.31,0.15874404794610097,-3.3016772723880656
69.32,-0.454550955687891,-3.9149722760220573
69.33,3.6035277188240102,0.14310639848984374
69.34,1.38533640227419,-2.0750849180599764
69.35,0.410940351211377,-3.0494809691227895
69.36,1.2535062327883701,-2.2069150875457964
69.37,1.2821649622103,-2.1782563581238668
69.38,1.35094591979287,-2.109475400541297
69.39,2.10753710264795,-1.3528842176862166
69.4,1.0872856358301202,-2.3731356845040463
69.41,0.9955777448671059,-2.464843575467061
69.42,0.21606137798055,-3.2443599423536167
69.43,2.543150748041,-0.9172705722931664
69.44,2.6749812711558603,-0.7854400491783062
69.45,2.10753710264795,-1.3528842176862166
69.46,0.0383776771163841,-3.4220436432177825
69.47,-1.0850403307782401,-4.545461651112406
69.48,2.01582901706964,-1.4445923032645265
69.49,1.03569994501094,-2.4247213753232266
69.5,2.15912290847332,-1.3012984118608464
69.51,1.19618877906966,-2.264232541264507
69.52,-0.0074761705110836,-3.46789749084525
69.53,1.36240941367998,-2.0980119066541865
69.54,1.82094939329983,-1.6394719270343365
69.55,1.88973042796319,-1.5706908923709766
69.56,1.2821649622103,-2.1782563581238668
69.57,0.9439920638880069,-2.5164292564461594
69.58,2.01009726230184,-1.4503240580323267
69.59,0.233256578323393,-3.2271647420107734
69.6,1.40826339196175,-2.0521579283724165
69.61,1.79802238393207,-1.6623989364020966
69.62,0.233256578323393,-3.2271647420107734
69.63,4.14231475139935,0.6818934310651832
69.64,1.9298527027277002,-1.5305686176064663
69.65,1.62033809840309,-1.8400832219310765
69.66,1.45411737461691,-2.0063039457172565
69.67,1.3681411607260299,-2.0922801596081366
69.68,1.35094591979287,-2.109475400541297
69.69,0.62301461771899,-2.8374067026151764
69.7,1.35667766670226,-2.1037436536319065
69.71,0.554233764277278,-2.9061875560568886
69.72,-0.523331654968765,-3.9837529753029317
69.73,1.4025316444373601,-2.0578896758968064
69.74,1.247774487109,-2.2126468332251665
69.75,0.875211164525945,-2.5852101558082214
69.76,1.84387640376094,-1.6165449165732264
69.77,0.5313068153167231,-2.929114505017443
69.78,0.886674647069617,-2.5737466732645498
69.79,2.3368073931279096,-1.1236139272062569
69.8,1.00130948753979,-2.4591118327943766
69.81,0.737649395322002,-2.7227719250121645
69.82,1.3681411607260299,-2.0922801596081366
69.83,2.9501059575762403,-0.5103153627579262
69.84,0.915333354624638,-2.5450879657095284
69.85,1.6260698485241698,-1.8343514718099967
69.86,0.657405048129873,-2.8030162722042933
69.87,0.296305651508902,-3.1641156688252643
69.88,1.8094858884792802,-1.6509354318548863
69.89,1.68911910436614,-1.7713022159680265
69.9,1.97570673513004,-1.4847145852041266
69.91,0.256183513070576,-3.2042378072635906
69.92,0.6402098326169291,-2.8202114877172373
69.93,1.90119393469709,-1.5592273856370764
69.94,0.966919032528712,-2.4935022878054545
69.95,1.88973042796319,-1.5706908923709766
69.96,-0.5577220009192421,-4.018143321253408
69.97,0.686063742018122,-2.7743575783160446
69.98,1.64326509929742,-1.8171562210367465
69.99,1.9470479643660699,-1.5133733559680966
70.0,2.5660777929425302,-0.8943435273916363
70.01,1.06435866144936,-2.3960626588848064
70.02,0.663136786770855,-2.7972845335633116
70.03,2.7265671378670002,-0.7338541824671663
70.04,0.663136786770855,-2.7972845335633116
70.05,1.70058260631666,-1.7598387140175065
70.06,0.858015941222942,-2.6024053791112243
70.07,0.600087665478412,-2.8603336548557543
70.08,0.491184657266549,-2.9692366630676177
70.09,0.84655245936261,-2.6138688609715564
70.1,2.52022370423282,-0.9401976161013463
70.11,0.238988311907728,-3.2214330084264384
70.12,0.514111604313811,-2.9463097160203553
70.13,1.75216836847652,-1.7082529518576466
70.14,1.6661921012851102,-1.7942292190490563
70.15,2.11900061457525,-1.3414207057589165
70.16,1.0758221485030701,-2.3845991718310966
70.17,-0.0475982835976524,-3.5080196039318188
70.18,2.45144257936838,-1.0089787409657864
70.19,1.9069256881665502,-1.5534956321676163
70.2,1.5859475991116,-1.8744737212225664
70.21,0.663136786770855,-2.7972845335633116
70.22,1.39679989698131,-2.0636214233528563
70.23,2.6062001241511203,-0.8542211961830461
70.24,1.4598491227563,-2.0005721975778665
70.25,2.1648546650178,-1.2955666553163665
70.26,-1.02199143047677,-4.482412750810937
70.27,0.468257711312681,-2.9921636090214854
70.28,1.5916793488226801,-1.8687419715114864
70.29,1.0758221485030701,-2.3845991718310966
70.3,2.57754131580335,-0.8828800045308163
70.31,0.817893755907621,-2.6425275644265454
70.32,-0.443087504851075,-3.9035088251852414
70.33,3.0074236203974203,-0.4529976999367462
70.34,0.909601612976966,-2.5508197073572005
70.35,1.2133840144677701,-2.2470373058663964
70.36,2.15339115199716,-1.3070301683370067
70.37,0.49691639392590403,-2.9635049264082625
70.38,3.20230372510359,-0.2581175952305763
70.39,1.2707014702365,-2.1897198500976662
70.4,2.1648546650178,-1.2955666553163665
70.41,1.90119393469709,-1.5592273856370764
70.42,-0.0991838526460041,-3.5596051729801705
70.43,1.04143168816195,-2.4189896321722166
70.44,0.73191765579268,-2.7285036645414866
70.45,0.9955777448671059,-2.464843575467061
70.46,0.84655245936261,-2.6138688609715564
70.47,0.198866178252711,-3.2615551420814555
70.48,1.9585114724666601,-1.5019098478675064
70.49,2.20497696274258,-1.2554443575915863
70.5,3.1048636628762196,-0.3555576574579469
70.51,-0.913088765026541,-4.373510085360707
70.52,0.06130460257012681,-3.3991167177640396
70.53,1.91838919531046,-1.5420321250237066
70.54,1.35667766670226,-2.1037436536319065
70.55,1.2707014702365,-2.1897198500976662
70.56,1.27643321618926,-2.1839881041449063
70.57,1.1847252891459301,-2.2756960311882364
70.58,0.9267968381249839,-2.5336244822091825
70.59,0.852284200258609,-2.6081371200755576
70.6,2.7437624280007302,-0.7166588923334363
70.61,0.62301461771899,-2.8374067026151764
70.62,0.462525974995049,-2.9978953453391175
70.63,0.8637476822556089,-2.5966736380785576
70.64,2.48010138019938,-0.9803199401347866
70.65,0.479721184152948,-2.9807001361812184
70.66,2.14765939558934,-1.3127619247448266
70.67,0.233256578323393,-3.2271647420107734
70.68,1.9355844565388203,-1.5248368637953462
70.69,0.714722437614717,-2.7456988827194495
70.7,2.39412498283143,-1.0662963375027363
70.71,0.84655245936261,-2.6138688609715564
70.72,0.279110448911045,-3.1813108714231215
70.73,0.290573917241282,-3.1698474030928843
70.74,1.1732617994955301,-2.287159520838636
70.75,1.7235096110377002,-1.7369117092964663
70.76,-0.10491558219859701,-3.5653369025327635
70.77,-0.569185449022714,-4.029606769356881
70.78,1.2707014702365,-2.1897198500976662
70.79,2.3425391517907603,-1.1178821685434062
70.8,1.4025316444373601,-2.0578896758968064
70.81,0.686063742018122,-2.7743575783160446
70.82,-0.408697150700621,-3.8691184710347875
70.83,2.47436961989651,-0.9860517004376566
70.84,1.4713126192401,-1.9891087010940665
70.85,1.40826339196175,-2.0521579283724165
70.86,0.433867294431893,-3.0265540259022736
70.87,0.170207513406321,-3.2902138069278455
70.88,2.69217655944457,-0.7682447608895964
70.89,0.714722437614717,-2.7456988827194495
70.9,1.83814465104316,-1.6222766692910064
70.91,-0.368575067749245,-3.8289963880834117
70.92,1.37387290784042,-2.0865484124937463
70.93,1.36240941367998,-2.0980119066541865
70.94,1.4942396130277,-1.9661817073064665
70.95,1.19618877906966,-2.264232541264507
70.96,0.267646980854143,-3.1927743394800236
70.97,1.1102126113042101,-2.3502087090299564
70.98,1.82094939329983,-1.6394719270343365
70.99,0.62301461771899,-2.8374067026151764
71.0,2.37119794613002,-1.0892233742041464
71.01,2.45717433939791,-1.0032469809362565
71.02,0.737649395322002,-2.7227719250121645
71.03,3.0016918538078,-0.45872946652636637
71.04,1.7292413623887999,-1.7311799579453666
71.05,1.8496081565470501,-1.6108131637871164
71.06,0.336427793295582,-3.1239935270385844
71.07,1.73497311380823,-1.7254482065259364
71.08,0.15301231531849202,-3.3074090050156744
71.09,1.12167609945127,-2.3387452208828963
71.1,2.9787647881326498,-0.4816565322015167
71.11,1.83241289839372,-1.6280084219404465
71.12,1.13313958787165,-2.3272817324625166
71.13,2.66924950852963,-0.7911718118045363
71.14,2.39985674217762,-1.0605645781565465
71.15,1.88399867469874,-1.5764226456354264
71.16,0.749112874585648,-2.7113084457485184
71.17,1.23631099595525,-2.224110324378916
71.18,1.5916793488226801,-1.8687419715114864
71.19,0.16447578064204402,-3.2959455396921227
71.2,2.29668508440128,-1.1637362359328867
71.21,2.09034183526951,-1.3700794850646565
71.22,0.634478094249282,-2.8259432260848847
71.23,1.1732617994955301,-2.287159520838636
71.24,1.5114348590859101,-1.9489864612482564
71.25,1.9413162104182802,-1.5191051099158863
71.26,0.932528579977658,-2.5278927403565086
71.27,1.20765226926673,-2.2527690510674363
71.28,2.1877816918791,-1.2726396284550665
71.29,2.71510361145285,-0.7453177088813163
71.3,1.29362845445739,-2.1667928658767766
71.31,1.8094858884792802,-1.6509354318548863
71.32,1.1274078436272899,-2.333013476706877
71.33,2.66351774597173,-0.7969035743624366
71.34,2.22790399151724,-1.2325173288169267
71.35,2.10753710264795,-1.3528842176862166
71.36,-1.30284555911016,-4.763266879444327
71.37,-0.368575067749245,-3.8289963880834117
71.38,0.582892452015483,-2.8775288683186835
71.39,0.8236254964619499,-2.6367958238722164
71.4,1.74643661685209,-1.7139847034820765
71.41,0.5370385524543609,-2.9233827678798057
71.42,0.32496432387200397,-3.1354569964621626
71.43,0.45679423874575004,-3.0036270815884163
71.44,2.48010138019938,-0.9803199401347866
71.45,0.9955777448671059,-2.464843575467061
71.46,2.0788783240255597,-1.3815429963086068
71.47,1.0758221485030701,-2.3845991718310966
71.48,2.19351344876526,-1.2669078715689066
71.49,1.4598491227563,-2.0005721975778665
71.5,2.23936750631457,-1.2210538140195966
71.51,0.485452920675582,-2.9749683996585845
71.52,0.754844614319972,-2.7055767060141944
71.53,2.05021954711146,-1.4102017732227066
71.54,0.8006985346546339,-2.6597227856795325
71.55,2.78961653803073,-0.6708047823034367
71.56,1.59741109860209,-1.8630102217320765
71.57,0.5599655016882511,-2.9004558186459155
71.58,3.01888715378167,-0.44153416655249655
71.59,1.29936020068344,-2.161061119650727
71.6,1.71204610854051,-1.7483752117936564
71.61,-0.339916435019683,-3.8003377553538495
71.62,0.7032589591710771,-2.7571623611630893
71.63,2.21070871983375,-1.2497126005004167
71.64,1.1904570340736298,-2.269964286260537
71.65,2.32534387600722,-1.1350774443269467
71.66,1.44265387854311,-2.0177674417910563
71.67,1.247774487109,-2.2126468332251665
71.68,3.83853049921246,0.3781091788782933
71.69,1.73497311380823,-1.7254482065259364
71.7,2.0788783240255597,-1.3815429963086068
71.71,2.11900061457525,-1.3414207057589165
71.72,1.35094591979287,-2.109475400541297
71.73,1.8496081565470501,-1.6108131637871164
71.74,0.00398729098578116,-3.4564340293483853
71.75,2.6004683623449,-0.8599529579892664
71.76,0.0498411397065881,-3.410580180627578
71.77,0.686063742018122,-2.7743575783160446
71.78,0.686063742018122,-2.7743575783160446
71.79,0.909601612976966,-2.5508197073572005
71.8,2.81827535902034,-0.6421459613138265
71.81,1.71204610854051,-1.7483752117936564
71.82,-0.0647934738954394,-3.5252147942296057
71.83,0.6746002642578199,-2.7858210560763466
71.84,2.1877816918791,-1.2726396284550665
71.85,1.98143848948784,-1.4789828308463264
71.86,1.4770443675845,-1.9833769527496665
71.87,0.187402712109154,-3.2730186082250126
71.88,1.4885078644783,-1.9719134558558664
71.89,0.984114259726747,-2.4763070606074193
71.9,2.87559300612468,-0.5848283142094863
71.91,2.2794898102577603,-1.1809315100764062
71.92,0.491184657266549,-2.9692366630676177
71.93,1.6260698485241698,-1.8343514718099967
71.94,0.634478094249282,-2.8259432260848847
71.95,2.72083537462576,-0.7395859457084066
71.96,2.25083102138524,-1.2095902989489264
71.97,0.789235054160979,-2.6711862661731876
71.98,-0.0647934738954394,-3.5252147942296057
71.99,1.4885078644783,-1.9719134558558664
72.0,2.27375805234658,-1.1866632679875866
72.01,2.27375805234658,-1.1866632679875866
72.02,1.10448086733319,-2.3559404530009767
72.03,1.86107166232428,-1.5993496580098865
72.04,0.554233764277278,-2.9061875560568886
72.05,2.1705864216306296,-1.2898348987035368
72.06,1.64326509929742,-1.8171562210367465
72.07,1.0987491234305,-2.3616721969036663
72.08,0.519843341246448,-2.9405779790877187
72.09,0.8637476822556089,-2.5966736380785576
72.1,0.193134445146766,-3.2672868751874007
72.11,4.05633805677675,0.5959167364425833
72.12,1.4483856265458401,-2.0120356937883264
72.13,2.4170520206262003,-1.0433692997079662
72.14,0.875211164525945,-2.5852101558082214
72.15,1.57448409989444,-1.8859372204397264
72.16,2.30814860083863,-1.1522727194955364
72.17,0.628746355949969,-2.8316749643841974
72.18,2.08461007961337,-1.3758112407207963
72.19,0.18167097913987598,-3.2787503411942907
72.2,2.19924520571976,-1.2611761146144067
72.21,2.05021954711146,-1.4102017732227066
72.22,-0.0418665533617227,-3.5022878736958893
72.23,0.720454176939038,-2.7399671433951287
72.24,0.38801340908420096,-3.0724079112499654
72.25,1.6260698485241698,-1.8343514718099967
72.26,2.30814860083863,-1.1522727194955364
72.27,0.0670363341043968,-3.3933849862297696
72.28,1.13313958787165,-2.3272817324625166
72.29,0.9611872902660349,-2.4992340300681315
72.3,2.39985674217762,-1.0605645781565465
72.31,2.5259554650823697,-0.9344658552517968
72.32,0.319232589262716,-3.1411887310714506
72.33,2.0444877919336597,-1.4159335284005068
72.34,0.686063742018122,-2.7743575783160446
72.35,1.9470479643660699,-1.5133733559680966
72.36,1.7292413623887999,-1.7311799579453666
72.37,1.7235096110377002,-1.7369117092964663
72.38,1.2707014702365,-2.1897198500976662
72.39,1.32801893283867,-2.1324023874954965
72.4,1.4655808709640301,-1.9948404493701364
72.41,0.817893755907621,-2.6425275644265454
72.42,0.21032964466960402,-3.2500916756645624
72.43,0.794966794373639,-2.6654545259605276
72.44,-0.259672254288482,-3.7200935746226484
72.45,0.62301461771899,-2.8374067026151764
72.46,2.66351774597173,-0.7969035743624366
72.47,0.686063742018122,-2.7743575783160446
72.48,-0.00174443979681807,-3.4621657601309845
72.49,1.23631099595525,-2.224110324378916
72.5,0.812162015421625,-2.6482593049125414
72.51,2.4399790595143096,-1.020442260819857
72.52,-0.162232873966175,-3.6226541943003414
72.53,2.22790399151724,-1.2325173288169267
72.54,-0.162232873966175,-3.6226541943003414
72.55,2.8412024170421,-0.6192189032920665
72.56,1.71777785975494,-1.7426434605792265
72.57,0.84655245936261,-2.6138688609715564
72.58,1.37387290784042,-2.0865484124937463
72.59,0.044109408377319304,-3.4163119119568472
72.6,2.89278830158849,-0.5676330187456764
72.61,2.68644479661333,-0.7739765237208367
72.62,0.10715845675763,-3.3532628635765365
72.63,1.13313958787165,-2.3272817324625166
72.64,2.01582901706964,-1.4445923032645265
72.65,2.1648546650178,-1.2955666553163665
72.66,1.4483856265458401,-2.0120356937883264
72.67,1.0758221485030701,-2.3845991718310966
72.68,0.8924063884439529,-2.5680149318902137
72.69,0.858015941222942,-2.6024053791112243
72.7,2.9501059575762403,-0.5103153627579262
72.71,1.61460634835034,-1.8458149719838266
72.72,0.33069605854962597,-3.1297252617845404
72.73,0.938260321898666,-2.5221609984355005
72.74,0.7605763541226831,-2.6998449662114834
72.75,1.43692213060872,-2.023499189725446
72.76,1.79229063176096,-1.6681306885732066
72.77,1.24204274149796,-2.2183785788362065
72.78,1.5286301057591198,-1.9317912145750467
72.79,0.8006985346546339,-2.6597227856795325
72.8,2.49156490101012,-0.9688564193240463
72.81,1.9527797183822,-1.5076416019519665
72.82,1.7808271276237,-1.6795941927104665
72.83,0.9611872902660349,-2.4992340300681315
72.84,0.193134445146766,-3.2672868751874007
72.85,1.2535062327883701,-2.2069150875457964
72.86,0.978382517259068,-2.4820388030750986
72.87,0.267646980854143,-3.1927743394800236
72.88,1.56875235038836,-1.8916689699458065
72.89,1.41399513955448,-2.0464261807796866
72.9,2.5718095543387998,-0.8886117659953667
72.91,1.78655887965814,-1.6738624406760265
72.92,0.966919032528712,-2.4935022878054545
72.93,2.01009726230184,-1.4503240580323267
72.94,1.15606656553244,-2.3043547548017265
72.95,1.4483856265458401,-2.0120356937883264
72.96,1.68911910436614,-1.7713022159680265
72.97,1.55728885158121,-1.9031324687529565
72.98,1.25923797853608,-2.201183341798086
72.99,2.01582901706964,-1.4445923032645265
73.0,1.6948508553072301,-1.7655704650269364
73.01,0.921065096340644,-2.5393562239935226
73.02,1.0758221485030701,-2.3845991718310966
73.03,1.04716343138131,-2.4132578889528564
73.04,1.08155389213243,-2.378867428201737
73.05,2.52022370423282,-0.9401976161013463
73.06,1.15606656553244,-2.3043547548017265
73.07,1.43119038274266,-2.0292309375915067
73.08,0.8637476822556089,-2.5966736380785576
73.09,0.812162015421625,-2.6482593049125414
73.1,2.41132026107501,-1.0491010592591565
73.11,2.17631817831178,-1.2841031420223863
73.12,-0.116379041098782,-3.5768003614329484
73.13,1.4713126192401,-1.9891087010940665
73.14,0.9611872902660349,-2.4992340300681315
73.15,2.94437419166996,-0.5160471286642063
73.16,2.31961211754937,-1.1408092027847965
73.17,-0.0991838526460041,-3.5596051729801705
73.18,0.565697239167558,-2.8947240811666086
73.19,1.75790012016929,-1.7025212001648764
73.2,1.1847252891459301,-2.2756960311882364
73.21,1.4025316444373601,-2.0578896758968064
73.22,1.20765226926673,-2.2527690510674363
73.23,2.1877816918791,-1.2726396284550665
73.24,0.370818203206324,-3.0896031171278424
73.25,1.26496972435212,-2.195451595982046
73.26,1.71204610854051,-1.7483752117936564
73.27,0.984114259726747,-2.4763070606074193
73.28,0.141548850268274,-3.3188724700658927
73.29,0.938260321898666,-2.5221609984355005
73.3,2.5030284220942,-0.9573928982399664
73.31,1.19618877906966,-2.264232541264507
73.32,0.582892452015483,-2.8775288683186835
73.33,1.1904570340736298,-2.269964286260537
73.34,0.806430275003962,-2.6539910453302045
73.35,3.24815787886756,-0.21226344146660647
73.36,1.54582535304739,-1.9145959672867765
73.37,3.0819365922809503,-0.3784847280532162
73.38,-0.162232873966175,-3.6226541943003414
73.39,0.41667208691400504,-3.0437492334201615
73.4,1.60887459836592,-1.8515467219682464
73.41,2.54888250916388,-0.9115388111702867
73.42,0.858015941222942,-2.6024053791112243
73.43,0.410940351211377,-3.0494809691227895
73.44,1.86680341531539,-1.5936179050187764
73.45,2.6004683623449,-0.8599529579892664
73.46,2.9329106600624,-0.5275106602717665
73.47,1.7636318719303898,-1.6967894484037767
73.48,1.7808271276237,-1.6795941927104665
73.49,0.766308093993674,-2.6941132263404923
73.5,2.26229453672924,-1.1981267836049265
73.51,1.84387640376094,-1.6165449165732264
73.52,0.651673309557224,-2.8087480107769425
73.53,2.20497696274258,-1.2554443575915863
73.54,0.359354732962741,-3.1010665873714256
73.55,1.20192052413403,-2.2585007962001367
73.56,2.3654661871255,-1.0949551332086664
73.57,0.16447578064204402,-3.2959455396921227
73.58,-0.145037687153405,-3.6054590074875716
73.59,1.37960465502314,-2.0808166653110263
73.6,1.64326509929742,-1.8171562210367465
73.61,1.1904570340736298,-2.269964286260537
73.62,-0.139305958079147,-3.5997272784133134
73.63,2.09607359099399,-1.3643477293401767
73.64,0.514111604313811,-2.9463097160203553
73.65,1.56875235038836,-1.8916689699458065
73.66,1.7808271276237,-1.6795941927104665
73.67,1.20765226926673,-2.2527690510674363
73.68,0.714722437614717,-2.7456988827194495
73.69,1.87253516837484,-1.5878861519593266
73.7,2.63485893420724,-0.8255623861269266
73.71,1.7636318719303898,-1.6967894484037767
73.72,1.29362845445739,-2.1667928658767766
73.73,1.87253516837484,-1.5878861519593266
73.74,1.66046035068569,-1.7999609696484764
73.75,3.70096788211804,0.24054656178387335
73.76,1.20192052413403,-2.2585007962001367
73.77,0.548502026934638,-2.9119192933995284
73.78,0.336427793295582,-3.1239935270385844
73.79,1.64899684969184,-1.8114244706423266
73.8,1.86680341531539,-1.5936179050187764
73.81,2.26229453672924,-1.1981267836049265
73.82,1.0127729730901498,-2.4476483472440167
73.83,0.8637476822556089,-2.5966736380785576
73.84,1.0070412302808,-2.4533800900533667
73.85,0.64594157105291,-2.8144797492812565
73.86,1.98717024391397,-1.4732510764201965
73.87,0.428135558524264,-3.0322857618099026
73.88,1.7750953756576,-1.6853259446765665
73.89,0.5599655016882511,-2.9004558186459155
73.9,1.86680341531539,-1.5936179050187764
73.91,1.87253516837484,-1.5878861519593266
73.92,1.5171666079086399,-1.9432547124255266
73.93,1.4025316444373601,-2.0578896758968064
73.94,1.73497311380823,-1.7254482065259364
73.95,1.0242364589139001,-2.4361848614202666
73.96,1.67192385195286,-1.7884974683813064
73.97,1.89546218129597,-1.5649591390381965
73.98,2.15912290847332,-1.3012984118608464
73.99,1.0758221485030701,-2.3845991718310966
74.0,2.66924950852963,-0.7911718118045363
74.01,2.17631817831178,-1.2841031420223863
74.02,1.40826339196175,-2.0521579283724165
74.03,1.52289835679972,-1.9375229635344464
74.04,0.10142672474502401,-3.3589945955891425
74.05,1.1102126113042101,-2.3502087090299564
74.06,2.3482709105219404,-1.1121504098122261
74.07,1.8037541361715101,-1.6566671841626563
74.08,2.11900061457525,-1.3414207057589165
74.09,1.17899354428656,-2.2814277760476065
74.1,0.7605763541226831,-2.6998449662114834
74.11,1.96424322661945,-1.4961780937147164
74.12,1.03569994501094,-2.4247213753232266
74.13,2.3310756345334,-1.1293456858007667
74.14,1.15606656553244,-2.3043547548017265
74.15,2.11326885857743,-1.3471524617567363
74.16,2.61766364796857,-0.8427576723655963
74.17,1.4885078644783,-1.9719134558558664
74.18,1.9126574417043298,-1.5477638786298367
74.19,-0.145037687153405,-3.6054590074875716
74.2,0.175939246238932,-3.2844820740952345
74.21,1.55728885158121,-1.9031324687529565
74.22,3.15071780734671,-0.30970351298745635
74.23,0.817893755907621,-2.6425275644265454
74.24,1.25923797853608,-2.201183341798086
74.25,0.451062502564785,-3.0093588177693817
74.26,2.74949419151531,-0.7109271288188563
74.27,1.4713126192401,-1.9891087010940665
74.28,1.14460307656538,-2.3158182437687866
74.29,0.84655245936261,-2.6138688609715564
74.3,2.0444877919336597,-1.4159335284005068
74.31,1.1102126113042101,-2.3502087090299564
74.32,0.697527220051758,-2.7628941002824083
74.33,1.6318015987135899,-1.8286197216205766
74.34,1.56302060095062,-1.8974007193835465
74.35,0.691795481000773,-2.7686258393333936
74.36,2.6062001241511203,-0.8542211961830461
74.37,1.06435866144936,-2.3960626588848064
74.38,1.34521417295182,-2.115207147382346
74.39,0.479721184152948,-2.9807001361812184
74.4,1.31082369334053,-2.1495976269936365
74.41,1.6661921012851102,-1.7942292190490563
74.42,0.5599655016882511,-2.9004558186459155
74.43,1.7235096110377002,-1.7369117092964663
74.44,1.29362845445739,-2.1667928658767766
74.45,0.7720398339329999,-2.6883814864011666
74.46,2.39412498283143,-1.0662963375027363
74.47,1.27643321618926,-2.1839881041449063
74.48,1.1732617994955301,-2.287159520838636
74.49,-0.294062619099034,-3.7544839394332006
74.5,-0.402965424769711,-3.8633867451038775
74.51,1.83814465104316,-1.6222766692910064
74.52,2.25083102138524,-1.2095902989489264
74.53,2.18204993506128,-1.2783713852728864
74.54,0.42240382268496796,-3.0380174976491987
74.55,2.11900061457525,-1.3414207057589165
74.56,2.02729252681024,-1.4331287935239265
74.57,2.76668948246906,-0.6937318378651063
74.58,1.68338735349338,-1.7770339668407864
74.59,0.170207513406321,-3.2902138069278455
74.6,-0.127842499725632,-3.5882638200597983
74.61,2.39985674217762,-1.0605645781565465
74.62,1.9413162104182802,-1.5191051099158863
74.63,1.5859475991116,-1.8744737212225664
74.64,1.56302060095062,-1.8974007193835465
74.65,0.817893755907621,-2.6425275644265454
74.66,2.80681183041949,-0.6536094899146767
74.67,0.479721184152948,-2.9807001361812184
74.68,2.06741481305494,-1.3930065072792264
74.69,0.244720045560344,-3.2157012747738225
74.7,-0.173696331499686,-3.6341176518338525
74.71,1.64899684969184,-1.8114244706423266
74.72,1.5057031103315,-1.9547182100026665
74.73,2.09034183526951,-1.3700794850646565
74.74,-0.0074761705110836,-3.46789749084525
74.75,-0.253940526580898,-3.7143618469150645
74.76,2.07314656850608,-1.3872747518280866
74.77,1.27643321618926,-2.1839881041449063
74.78,1.6260698485241698,-1.8343514718099967
74.79,1.26496972435212,-2.195451595982046
74.8,0.62301461771899,-2.8374067026151764
74.81,3.0876683598272496,-0.37275296050691686
74.82,1.99863375297124,-1.4617875673629266
74.83,3.48889225787955,0.028470937545383546
74.84,0.7433811349196591,-2.7170401854145076
74.85,-0.173696331499686,-3.6341176518338525
74.86,0.754844614319972,-2.7055767060141944
74.87,1.21911575973714,-2.2413055605970262
74.88,1.5916793488226801,-1.8687419715114864
74.89,0.244720045560344,-3.2157012747738225
74.9,0.42240382268496796,-3.0380174976491987
74.91,1.8094858884792802,-1.6509354318548863
74.92,0.875211164525945,-2.5852101558082214
74.93,2.23936750631457,-1.2210538140195966
74.94,0.433867294431893,-3.0265540259022736
74.95,1.04716343138131,-2.4132578889528564
74.96,1.4885078644783,-1.9719134558558664
74.97,1.83814465104316,-1.6222766692910064
74.98,1.1847252891459301,-2.2756960311882364
74.99,-0.580648896852853,-4.04107021718702
75.0,1.04716343138131,-2.4132578889528564
75.01,1.68338735349338,-1.7770339668407864
75.02,1.86107166232428,-1.5993496580098865
75.03,1.11594435534357,-2.3444769649905965
75.04,-1.3372358493005099,-4.797657169634676
75.05,1.33375067947472,-2.1266706408594462
75.06,1.9126574417043298,-1.5477638786298367
75.07,1.75216836847652,-1.7082529518576466
75.08,1.9355844565388203,-1.5248368637953462
75.09,0.829357237084614,-2.6310640832495524
75.1,1.1904570340736298,-2.269964286260537
75.11,0.175939246238932,-3.2844820740952345
75.12,0.634478094249282,-2.8259432260848847
75.13,1.32228718627096,-2.1381341340632067
75.14,0.00398729098578116,-3.4564340293483853
75.15,0.9497238059456821,-2.510697514388484
75.16,1.06435866144936,-2.3960626588848064
75.17,1.64899684969184,-1.8114244706423266
75.18,2.79534830209198,-0.6650730182421865
75.19,2.0788783240255597,-1.3815429963086068
75.2,1.43692213060872,-2.023499189725446
75.21,2.25083102138524,-1.2095902989489264
75.22,0.840820718534944,-2.6196006017992226
75.23,1.90119393469709,-1.5592273856370764
75.24,0.984114259726747,-2.4763070606074193
75.25,0.542770289660333,-2.9176510306738335
75.26,1.15606656553244,-2.3043547548017265
75.27,2.0043655076023703,-1.4560558127317962
75.28,1.67192385195286,-1.7884974683813064
75.29,1.02996820192825,-2.4304531184059166
75.3,0.32496432387200397,-3.1354569964621626
75.31,2.58900483893745,-0.8714164813967167
75.32,1.42545863494493,-2.034962685389236
75.33,1.30509194697782,-2.155329373356347
75.34,0.932528579977658,-2.5278927403565086
75.35,1.74643661685209,-1.7139847034820765
75.36,0.279110448911045,-3.1813108714231215
75.37,1.20765226926673,-2.2527690510674363
75.38,2.02729252681024,-1.4331287935239265
75.39,0.12435365320545,-3.3360676671287166
75.4,-0.57491717297195,-4.035338493306116
75.41,0.451062502564785,-3.0093588177693817
75.42,1.35667766670226,-2.1037436536319065
75.43,1.1847252891459301,-2.2756960311882364
75.44,-0.24247707096072801,-3.7028983912948945
75.45,0.227524844807445,-3.2328964755267213
75.46,2.4629060994957803,-0.9975152208383862
75.47,1.58021584946885,-1.8802054708653164
75.48,2.1705864216306296,-1.2898348987035368
75.49,0.5370385524543609,-2.9233827678798057
75.5,0.250451779281293,-3.2099695410528737
75.51,1.8553399094015,-1.6050814109326665
75.52,1.89546218129597,-1.5649591390381965
75.53,1.48277611599723,-1.9776452043369366
75.54,0.21606137798055,-3.2443599423536167
75.55,-0.5061364810710499,-3.9665578014052163
75.56,1.76936362375983,-1.6910576965743365
75.57,0.9267968381249839,-2.5336244822091825
75.58,1.4483856265458401,-2.0120356937883264
75.59,-0.225281887017972,-3.6857032073521383
75.6,0.840820718534944,-2.6196006017992226
75.61,0.439599030407857,-3.0208222899263095
75.62,0.410940351211377,-3.0494809691227895
75.63,1.29362845445739,-2.1667928658767766
75.64,0.525575078247419,-2.9348462420867474
75.65,1.17899354428656,-2.2814277760476065
75.66,1.9126574417043298,-1.5477638786298367
75.67,2.56034603161464,-0.9000752887195267
75.68,1.33375067947472,-2.1266706408594462
75.69,-0.746868859673922,-4.207290180008089
75.7,0.7433811349196591,-2.7170401854145076
75.71,2.50876018273874,-0.9516611375954267
75.72,0.840820718534944,-2.6196006017992226
75.73,1.22484750507484,-2.2355738152593263
75.74,-1.84735819824391,-5.3077795185780765
75.75,0.313500854721762,-3.1469204656124043
75.76,0.399476880011122,-3.0609444403230444
75.77,1.11594435534357,-2.3444769649905965
75.78,0.8924063884439529,-2.5680149318902137
75.79,0.370818203206324,-3.0896031171278424
75.8,0.428135558524264,-3.0322857618099026
75.81,0.634478094249282,-2.8259432260848847
75.82,1.76936362375983,-1.6910576965743365
75.83,1.23057925048088,-2.2298420698532864
75.84,-1.1423575056954298,-4.6027788260295965
75.85,1.38533640227419,-2.0750849180599764
75.86,1.0127729730901498,-2.4476483472440167
75.87,1.49997136164544,-1.9604499586887265
75.88,1.1732617994955301,-2.287159520838636
75.89,2.01009726230184,-1.4503240580323267
75.9,1.16753005477283,-2.2928912655613365
75.91,0.11862192098784301,-3.3417993993463235
75.92,0.7089906983587301,-2.7514306219754365
75.93,1.30509194697782,-2.155329373356347
75.94,0.0899632609248136,-3.3704580594093527
75.95,0.485452920675582,-2.9749683996585845
75.96,-0.139305958079147,-3.5997272784133134
75.97,1.6948508553072301,-1.7655704650269364
75.98,2.84693418171836,-0.6134871386158065
75.99,-0.10491558219859701,-3.5653369025327635
76.0,0.462525974995049,-2.9978953453391175
76.01,2.42278378024573,-1.0376375400884363
76.02,1.13887133218435,-2.3215499881498163
76.03,0.6688685254801711,-2.7915527948539953
76.04,-0.408697150700621,-3.8691184710347875
76.05,1.0127729730901498,-2.4476483472440167
76.06,1.24204274149796,-2.2183785788362065
76.07,2.7322989011765797,-0.7281224191575868
76.08,1.10448086733319,-2.3559404530009767
76.09,-0.259672254288482,-3.7200935746226484
76.1,0.49691639392590403,-2.9635049264082625
76.11,0.984114259726747,-2.4763070606074193
76.12,0.789235054160979,-2.6711862661731876
76.13,2.90425183223936,-0.5561694880948065
76.14,0.399476880011122,-3.0609444403230444
76.15,0.875211164525945,-2.5852101558082214
76.16,0.6688685254801711,-2.7915527948539953
76.17,1.70631435739442,-1.7541069629397466
76.18,1.6661921012851102,-1.7942292190490563
76.19,0.726185916331692,-2.7342354040024746
76.2,-0.276867437001233,-3.7372887573353997
76.21,0.932528579977658,-2.5278927403565086
76.22,0.9611872902660349,-2.4992340300681315
76.23,2.28522156823726,-1.1751997520969066
76.24,3.25962141799189,-0.2007999023422764
76.25,-0.15650114509691798,-3.6169224654310845
76.26,2.71510361145285,-0.7453177088813163
76.27,1.7636318719303898,-1.6967894484037767
76.28,1.9126574417043298,-1.5477638786298367
76.29,0.473989447698648,-2.9864318726355186
76.3,1.31655543977158,-2.1438658805625863
76.31,0.938260321898666,-2.5221609984355005
76.32,2.57754131580335,-0.8828800045308163
76.33,1.7235096110377002,-1.7369117092964663
76.34,2.1361958829787002,-1.3242254373554663
76.35,0.651673309557224,-2.8087480107769425
76.36,0.571428976715199,-2.8889923436189675
76.37,2.3310756345334,-1.1293456858007667
76.38,2.95583772355085,-0.5045835967833163
76.39,1.75216836847652,-1.7082529518576466
76.4,-0.0074761705110836,-3.46789749084525
76.41,2.37692970520287,-1.0834916151312965
76.42,0.42240382268496796,-3.0380174976491987
76.43,1.24204274149796,-2.2183785788362065
76.44,-0.0762569337522957,-3.5366782540864623
76.45,1.02996820192825,-2.4304531184059166
76.46,3.50035580274398,0.039934482409813565
76.47,1.45411737461691,-2.0063039457172565
76.48,1.41972688721554,-2.0406944331186265
76.49,0.27337871484842696,-3.1870426054857397
76.5,0.445330766452154,-3.0150905538820125
76.51,2.48583314057058,-0.9745881797635865
76.52,0.880942905763614,-2.5794784145705525
76.53,1.96997498084058,-1.4904463394935865
76.54,-0.397233698770468,-3.8576550191046346
76.55,0.542770289660333,-2.9176510306738335
76.56,1.7235096110377002,-1.7369117092964663
76.57,2.543150748041,-0.9172705722931664
76.58,1.54009360388299,-1.9203277164511765
76.59,0.433867294431893,-3.0265540259022736
76.6,1.35667766670226,-2.1037436536319065
76.61,1.20765226926673,-2.2527690510674363
76.62,1.5916793488226801,-1.8687419715114864
76.63,2.52022370423282,-0.9401976161013463
76.64,-0.798454353691976,-4.258875674026142
76.65,-0.592112344409657,-4.052533664743823
76.66,2.09607359099399,-1.3643477293401767
76.67,0.410940351211377,-3.0494809691227895
76.68,2.76095771874948,-0.6994636015846867
76.69,-0.9073570451089841,-4.367778365443151
76.7,1.4770443675845,-1.9833769527496665
76.71,3.66657723399454,0.20615591366037345
76.72,1.1904570340736298,-2.269964286260537
76.73,2.5259554650823697,-0.9344658552517968
76.74,1.61460634835034,-1.8458149719838266
76.75,0.720454176939038,-2.7399671433951287
76.76,0.605819403436055,-2.8546019168981114
76.77,-0.139305958079147,-3.5997272784133134
76.78,1.49997136164544,-1.9604499586887265
76.79,-0.71821024949444,-4.178631569828607
76.8,1.20765226926673,-2.2527690510674363
76.81,2.11326885857743,-1.3471524617567363
76.82,1.27643321618926,-2.1839881041449063
76.83,2.26802629450375,-1.1923950258304163
76.84,0.9439920638880069,-2.5164292564461594
76.85,1.20192052413403,-2.2585007962001367
76.86,1.83241289839372,-1.6280084219404465
76.87,1.37960465502314,-2.0808166653110263
76.88,2.09034183526951,-1.3700794850646565
76.89,0.852284200258609,-2.6081371200755576
76.9,1.28789670829968,-2.1725246120344863
76.91,-0.150769416159328,-3.6111907364934943
76.92,0.525575078247419,-2.9348462420867474
76.93,2.76095771874948,-0.6994636015846867
76.94,0.22179311135983099,-3.2386282089743355
76.95,0.938260321898666,-2.5221609984355005
76.96,1.9527797183822,-1.5076416019519665
76.97,1.15606656553244,-2.3043547548017265
76.98,1.9413162104182802,-1.5191051099158863
76.99,0.829357237084614,-2.6310640832495524
77.0,0.0383776771163841,-3.4220436432177825
77.01,0.026914214799514998,-3.4335071055346513
77.02,0.789235054160979,-2.6711862661731876
77.03,1.79229063176096,-1.6681306885732066
77.04,1.90119393469709,-1.5592273856370764
77.05,0.336427793295582,-3.1239935270385844
77.06,1.06435866144936,-2.3960626588848064
77.07,1.98717024391397,-1.4732510764201965
77.08,2.3138803591598602,-1.1465409611743063
77.09,1.1274078436272899,-2.333013476706877
77.1,0.817893755907621,-2.6425275644265454
77.11,1.6948508553072301,-1.7655704650269364
77.12,0.605819403436055,-2.8546019168981114
77.13,0.8236254964619499,-2.6367958238722164
77.14,1.70631435739442,-1.7541069629397466
77.15,1.90119393469709,-1.5592273856370764
77.16,0.657405048129873,-2.8030162722042933
77.17,1.56875235038836,-1.8916689699458065
77.18,3.5175511205531302,0.057129800218963744
77.19,-0.236745343048143,-3.6971666633823093
77.2,1.15606656553244,-2.3043547548017265
77.21,0.9267968381249839,-2.5336244822091825
77.22,0.600087665478412,-2.8603336548557543
77.23,1.88399867469874,-1.5764226456354264
77.24,1.54582535304739,-1.9145959672867765
77.25,0.852284200258609,-2.6081371200755576
77.26,1.1102126113042101,-2.3502087090299564
77.27,0.187402712109154,-3.2730186082250126
77.28,3.31120734743395,-0.14921397290021643
77.29,1.78655887965814,-1.6738624406760265
77.3,0.789235054160979,-2.6711862661731876
77.31,2.6062001241511203,-0.8542211961830461
77.32,1.1617983101184701,-2.2986230102156964
77.33,2.44571081940718,-1.0147105009269866
77.34,1.48277611599723,-1.9776452043369366
77.35,0.187402712109154,-3.2730186082250126
77.36,1.68911910436614,-1.7713022159680265
77.37,0.261915246928193,-3.1985060734059734
77.38,1.7750953756576,-1.6853259446765665
77.39,0.577160714331174,-2.8832606060029926
77.4,0.10715845675763,-3.3532628635765365
77.41,1.21911575973714,-2.2413055605970262
77.42,1.9470479643660699,-1.5133733559680966
77.43,2.39412498283143,-1.0662963375027363
