Time;cDAQ1Mod2/ai0
17/09/2026 17:36:33.099000;5.37038552454361e-07
17/09/2026 17:36:33.109000;3.82281673723242e-07
17/09/2026 17:36:33.119000;1.12167609945127e-06
17/09/2026 17:36:33.129000;1.53012315318492e-07
17/09/2026 17:36:33.139000;-5.69185449022714e-07
17/09/2026 17:36:33.149000;9.61187290266035e-07
17/09/2026 17:36:33.159000;3.82281673723242e-07
17/09/2026 17:36:33.169000;8.40820718534944e-07
17/09/2026 17:36:33.179000;6.34478094249282e-07
17/09/2026 17:36:33.189000;-1.16528437374897e-06
17/09/2026 17:36:33.199000;1.30509194697782e-06
17/09/2026 17:36:33.209000;-3.05526073489198e-07
17/09/2026 17:36:33.219000;-3.57111614862421e-07
17/09/2026 17:36:33.229000;7.72039833933e-07
17/09/2026 17:36:33.239000;1.81670979139876e-07
17/09/2026 17:36:33.249000;-4.94673031464239e-07
17/09/2026 17:36:33.259000;1.10448086733319e-06
17/09/2026 17:36:33.269000;1.11021261130421e-06
17/09/2026 17:36:33.279000;-1.04491830427031e-06
17/09/2026 17:36:33.289000;-1.12516235393777e-06
17/09/2026 17:36:33.299000;3.15071780734671e-06
17/09/2026 17:36:33.309000;5.77160714331174e-07
17/09/2026 17:36:33.319000;9.95577744867106e-07
17/09/2026 17:36:33.329000;1.70631435739442e-06
17/09/2026 17:36:33.339000;5.48502026934638e-07
17/09/2026 17:36:33.349000;1.08155389213243e-06
17/09/2026 17:36:33.359000;-2.31013615067225e-07
17/09/2026 17:36:33.369000;1.33375067947472e-06
17/09/2026 17:36:33.379000;-2.42477070960728e-07
17/09/2026 17:36:33.389000;2.56183513070576e-07
17/09/2026 17:36:33.399000;5.48502026934638e-07
17/09/2026 17:36:33.409000;4.41094083773193e-08
17/09/2026 17:36:33.419000;1.67765560268895e-06
17/09/2026 17:36:33.429000;1.0987491234305e-06
17/09/2026 17:36:33.439000;-3.61348230574593e-08
17/09/2026 17:36:33.449000;3.24964323872004e-07
17/09/2026 17:36:33.459000;6.68868525480171e-07
17/09/2026 17:36:33.469000;6.51673309557224e-07
17/09/2026 17:36:33.479000;-3.57111614862421e-07
17/09/2026 17:36:33.489000;-5.0613648107105e-07
17/09/2026 17:36:33.499000;2.05021954711146e-06
17/09/2026 17:36:33.509000;3.98729098578116e-09
17/09/2026 17:36:33.519000;1.21911575973714e-06
17/09/2026 17:36:33.529000;-1.33723584930051e-06
17/09/2026 17:36:33.539000;4.41094083773193e-08
17/09/2026 17:36:33.549000;1.81670979139876e-07
17/09/2026 17:36:33.559000;8.42315291172089e-08
17/09/2026 17:36:33.569000;1.58021584946885e-06
17/09/2026 17:36:33.579000;4.05208615577082e-07
17/09/2026 17:36:33.589000;-3.68575067749245e-07
17/09/2026 17:36:33.599000;5.19843341246448e-07
17/09/2026 17:36:33.609000;4.68257711312681e-07
17/09/2026 17:36:33.619000;6.34478094249282e-07
17/09/2026 17:36:33.629000;-3.39916435019683e-07
17/09/2026 17:36:33.639000;7.89235054160979e-07
17/09/2026 17:36:33.649000;3.82281673723242e-07
17/09/2026 17:36:33.659000;8.58015941222942e-07
17/09/2026 17:36:33.669000;-1.74443979681807e-09
17/09/2026 17:36:33.679000;5.48502026934638e-07
17/09/2026 17:36:33.689000;7.37649395322002e-07
17/09/2026 17:36:33.699000;2.50451779281293e-07
17/09/2026 17:36:33.709000;5.42770289660333e-07
17/09/2026 17:36:33.719000;4.10940351211377e-07
17/09/2026 17:36:33.729000;5.02648130653539e-07
17/09/2026 17:36:33.739000;1.2435365320545e-07
17/09/2026 17:36:33.749000;2.21793111359831e-07
17/09/2026 17:36:33.759000;1.42545863494493e-06
17/09/2026 17:36:33.769000;1.40253164443736e-06
17/09/2026 17:36:33.779000;-1.27418698207242e-06
17/09/2026 17:36:33.789000;-1.01052799316999e-06
17/09/2026 17:36:33.799000;-5.69185449022714e-07
17/09/2026 17:36:33.809000;-3.61348230574593e-08
17/09/2026 17:36:33.819000;8.98138129886623e-07
17/09/2026 17:36:33.829000;-6.78088192373157e-07
17/09/2026 17:36:33.839000;-4.18665533617227e-08
17/09/2026 17:36:33.849000;-1.09077204857746e-06
17/09/2026 17:36:33.859000;3.02037385844855e-07
17/09/2026 17:36:33.869000;2.67646980854143e-07
17/09/2026 17:36:33.879000;1.54507527559807e-08
17/09/2026 17:36:33.889000;1.75939246238932e-07
17/09/2026 17:36:33.899000;-9.9906455558988e-07
17/09/2026 17:36:33.909000;8.29357237084614e-07
17/09/2026 17:36:33.919000;1.43692213060872e-06
17/09/2026 17:36:33.929000;-9.18820484875765e-07
17/09/2026 17:36:33.939000;9.8984600226276e-07
17/09/2026 17:36:33.949000;1.26496972435212e-06
17/09/2026 17:36:33.959000;4.41094083773193e-08
17/09/2026 17:36:33.969000;1.40826339196175e-06
17/09/2026 17:36:33.979000;-1.85159788759863e-07
17/09/2026 17:36:33.989000;5.94355927589101e-07
17/09/2026 17:36:33.999000;-2.46713622439314e-08
17/09/2026 17:36:34.009000;7.54844614319972e-07
17/09/2026 17:36:34.019000;1.31655543977158e-06
17/09/2026 17:36:34.029000;-8.44308121505843e-07
17/09/2026 17:36:34.039000;1.00130948753979e-06
17/09/2026 17:36:34.049000;-7.06746804944312e-07
17/09/2026 17:36:34.059000;4.16672086914005e-07
17/09/2026 17:36:34.069000;-1.73696331499686e-07
17/09/2026 17:36:34.079000;1.45411737461691e-06
17/09/2026 17:36:34.089000;5.77160714331174e-07
17/09/2026 17:36:34.099000;9.95577744867106e-07
17/09/2026 17:36:34.109000;7.14722437614717e-07
17/09/2026 17:36:34.119000;1.04716343138131e-06
17/09/2026 17:36:34.129000;1.1289018883857e-07
17/09/2026 17:36:34.139000;-1.07930861291069e-06
17/09/2026 17:36:34.149000;8.86674647069617e-07
17/09/2026 17:36:34.159000;8.92406388443953e-07
17/09/2026 17:36:34.169000;-5.33300137652484e-08
17/09/2026 17:36:34.179000;-1.89894357418183e-06
17/09/2026 17:36:34.189000;-5.97844068085558e-07
17/09/2026 17:36:34.199000;3.04181422137018e-06
17/09/2026 17:36:34.209000;2.04597911426991e-07
17/09/2026 17:36:34.219000;8.75211164525945e-07
17/09/2026 17:36:34.229000;1.17326179949553e-06
17/09/2026 17:36:34.239000;4.85452920675582e-07
17/09/2026 17:36:34.249000;4.39599030407857e-07
17/09/2026 17:36:34.259000;4.68257711312681e-07
17/09/2026 17:36:34.269000;3.65086468050366e-07
17/09/2026 17:36:34.279000;-6.3796613190353e-07
17/09/2026 17:36:34.289000;2.44720045560344e-07
17/09/2026 17:36:34.299000;-3.8577024656698e-07
17/09/2026 17:36:34.309000;5.48502026934638e-07
17/09/2026 17:36:34.319000;6.86063742018122e-07
17/09/2026 17:36:34.329000;4.45330766452154e-07
17/09/2026 17:36:34.339000;-1.62232873966175e-07
17/09/2026 17:36:34.349000;1.64899684969184e-06
17/09/2026 17:36:34.359000;6.28746355949969e-07
17/09/2026 17:36:34.369000;1.9298527027277e-06
17/09/2026 17:36:34.379000;3.36427793295582e-07
17/09/2026 17:36:34.389000;-3.05526073489198e-07
17/09/2026 17:36:34.399000;9.32528579977658e-07
17/09/2026 17:36:34.409000;7.0899069835873e-07
17/09/2026 17:36:34.419000;1.31655543977158e-06
17/09/2026 17:36:34.429000;-1.22110770446374e-07
17/09/2026 17:36:34.439000;8.92406388443953e-07
17/09/2026 17:36:34.449000;-7.62569337522957e-08
17/09/2026 17:36:34.459000;1.20192052413403e-06
17/09/2026 17:36:34.469000;5.14111604313811e-07
17/09/2026 17:36:34.479000;-9.24552204656655e-07
17/09/2026 17:36:34.489000;-2.46713622439314e-08
17/09/2026 17:36:34.499000;6.57405048129873e-07
17/09/2026 17:36:34.509000;-4.31624053740925e-07
17/09/2026 17:36:34.519000;1.35094591979287e-06
17/09/2026 17:36:34.529000;-9.41747363589325e-07
17/09/2026 17:36:34.539000;9.09601612976966e-07
17/09/2026 17:36:34.549000;3.07620482480298e-06
17/09/2026 17:36:34.559000;6.91795481000773e-07
17/09/2026 17:36:34.569000;6.7460026425782e-07
17/09/2026 17:36:34.579000;9.56949928007521e-08
17/09/2026 17:36:34.589000;4.62525974995049e-07
17/09/2026 17:36:34.599000;5.31306815316723e-07
17/09/2026 17:36:34.609000;1.05289517466899e-06
17/09/2026 17:36:34.619000;9.15333354624638e-07
17/09/2026 17:36:34.629000;-2.99369858058901e-06
17/09/2026 17:36:34.639000;6.63136786770855e-07
17/09/2026 17:36:34.649000;9.8984600226276e-07
17/09/2026 17:36:34.659000;1.81670979139876e-07
17/09/2026 17:36:34.669000;6.2301461771899e-07
17/09/2026 17:36:34.679000;-2.38040681602613e-06
17/09/2026 17:36:34.689000;3.76549938430616e-07
17/09/2026 17:36:34.699000;4.22403822684968e-07
17/09/2026 17:36:34.709000;-9.91838526460041e-08
17/09/2026 17:36:34.719000;3.99476880011122e-07
17/09/2026 17:36:34.729000;1.01850471596789e-06
17/09/2026 17:36:34.739000;5.55728711041906e-08
17/09/2026 17:36:34.749000;2.09607359099399e-06
17/09/2026 17:36:34.759000;4.05208615577082e-07
17/09/2026 17:36:34.769000;8.63747682255609e-07
17/09/2026 17:36:34.779000;1.18621920987843e-07
17/09/2026 17:36:34.789000;-1.5722360997616e-06
17/09/2026 17:36:34.799000;2.00436550760237e-06
17/09/2026 17:36:34.809000;2.44720045560344e-07
17/09/2026 17:36:34.819000;3.83776771163841e-08
17/09/2026 17:36:34.829000;-4.2016060235744e-07
17/09/2026 17:36:34.839000;3.83776771163841e-08
17/09/2026 17:36:34.849000;9.72650774859723e-07
17/09/2026 17:36:34.859000;8.99632609248136e-08
17/09/2026 17:36:34.869000;7.66308093993674e-07
17/09/2026 17:36:34.879000;6.51673309557224e-07
17/09/2026 17:36:34.889000;-6.8955163760662e-07
17/09/2026 17:36:34.899000;1.46558087096403e-06
17/09/2026 17:36:34.909000;8.42315291172089e-08
17/09/2026 17:36:34.919000;1.30509194697782e-06
17/09/2026 17:36:34.929000;-1.8416264894647e-06
17/09/2026 17:36:34.939000;-9.53210802536104e-07
17/09/2026 17:36:34.949000;-9.07357045108984e-07
17/09/2026 17:36:34.959000;7.03258959171077e-07
17/09/2026 17:36:34.969000;1.51143485908591e-06
17/09/2026 17:36:34.979000;1.07009040494205e-06
17/09/2026 17:36:34.989000;-5.86380620665421e-07
17/09/2026 17:36:34.999000;-5.23331654968765e-07
17/09/2026 17:36:35.009000;-1.50769416159328e-07
17/09/2026 17:36:35.019000;7.03258959171077e-07
17/09/2026 17:36:35.029000;4.5679423874575e-07
17/09/2026 17:36:35.039000;-8.78698444496195e-07
17/09/2026 17:36:35.049000;-1.11943063654855e-06
17/09/2026 17:36:35.059000;1.47280582759216e-07
17/09/2026 17:36:35.069000;5.54233764277278e-07
17/09/2026 17:36:35.079000;-1.52638240137456e-06
17/09/2026 17:36:35.089000;5.31306815316723e-07
17/09/2026 17:36:35.099000;-2.65403981927733e-07
17/09/2026 17:36:35.109000;6.11551141462033e-07
17/09/2026 17:36:35.119000;9.38260321898666e-07
17/09/2026 17:36:35.129000;-1.01052799316999e-06
17/09/2026 17:36:35.139000;3.42159528109871e-07
17/09/2026 17:36:35.149000;2.34827091052194e-06
17/09/2026 17:36:35.159000;1.39106814959358e-06
17/09/2026 17:36:35.169000;7.77771573940658e-07
17/09/2026 17:36:35.179000;9.38260321898666e-07
17/09/2026 17:36:35.189000;4.28135558524264e-07
17/09/2026 17:36:35.199000;9.66919032528712e-07
17/09/2026 17:36:35.209000;6.05819403436055e-07
17/09/2026 17:36:35.219000;1.32228718627096e-06
17/09/2026 17:36:35.229000;-7.69795746587503e-07
17/09/2026 17:36:35.239000;5.48502026934638e-07
17/09/2026 17:36:35.249000;2.50451779281293e-07
17/09/2026 17:36:35.259000;5.25575078247419e-07
17/09/2026 17:36:35.269000;1.49997136164544e-06
17/09/2026 17:36:35.279000;-1.02199143047677e-06
17/09/2026 17:36:35.289000;7.3191765579268e-07
17/09/2026 17:36:35.299000;2.33680739312791e-06
17/09/2026 17:36:35.309000;-7.64064024961608e-07
17/09/2026 17:36:35.319000;7.0899069835873e-07
17/09/2026 17:36:35.329000;-1.14235750569543e-06
17/09/2026 17:36:35.339000;-4.37355779330167e-07
17/09/2026 17:36:35.349000;1.54009360388299e-06
17/09/2026 17:36:35.359000;1.05289517466899e-06
17/09/2026 17:36:35.369000;8.86674647069617e-07
17/09/2026 17:36:35.379000;-1.20540639021182e-06
17/09/2026 17:36:35.389000;5.94355927589101e-07
17/09/2026 17:36:35.399000;1.58744047946101e-07
17/09/2026 17:36:35.409000;2.50451779281293e-07
17/09/2026 17:36:35.419000;1.15033482101474e-06
17/09/2026 17:36:35.429000;-1.48052869861419e-06
17/09/2026 17:36:35.439000;-4.2589232808335e-07
17/09/2026 17:36:35.449000;-1.79428060163941e-07
17/09/2026 17:36:35.459000;7.89235054160979e-07
17/09/2026 17:36:35.469000;1.41548850268274e-07
17/09/2026 17:36:35.479000;1.54507527559807e-08
17/09/2026 17:36:35.489000;-1.26845526645987e-06
17/09/2026 17:36:35.499000;8.52284200258609e-07
17/09/2026 17:36:35.509000;1.28789670829968e-06
17/09/2026 17:36:35.519000;7.66308093993674e-07
17/09/2026 17:36:35.529000;-6.49429578093662e-07
17/09/2026 17:36:35.539000;-8.15649517134711e-07
17/09/2026 17:36:35.549000;1.05862691802501e-06
17/09/2026 17:36:35.559000;2.1606137798055e-07
17/09/2026 17:36:35.569000;-3.61348230574593e-08
17/09/2026 17:36:35.579000;3.13500854721762e-07
17/09/2026 17:36:35.589000;-7.69795746587503e-07
17/09/2026 17:36:35.599000;1.20192052413403e-06
17/09/2026 17:36:35.609000;6.17282879556345e-07
17/09/2026 17:36:35.619000;4.79721184152948e-07
17/09/2026 17:36:35.629000;-8.78698444496195e-07
17/09/2026 17:36:35.639000;3.82281673723242e-07
17/09/2026 17:36:35.649000;1.37960465502314e-06
17/09/2026 17:36:35.659000;-6.55161301086228e-07
17/09/2026 17:36:35.669000;2.84842183041997e-07
17/09/2026 17:36:35.679000;7.94966794373639e-07
17/09/2026 17:36:35.689000;-1.01625971185754e-06
17/09/2026 17:36:35.699000;-1.34869927881727e-06
17/09/2026 17:36:35.709000;5.94355927589101e-07
17/09/2026 17:36:35.719000;1.54507527559807e-08
17/09/2026 17:36:35.729000;8.42315291172089e-08
17/09/2026 17:36:35.739000;3.93745144513495e-07
17/09/2026 17:36:35.749000;1.49997136164544e-06
17/09/2026 17:36:35.759000;7.43381134919659e-07
17/09/2026 17:36:35.769000;5.77160714331174e-07
17/09/2026 17:36:35.779000;-5.63453725005145e-07
17/09/2026 17:36:35.789000;-1.13089407125866e-06
17/09/2026 17:36:35.799000;2.38988311907728e-07
17/09/2026 17:36:35.809000;7.77771573940658e-07
17/09/2026 17:36:35.819000;4.28135558524264e-07
17/09/2026 17:36:35.829000;-1.22110770446374e-07
17/09/2026 17:36:35.839000;5.02648130653539e-07
17/09/2026 17:36:35.849000;-6.8955163760662e-07
17/09/2026 17:36:35.859000;7.0899069835873e-07
17/09/2026 17:36:35.869000;1.56302060095062e-06
17/09/2026 17:36:35.879000;-1.08504033077824e-06
17/09/2026 17:36:35.889000;-6.15039238703262e-07
17/09/2026 17:36:35.899000;1.98866178252711e-07
17/09/2026 17:36:35.909000;6.34478094249282e-07
17/09/2026 17:36:35.919000;9.8984600226276e-07
17/09/2026 17:36:35.929000;-5.2906337946467e-07
17/09/2026 17:36:35.939000;1.58744047946101e-07
17/09/2026 17:36:35.949000;-1.96623245746705e-07
17/09/2026 17:36:35.959000;5.82892452015483e-07
17/09/2026 17:36:35.969000;8.6947942335661e-07
17/09/2026 17:36:35.979000;-1.47479698546164e-06
17/09/2026 17:36:35.989000;3.07769120249141e-07
17/09/2026 17:36:35.999000;5.54087114316531e-06
17/09/2026 17:36:36.009000;2.56607779294253e-06
17/09/2026 17:36:36.019000;2.75522595509823e-06
17/09/2026 17:36:36.029000;1.76936362375983e-06
17/09/2026 17:36:36.039000;7.27680657070004e-08
17/09/2026 17:36:36.049000;8.96276602692002e-06
17/09/2026 17:36:36.059000;2.94437419166996e-06
17/09/2026 17:36:36.069000;2.06741481305494e-06
17/09/2026 17:36:36.079000;3.82281673723242e-07
17/09/2026 17:36:36.089000;-2.82599164435536e-07
17/09/2026 17:36:36.099000;-2.31013615067225e-07
17/09/2026 17:36:36.109000;4.39599030407857e-07
17/09/2026 17:36:36.119000;-5.23331654968765e-07
17/09/2026 17:36:36.129000;1.71777785975494e-06
17/09/2026 17:36:36.139000;1.18621920987843e-07
17/09/2026 17:36:36.149000;1.83814465104316e-06
17/09/2026 17:36:36.159000;-1.0735768949748e-06
17/09/2026 17:36:36.169000;1.08155389213243e-06
17/09/2026 17:36:36.179000;1.36814116072603e-06
17/09/2026 17:36:36.189000;-8.44308121505843e-07
17/09/2026 17:36:36.199000;1.25923797853608e-06
17/09/2026 17:36:36.209000;-4.75982835976524e-08
17/09/2026 17:36:36.219000;2.21793111359831e-07
17/09/2026 17:36:36.229000;-8.67235003772745e-07
17/09/2026 17:36:36.239000;-2.42477070960728e-07
17/09/2026 17:36:36.249000;1.01277297309015e-06
17/09/2026 17:36:36.259000;5.71428976715199e-07
17/09/2026 17:36:36.269000;1.52863010575912e-06
17/09/2026 17:36:36.279000;-7.06746804944312e-07
17/09/2026 17:36:36.289000;3.53622997943451e-07
17/09/2026 17:36:36.299000;-1.89396317346136e-08
17/09/2026 17:36:36.309000;1.64475780642044e-07
17/09/2026 17:36:36.319000;8.2362549646195e-07
17/09/2026 17:36:36.329000;-1.25126011921222e-06
17/09/2026 17:36:36.339000;-1.29138212850006e-06
17/09/2026 17:36:36.349000;3.82281673723242e-07
17/09/2026 17:36:36.359000;6.68868525480171e-07
17/09/2026 17:36:36.369000;2.50451779281293e-07
17/09/2026 17:36:36.379000;7.37649395322002e-07
17/09/2026 17:36:36.389000;-5.23331654968765e-07
17/09/2026 17:36:36.399000;2.50451779281293e-07
17/09/2026 17:36:36.409000;5.25575078247419e-07
17/09/2026 17:36:36.419000;1.21911575973714e-06
17/09/2026 17:36:36.429000;-1.89396317346136e-08
17/09/2026 17:36:36.439000;-5.51990276765005e-07
17/09/2026 17:36:36.449000;6.40209832616929e-07
17/09/2026 17:36:36.459000;1.98866178252711e-07
17/09/2026 17:36:36.469000;1.56302060095062e-06
17/09/2026 17:36:36.479000;9.66919032528712e-07
17/09/2026 17:36:36.489000;4.68257711312681e-07
17/09/2026 17:36:36.499000;1.54582535304739e-06
17/09/2026 17:36:36.509000;1.47280582759216e-07
17/09/2026 17:36:36.519000;1.17326179949553e-06
17/09/2026 17:36:36.529000;6.91795481000773e-07
17/09/2026 17:36:36.539000;-4.7747785654152e-07
17/09/2026 17:36:36.549000;2.4170520206262e-06
17/09/2026 17:36:36.559000;-5.40526828251478e-07
17/09/2026 17:36:36.569000;4.91184657266549e-07
17/09/2026 17:36:36.579000;-1.89396317346136e-08
17/09/2026 17:36:36.589000;-3.74306794090157e-07
17/09/2026 17:36:36.599000;6.11551141462033e-07
17/09/2026 17:36:36.609000;3.26459459237827e-08
17/09/2026 17:36:36.619000;5.59965501688251e-07
17/09/2026 17:36:36.629000;1.0987491234305e-06
17/09/2026 17:36:36.639000;-3.39916435019683e-07
17/09/2026 17:36:36.649000;6.11551141462033e-07
17/09/2026 17:36:36.659000;-3.28452981449522e-07
17/09/2026 17:36:36.669000;1.03569994501094e-06
17/09/2026 17:36:36.679000;-8.77203933358173e-08
17/09/2026 17:36:36.689000;7.27680657070004e-08
17/09/2026 17:36:36.699000;-7.06746804944312e-07
17/09/2026 17:36:36.709000;2.09607359099399e-06
17/09/2026 17:36:36.719000;6.57405048129873e-07
17/09/2026 17:36:36.729000;-1.87601674111498e-06
17/09/2026 17:36:36.739000;-8.09917796055484e-07
17/09/2026 17:36:36.749000;1.5859475991116e-06
17/09/2026 17:36:36.759000;6.11551141462033e-07
17/09/2026 17:36:36.769000;5.48502026934638e-07
17/09/2026 17:36:36.779000;1.87402712109154e-07
17/09/2026 17:36:36.789000;-8.21381238145604e-07
17/09/2026 17:36:36.799000;4.45183097934792e-06
17/09/2026 17:36:36.809000;-7.92722632407749e-07
17/09/2026 17:36:36.819000;-2.46713622439314e-08
17/09/2026 17:36:36.829000;1.15606656553244e-06
17/09/2026 17:36:36.839000;-6.95283360120851e-07
17/09/2026 17:36:36.849000;8.35088977775612e-07
17/09/2026 17:36:36.859000;2.61915246928193e-07
17/09/2026 17:36:36.869000;3.88013409084201e-07
17/09/2026 17:36:36.879000;7.72039833933e-07
17/09/2026 17:36:36.889000;-2.48357744797714e-06
17/09/2026 17:36:36.899000;1.82668114581261e-06
17/09/2026 17:36:36.909000;5.31306815316723e-07
17/09/2026 17:36:36.919000;4.05208615577082e-07
17/09/2026 17:36:36.929000;2.80108006622157e-06
17/09/2026 17:36:36.939000;-1.96199235947818e-06
17/09/2026 17:36:36.949000;3.42584276601112e-06
17/09/2026 17:36:36.959000;2.06741481305494e-06
17/09/2026 17:36:36.969000;-6.20770962105829e-07
17/09/2026 17:36:36.979000;9.03869871397628e-07
17/09/2026 17:36:36.989000;-1.06784517697058e-06
17/09/2026 17:36:36.999000;2.69217655944457e-06
17/09/2026 17:36:37.009000;1.1289018883857e-07
17/09/2026 17:36:37.019000;6.4594157105291e-07
17/09/2026 17:36:37.029000;3.47169694109542e-06
17/09/2026 17:36:37.039000;-1.78430939791419e-06
17/09/2026 17:36:37.049000;2.02156077190577e-06
17/09/2026 17:36:37.059000;1.33948242617911e-06
17/09/2026 17:36:37.069000;2.2909533262851e-06
17/09/2026 17:36:37.079000;8.17893755907621e-07
17/09/2026 17:36:37.089000;-3.1125780058178e-07
17/09/2026 17:36:37.099000;3.74109030803802e-06
17/09/2026 17:36:37.109000;9.72650774859723e-07
17/09/2026 17:36:37.119000;2.39985674217762e-06
17/09/2026 17:36:37.129000;1.41972688721554e-06
17/09/2026 17:36:37.139000;-3.13125924279095e-06
17/09/2026 17:36:37.149000;3.33413442896268e-06
17/09/2026 17:36:37.159000;-4.2016060235744e-07
17/09/2026 17:36:37.169000;9.66919032528712e-07
17/09/2026 17:36:37.179000;1.47280582759216e-07
17/09/2026 17:36:37.189000;-3.68575067749245e-07
17/09/2026 17:36:37.199000;2.99022832083356e-06
17/09/2026 17:36:37.209000;8.98138129886623e-07
17/09/2026 17:36:37.219000;2.75522595509823e-06
17/09/2026 17:36:37.229000;2.06168305767213e-06
17/09/2026 17:36:37.239000;8.58015941222942e-07
17/09/2026 17:36:37.249000;3.2768167271909e-06
17/09/2026 17:36:37.259000;2.11326885857743e-06
17/09/2026 17:36:37.269000;3.92450715488438e-06
17/09/2026 17:36:37.279000;1.29362845445739e-06
17/09/2026 17:36:37.289000;2.28522156823726e-06
17/09/2026 17:36:37.299000;3.05327775557444e-06
17/09/2026 17:36:37.309000;3.402915680109e-06
17/09/2026 17:36:37.319000;2.85839771127588e-06
17/09/2026 17:36:37.329000;2.99022832083356e-06
17/09/2026 17:36:37.339000;-6.95283360120851e-07
17/09/2026 17:36:37.349000;-1.08861779199493e-05
17/09/2026 17:36:37.359000;-2.76867437001233e-07
17/09/2026 17:36:37.369000;-1.77857768838331e-06
17/09/2026 17:36:37.379000;-1.71552887903363e-06
17/09/2026 17:36:37.389000;-8.15649517134711e-07
17/09/2026 17:36:37.399000;3.10486366287622e-06
17/09/2026 17:36:37.409000;1.36240941367998e-06
17/09/2026 17:36:37.419000;1.60887459836592e-06
17/09/2026 17:36:37.429000;1.93134445146766e-07
17/09/2026 17:36:37.439000;-6.32234408705963e-07
17/09/2026 17:36:37.449000;1.41548850268274e-07
17/09/2026 17:36:37.459000;1.20192052413403e-06
17/09/2026 17:36:37.469000;1.30509194697782e-06
17/09/2026 17:36:37.479000;-9.24552204656655e-07
17/09/2026 17:36:37.489000;-2.80455260579405e-06
17/09/2026 17:36:37.499000;-1.44613841867391e-06
17/09/2026 17:36:37.509000;-2.44345553818258e-06
17/09/2026 17:36:37.519000;-1.34869927881727e-06
17/09/2026 17:36:37.529000;-3.84198870381098e-06
17/09/2026 17:36:37.539000;-5.27490780969508e-06
17/09/2026 17:36:37.549000;-1.0047962744141e-06
17/09/2026 17:36:37.559000;-5.23331654968765e-07
17/09/2026 17:36:37.569000;3.19232589262716e-07
17/09/2026 17:36:37.579000;-4.37355779330167e-07
17/09/2026 17:36:37.589000;-1.28565041309252e-06
17/09/2026 17:36:37.599000;2.74376242800073e-06
17/09/2026 17:36:37.609000;4.14231475139935e-06
17/09/2026 17:36:37.619000;2.44720045560344e-07
17/09/2026 17:36:37.629000;3.5290146661009e-06
17/09/2026 17:36:37.639000;-2.43199213476913e-06
17/09/2026 17:36:37.649000;8.63747682255609e-07
17/09/2026 17:36:37.659000;-1.49772383766183e-06
17/09/2026 17:36:37.669000;-5.86380620665421e-07
17/09/2026 17:36:37.679000;-7.46868859673922e-07
17/09/2026 17:36:37.689000;-4.41515685866009e-06
17/09/2026 17:36:37.699000;1.75790012016929e-06
17/09/2026 17:36:37.709000;-7.62569337522957e-08
17/09/2026 17:36:37.719000;2.77815301011322e-06
17/09/2026 17:36:37.729000;-2.59672254288482e-07
17/09/2026 17:36:37.739000;6.40209832616929e-07
17/09/2026 17:36:37.749000;4.5034170367122e-06
17/09/2026 17:36:37.759000;3.46596516897071e-06
17/09/2026 17:36:37.769000;1.62606984852417e-06
17/09/2026 17:36:37.779000;-7.62569337522957e-08
17/09/2026 17:36:37.789000;-2.65403981927733e-07
17/09/2026 17:36:37.799000;2.43424729968978e-06
17/09/2026 17:36:37.809000;9.38260321898666e-07
17/09/2026 17:36:37.819000;1.44838562654584e-06
17/09/2026 17:36:37.829000;1.16179831011847e-06
17/09/2026 17:36:37.839000;-8.21381238145604e-07
17/09/2026 17:36:37.849000;2.1877816918791e-06
17/09/2026 17:36:37.859000;2.56034603161464e-06
17/09/2026 17:36:37.869000;5.02648130653539e-07
17/09/2026 17:36:37.879000;1.54582535304739e-06
17/09/2026 17:36:37.889000;-4.08697150700621e-07
17/09/2026 17:36:37.899000;3.43730630937219e-06
17/09/2026 17:36:37.909000;2.72083537462576e-06
17/09/2026 17:36:37.919000;2.39985674217762e-06
17/09/2026 17:36:37.929000;3.28254849706058e-06
17/09/2026 17:36:37.939000;4.68257711312681e-07
17/09/2026 17:36:37.949000;3.0016918538078e-06
17/09/2026 17:36:37.959000;2.8412024170421e-06
17/09/2026 17:36:37.969000;4.98488717236092e-06
17/09/2026 17:36:37.979000;5.48355317830519e-06
17/09/2026 17:36:37.989000;4.49768525228728e-06
17/09/2026 17:36:37.999000;6.52100939979084e-06
17/09/2026 17:36:38.009000;6.03380592304888e-06
17/09/2026 17:36:38.019000;4.11365585148341e-06
17/09/2026 17:36:38.029000;5.04220507776975e-06
17/09/2026 17:36:38.039000;1.14460307656538e-06
17/09/2026 17:36:38.049000;4.8645195932453e-06
17/09/2026 17:36:38.059000;4.96196001211077e-06
17/09/2026 17:36:38.069000;1.01277297309015e-06
17/09/2026 17:36:38.079000;-3.97233698770468e-07
17/09/2026 17:36:38.089000;-1.68113861590336e-06
17/09/2026 17:36:38.099000;7.94966794373639e-07
17/09/2026 17:36:38.109000;2.76095771874948e-06
17/09/2026 17:36:38.119000;7.72039833933e-07
17/09/2026 17:36:38.129000;1.10448086733319e-06
17/09/2026 17:36:38.139000;1.81521764085539e-06
17/09/2026 17:36:38.149000;4.53780774469679e-06
17/09/2026 17:36:38.159000;2.76668948246906e-06
17/09/2026 17:36:38.169000;4.04487449865543e-06
17/09/2026 17:36:38.179000;2.61193188602567e-06
17/09/2026 17:36:38.189000;4.62525974995049e-07
17/09/2026 17:36:38.199000;3.89584826795206e-06
17/09/2026 17:36:38.209000;8.98138129886623e-07
17/09/2026 17:36:38.219000;-3.51379888316509e-07
17/09/2026 17:36:38.229000;-2.82747939458099e-06
17/09/2026 17:36:38.239000;-1.96199235947818e-06
17/09/2026 17:36:38.249000;2.10329644669604e-07
17/09/2026 17:36:38.259000;1.19045703407363e-06
17/09/2026 17:36:38.269000;1.36240941367998e-06
17/09/2026 17:36:38.279000;6.11551141462033e-07
17/09/2026 17:36:38.289000;-4.02965424769711e-07
17/09/2026 17:36:38.299000;1.44838562654584e-06
17/09/2026 17:36:38.309000;4.5836620258363e-06
17/09/2026 17:36:38.319000;4.1365829712795e-06
17/09/2026 17:36:38.329000;5.655507093386e-06
17/09/2026 17:36:38.339000;3.54620998493506e-06
17/09/2026 17:36:38.349000;5.39184444874261e-06
17/09/2026 17:36:38.359000;5.17403628614314e-06
17/09/2026 17:36:38.369000;3.94743426566025e-06
17/09/2026 17:36:38.379000;7.82213169285634e-06
17/09/2026 17:36:38.389000;1.83814465104316e-06
17/09/2026 17:36:38.399000;6.1942964255619e-06
17/09/2026 17:36:38.409000;3.85572582911681e-06
17/09/2026 17:36:38.419000;6.34905517515255e-06
17/09/2026 17:36:38.429000;4.09072873278073e-06
17/09/2026 17:36:38.439000;4.24548680524177e-06
17/09/2026 17:36:38.449000;3.63791836243749e-06
17/09/2026 17:36:38.459000;5.60965271001765e-06
17/09/2026 17:36:38.469000;3.97609315566762e-06
17/09/2026 17:36:38.479000;4.41170849411355e-06
17/09/2026 17:36:38.489000;1.70207513406321e-07
17/09/2026 17:36:38.499000;5.87331547411043e-06
17/09/2026 17:36:38.509000;6.87638165893494e-06
17/09/2026 17:36:38.519000;5.13964553264757e-06
17/09/2026 17:36:38.529000;6.28027350251769e-06
17/09/2026 17:36:38.539000;3.51181934788174e-06
17/09/2026 17:36:38.549000;7.04833607217817e-06
17/09/2026 17:36:38.559000;5.81599746961607e-06
17/09/2026 17:36:38.569000;6.64710920361321e-06
17/09/2026 17:36:38.579000;3.50035580274398e-06
17/09/2026 17:36:38.589000;5.73002047568733e-06
17/09/2026 17:36:38.599000;5.7701430709407e-06
17/09/2026 17:36:38.609000;5.4147716294932e-06
17/09/2026 17:36:38.619000;4.09072873278073e-06
17/09/2026 17:36:38.629000;2.90425183223936e-06
17/09/2026 17:36:38.639000;1.39106814959358e-06
17/09/2026 17:36:38.649000;4.51488060576706e-06
17/09/2026 17:36:38.659000;5.24854959382276e-06
17/09/2026 17:36:38.669000;2.91571536316358e-06
17/09/2026 17:36:38.679000;2.96730125570508e-06
17/09/2026 17:36:38.689000;2.21644047699324e-06
17/09/2026 17:36:38.699000;4.74988383162867e-06
17/09/2026 17:36:38.709000;7.34639053415705e-06
17/09/2026 17:36:38.719000;6.38344601516007e-06
17/09/2026 17:36:38.729000;5.05366865967153e-06
17/09/2026 17:36:38.739000;5.00208254326605e-06
17/09/2026 17:36:38.749000;8.42397359218698e-06
17/09/2026 17:36:38.759000;7.54700421837558e-06
17/09/2026 17:36:38.769000;7.05406788701214e-06
17/09/2026 17:36:38.779000;8.25201868692941e-06
17/09/2026 17:36:38.789000;4.49768525228728e-06
17/09/2026 17:36:38.799000;8.55580572786827e-06
17/09/2026 17:36:38.809000;5.24854959382276e-06
17/09/2026 17:36:38.819000;5.67843428671021e-06
17/09/2026 17:36:38.829000;5.27147676773987e-06
17/09/2026 17:36:38.839000;4.14231475139935e-06
17/09/2026 17:36:38.849000;7.14577693364921e-06
17/09/2026 17:36:38.859000;6.49808216628565e-06
17/09/2026 17:36:38.869000;5.56953012815792e-06
17/09/2026 17:36:38.879000;5.45489419843769e-06
17/09/2026 17:36:38.889000;3.09913189512491e-06
17/09/2026 17:36:38.899000;6.24588266989035e-06
17/09/2026 17:36:38.909000;5.07086403303671e-06
17/09/2026 17:36:38.919000;5.58672551997351e-06
17/09/2026 17:36:38.929000;5.91916988262603e-06
17/09/2026 17:36:38.939000;3.61499126642187e-06
17/09/2026 17:36:38.949000;7.61578607223533e-06
17/09/2026 17:36:38.959000;5.83319287024686e-06
17/09/2026 17:36:38.969000;4.76134740656031e-06
17/09/2026 17:36:38.979000;3.23096257069356e-06
17/09/2026 17:36:38.989000;3.09340012744194e-06
17/09/2026 17:36:38.999000;4.54927131457166e-06
17/09/2026 17:36:39.009000;3.43157453765749e-06
17/09/2026 17:36:39.019000;4.40024492751874e-06
17/09/2026 17:36:39.029000;3.0016918538078e-06
17/09/2026 17:36:39.039000;6.40209832616929e-07
17/09/2026 17:36:39.049000;4.47475811527092e-06
17/09/2026 17:36:39.059000;3.19084018734595e-06
17/09/2026 17:36:39.069000;3.62645481429301e-06
17/09/2026 17:36:39.079000;2.56034603161464e-06
17/09/2026 17:36:39.089000;1.44265387854311e-06
17/09/2026 17:36:39.099000;5.18549987118832e-06
17/09/2026 17:36:39.109000;4.02194738323281e-06
17/09/2026 17:36:39.119000;3.47742871328846e-06
17/09/2026 17:36:39.129000;2.07314656850608e-06
17/09/2026 17:36:39.139000;3.60352771882401e-06
17/09/2026 17:36:39.149000;3.05900952277908e-06
17/09/2026 17:36:39.159000;3.68377255774879e-06
17/09/2026 17:36:39.169000;3.30547557722261e-06
17/09/2026 17:36:39.179000;2.69790832234414e-06
17/09/2026 17:36:39.189000;3.56340530438423e-06
17/09/2026 17:36:39.199000;4.85305601585361e-06
17/09/2026 17:36:39.209000;2.3654661871255e-06
17/09/2026 17:36:39.219000;2.95010595757624e-06
17/09/2026 17:36:39.229000;1.83814465104316e-06
17/09/2026 17:36:39.239000;1.92412094898491e-06
17/09/2026 17:36:39.249000;4.87598317091033e-06
17/09/2026 17:36:39.259000;1.51143485908591e-06
17/09/2026 17:36:39.269000;3.60352771882401e-06
17/09/2026 17:36:39.279000;6.80186809896258e-06
17/09/2026 17:36:39.289000;5.50648036342922e-06
17/09/2026 17:36:39.299000;1.35253304248541e-05
17/09/2026 17:36:39.309000;8.2577505161138e-06
17/09/2026 17:36:39.319000;7.42663599779916e-06
17/09/2026 17:36:39.329000;7.13431330186288e-06
17/09/2026 17:36:39.339000;7.03114062808628e-06
17/09/2026 17:36:39.349000;8.85386112440194e-06
17/09/2026 17:36:39.359000;6.87064984621937e-06
17/09/2026 17:36:39.369000;7.75908163271494e-06
17/09/2026 17:36:39.379000;5.64977529522578e-06
17/09/2026 17:36:39.389000;6.28600530819475e-06
17/09/2026 17:36:39.399000;8.69336973407689e-06
17/09/2026 17:36:39.409000;6.04526952859453e-06
17/09/2026 17:36:39.419000;4.20536433722773e-06
17/09/2026 17:36:39.429000;2.95583772355085e-06
17/09/2026 17:36:39.439000;3.12205896654015e-06
17/09/2026 17:36:39.449000;4.46329454717275e-06
17/09/2026 17:36:39.459000;4.1365829712795e-06
17/09/2026 17:36:39.469000;4.66963881476069e-06
17/09/2026 17:36:39.479000;4.11938763132992e-06
17/09/2026 17:36:39.489000;2.46290609949578e-06
17/09/2026 17:36:39.499000;4.00475204738335e-06
17/09/2026 17:36:39.509000;3.95889782145819e-06
17/09/2026 17:36:39.519000;4.27414571301613e-06
17/09/2026 17:36:39.529000;3.04754598843815e-06
17/09/2026 17:36:39.539000;1.01277297309015e-06
17/09/2026 17:36:39.549000;3.72962675743349e-06
17/09/2026 17:36:39.559000;4.83012886189026e-06
17/09/2026 17:36:39.569000;3.07620482480298e-06
17/09/2026 17:36:39.579000;2.91571536316358e-06
17/09/2026 17:36:39.589000;2.79534830209198e-06
17/09/2026 17:36:39.599000;3.95316604352505e-06
17/09/2026 17:36:39.609000;1.9527797183822e-06
17/09/2026 17:36:39.619000;3.83853049921246e-06
17/09/2026 17:36:39.629000;2.73803066455449e-06
17/09/2026 17:36:39.639000;2.32534387600722e-06
17/09/2026 17:36:39.649000;6.32039614369216e-06
17/09/2026 17:36:39.659000;2.34253915179076e-06
17/09/2026 17:36:39.669000;3.57486885102536e-06
17/09/2026 17:36:39.679000;3.8901164907706e-06
17/09/2026 17:36:39.689000;1.84960815654705e-06
17/09/2026 17:36:39.699000;4.74415204426535e-06
17/09/2026 17:36:39.709000;3.3570615115848e-06
17/09/2026 17:36:39.719000;3.57486885102536e-06
17/09/2026 17:36:39.729000;2.33680739312791e-06
17/09/2026 17:36:39.739000;3.79840806516069e-06
17/09/2026 17:36:39.749000;4.11938763132992e-06
17/09/2026 17:36:39.759000;2.84693418171836e-06
17/09/2026 17:36:39.769000;4.17097365302359e-06
17/09/2026 17:36:39.779000;2.5030284220942e-06
17/09/2026 17:36:39.789000;3.78694451318948e-06
17/09/2026 17:36:39.799000;4.54353952960005e-06
17/09/2026 17:36:39.809000;-7.62569337522957e-08
17/09/2026 17:36:39.819000;2.91571536316358e-06
17/09/2026 17:36:39.829000;3.17364488122198e-06
17/09/2026 17:36:39.839000;5.04220507776975e-06
17/09/2026 17:36:39.849000;4.38878136119727e-06
17/09/2026 17:36:39.859000;1.41399513955448e-06
17/09/2026 17:36:39.869000;3.74109030803802e-06
17/09/2026 17:36:39.879000;4.17097365302359e-06
17/09/2026 17:36:39.889000;4.38304957813898e-06
17/09/2026 17:36:39.899000;4.31426818677028e-06
17/09/2026 17:36:39.909000;1.90692568816655e-06
17/09/2026 17:36:39.919000;4.18816899481815e-06
17/09/2026 17:36:39.929000;4.64671166954417e-06
17/09/2026 17:36:39.939000;3.80987161740524e-06
17/09/2026 17:36:39.949000;7.22029054692302e-06
17/09/2026 17:36:39.959000;5.04793686868647e-06
17/09/2026 17:36:39.969000;5.40330803898124e-06
17/09/2026 17:36:39.979000;5.50074856704571e-06
17/09/2026 17:36:39.989000;5.32306291305096e-06
17/09/2026 17:36:39.999000;6.73881817262159e-06
17/09/2026 17:36:40.009000;4.76707919412863e-06
17/09/2026 17:36:40.019000;5.5294075496466e-06
17/09/2026 17:36:40.029000;3.83853049921246e-06
17/09/2026 17:36:40.039000;5.4147716294932e-06
17/09/2026 17:36:40.049000;8.49275557151053e-06
17/09/2026 17:36:40.059000;4.41170849411355e-06
17/09/2026 17:36:40.069000;5.62111630544972e-06
17/09/2026 17:36:40.079000;5.91916988262603e-06
17/09/2026 17:36:40.089000;4.50914882120546e-06
17/09/2026 17:36:40.099000;5.97648789942073e-06
17/09/2026 17:36:40.109000;2.85266594646295e-06
17/09/2026 17:36:40.119000;3.96462959945967e-06
17/09/2026 17:36:40.129000;3.540478211922e-06
17/09/2026 17:36:40.139000;4.40024492751874e-06
17/09/2026 17:36:40.149000;6.06246493742552e-06
17/09/2026 17:36:40.159000;5.94782889016922e-06
17/09/2026 17:36:40.169000;1.87826692150262e-06
17/09/2026 17:36:40.179000;2.1361958829787e-06
17/09/2026 17:36:40.189000;3.17937664986164e-06
17/09/2026 17:36:40.199000;5.90197447892017e-06
17/09/2026 17:36:40.209000;4.8645195932453e-06
17/09/2026 17:36:40.219000;4.00475204738335e-06
17/09/2026 17:36:40.229000;5.03647328692136e-06
17/09/2026 17:36:40.239000;4.7040295346355e-06
17/09/2026 17:36:40.249000;5.54660294002716e-06
17/09/2026 17:36:40.259000;1.29936020068344e-06
17/09/2026 17:36:40.269000;5.54087114316531e-06
17/09/2026 17:36:40.279000;3.90158004520185e-06
17/09/2026 17:36:40.289000;5.3631854743419e-06
17/09/2026 17:36:40.299000;4.21109611816759e-06
17/09/2026 17:36:40.309000;5.78733846993145e-06
17/09/2026 17:36:40.319000;3.62645481429301e-06
17/09/2026 17:36:40.329000;2.62339540997979e-06
17/09/2026 17:36:40.339000;3.42584276601112e-06
17/09/2026 17:36:40.349000;5.47782138219502e-06
17/09/2026 17:36:40.359000;2.90425183223936e-06
17/09/2026 17:36:40.369000;5.53513934637179e-06
17/09/2026 17:36:40.379000;5.58099372263331e-06
17/09/2026 17:36:40.389000;3.82133516992313e-06
17/09/2026 17:36:40.399000;5.4147716294932e-06
17/09/2026 17:36:40.409000;3.540478211922e-06
17/09/2026 17:36:40.419000;5.31733111885417e-06
17/09/2026 17:36:40.429000;4.75561561906032e-06
17/09/2026 17:36:40.439000;5.67843428671021e-06
17/09/2026 17:36:40.449000;8.04567288180291e-06
17/09/2026 17:36:40.459000;3.58633239793981e-06
17/09/2026 17:36:40.469000;5.68416608521215e-06
17/09/2026 17:36:40.479000;6.14844199080567e-06
17/09/2026 17:36:40.489000;7.43236781714325e-06
17/09/2026 17:36:40.499000;7.73615434016807e-06
17/09/2026 17:36:40.509000;5.49501677073054e-06
17/09/2026 17:36:40.519000;6.03953772578754e-06
17/09/2026 17:36:40.529000;5.83892467059379e-06
17/09/2026 17:36:40.539000;6.75028179497766e-06
17/09/2026 17:36:40.549000;8.95130235180905e-06
17/09/2026 17:36:40.559000;5.4892849744837e-06
17/09/2026 17:36:40.569000;4.33719531613316e-06
17/09/2026 17:36:40.579000;5.17403628614314e-06
17/09/2026 17:36:40.589000;5.79880206960029e-06
17/09/2026 17:36:40.599000;7.79920439730277e-06
17/09/2026 17:36:40.609000;3.17937664986164e-06
17/09/2026 17:36:40.619000;5.91343808132241e-06
17/09/2026 17:36:40.629000;5.39184444874261e-06
17/09/2026 17:36:40.639000;4.22255968025231e-06
17/09/2026 17:36:40.649000;5.60392091240411e-06
17/09/2026 17:36:40.659000;3.31120734743395e-06
17/09/2026 17:36:40.669000;3.98755671214891e-06
17/09/2026 17:36:40.679000;3.65511368516672e-06
17/09/2026 17:36:40.689000;3.56340530438423e-06
17/09/2026 17:36:40.699000;3.78694451318948e-06
17/09/2026 17:36:40.709000;3.06474129005204e-06
17/09/2026 17:36:40.719000;1.68911910436614e-06
17/09/2026 17:36:40.729000;2.33680739312791e-06
17/09/2026 17:36:40.739000;2.27948981025776e-06
17/09/2026 17:36:40.749000;4.1365829712795e-06
17/09/2026 17:36:40.759000;2.62339540997979e-06
17/09/2026 17:36:40.769000;2.86986124110675e-06
17/09/2026 17:36:40.779000;1.97570673513004e-06
17/09/2026 17:36:40.789000;3.75828563445731e-06
17/09/2026 17:36:40.799000;3.14498603904873e-06
17/09/2026 17:36:40.809000;3.04754598843815e-06
17/09/2026 17:36:40.819000;2.89852006687976e-06
17/09/2026 17:36:40.829000;3.52328289329284e-06
17/09/2026 17:36:40.839000;5.17976807863156e-06
17/09/2026 17:36:40.849000;5.10525478161212e-06
17/09/2026 17:36:40.859000;4.26841393132459e-06
17/09/2026 17:36:40.869000;5.73002047568733e-06
17/09/2026 17:36:40.879000;7.98262279234558e-06
17/09/2026 17:36:40.889000;7.87371811184949e-06
17/09/2026 17:36:40.899000;9.87412907290532e-06
17/09/2026 17:36:40.909000;5.21415883499714e-06
17/09/2026 17:36:40.919000;4.92183748430388e-06
17/09/2026 17:36:40.929000;3.70669965704447e-06
17/09/2026 17:36:40.939000;4.24548680524177e-06
17/09/2026 17:36:40.949000;6.33759156236339e-06
17/09/2026 17:36:40.959000;6.34478094249282e-07
17/09/2026 17:36:40.969000;3.29401203700492e-06
17/09/2026 17:36:40.979000;1.88399867469874e-06
17/09/2026 17:36:40.989000;6.1885646209782e-06
17/09/2026 17:36:40.999000;3.27108495738957e-06
17/09/2026 17:36:41.009000;4.33146353368994e-06
17/09/2026 17:36:41.019000;1.32228718627096e-06
17/09/2026 17:36:41.029000;3.31693911771363e-06
17/09/2026 17:36:41.039000;2.13046412677588e-06
17/09/2026 17:36:41.049000;3.97609315566762e-06
17/09/2026 17:36:41.059000;1.71204610854051e-06
17/09/2026 17:36:41.069000;2.07887832402556e-06
17/09/2026 17:36:41.079000;3.06474129005204e-06
17/09/2026 17:36:41.089000;3.29401203700492e-06
17/09/2026 17:36:41.099000;4.68110238777895e-06
17/09/2026 17:36:41.109000;2.543150748041e-06
17/09/2026 17:36:41.119000;1.98717024391397e-06
17/09/2026 17:36:41.129000;1.55728885158121e-06
17/09/2026 17:36:41.139000;3.12779073456479e-06
17/09/2026 17:36:41.149000;6.26307808589651e-06
17/09/2026 17:36:41.159000;2.31388035915986e-06
17/09/2026 17:36:41.169000;9.10033014957251e-06
17/09/2026 17:36:41.179000;4.85305601585361e-06
17/09/2026 17:36:41.189000;8.09725932478178e-06
17/09/2026 17:36:41.199000;4.19390077555301e-06
17/09/2026 17:36:41.209000;5.91916988262603e-06
17/09/2026 17:36:41.219000;1.81521764085539e-06
17/09/2026 17:36:41.229000;4.23402324261037e-06
17/09/2026 17:36:41.239000;2.54888250916388e-06
17/09/2026 17:36:41.249000;5.86185187266488e-06
17/09/2026 17:36:41.259000;1.38533640227419e-06
17/09/2026 17:36:41.269000;3.4946240302776e-06
17/09/2026 17:36:41.279000;3.31693911771363e-06
17/09/2026 17:36:41.289000;4.3085364046004e-06
17/09/2026 17:36:41.299000;4.72695668258541e-06
17/09/2026 17:36:41.309000;5.82892452015483e-07
17/09/2026 17:36:41.319000;4.22829146139717e-06
17/09/2026 17:36:41.329000;1.82668114581261e-06
17/09/2026 17:36:41.339000;5.38038085877732e-06
17/09/2026 17:36:41.349000;3.08193659228095e-06
17/09/2026 17:36:41.359000;3.91877537736124e-06
17/09/2026 17:36:41.369000;2.543150748041e-06
17/09/2026 17:36:41.379000;4.3199999690085e-06
17/09/2026 17:36:41.389000;4.37731779514908e-06
17/09/2026 17:36:41.399000;5.06513224184665e-06
17/09/2026 17:36:41.409000;2.88132477121095e-06
17/09/2026 17:36:41.419000;3.09913189512491e-06
17/09/2026 17:36:41.429000;1.02696267813337e-05
17/09/2026 17:36:41.439000;7.76481345602248e-06
17/09/2026 17:36:41.449000;1.10950143512707e-05
17/09/2026 17:36:41.459000;7.2317541807594e-06
17/09/2026 17:36:41.469000;5.74148407398948e-06
17/09/2026 17:36:41.479000;3.73535853270159e-06
17/09/2026 17:36:41.489000;1.0242364589139e-06
17/09/2026 17:36:41.499000;4.58939381128625e-06
17/09/2026 17:36:41.509000;1.52289835679972e-06
17/09/2026 17:36:41.519000;2.17631817831178e-06
17/09/2026 17:36:41.529000;2.06168305767213e-06
17/09/2026 17:36:41.539000;4.83586065027859e-06
17/09/2026 17:36:41.549000;4.14804653158753e-06
17/09/2026 17:36:41.559000;2.53168722600024e-06
17/09/2026 17:36:41.569000;2.56034603161464e-06
17/09/2026 17:36:41.579000;3.93023893247584e-06
17/09/2026 17:36:41.589000;4.83012886189026e-06
17/09/2026 17:36:41.599000;3.62072304032327e-06
17/09/2026 17:36:41.609000;1.13313958787165e-06
17/09/2026 17:36:41.619000;3.78121273730637e-06
17/09/2026 17:36:41.629000;2.78961653803073e-06
17/09/2026 17:36:41.639000;4.56073488471987e-06
17/09/2026 17:36:41.649000;3.36279328241116e-06
17/09/2026 17:36:41.659000;1.35817117845666e-07
17/09/2026 17:36:41.669000;2.51449194345162e-06
17/09/2026 17:36:41.679000;3.08193659228095e-06
17/09/2026 17:36:41.689000;7.35785417100018e-06
17/09/2026 17:36:41.699000;9.77668765846337e-06
17/09/2026 17:36:41.709000;9.56460935412193e-06
17/09/2026 17:36:41.719000;7.18589964705392e-06
17/09/2026 17:36:41.729000;5.225622420999e-06
17/09/2026 17:36:41.739000;6.74454998376546e-06
17/09/2026 17:36:41.749000;5.86758367335349e-06
17/09/2026 17:36:41.759000;3.10486366287622e-06
17/09/2026 17:36:41.769000;3.11632719858384e-06
17/09/2026 17:36:41.779000;1.7750953756576e-06
17/09/2026 17:36:41.789000;3.91304359990645e-06
17/09/2026 17:36:41.799000;3.55194175801645e-06
17/09/2026 17:36:41.809000;2.42851553993359e-06
17/09/2026 17:36:41.819000;3.83853049921246e-06
17/09/2026 17:36:41.829000;4.03914271969727e-06
17/09/2026 17:36:41.839000;1.34521417295182e-06
17/09/2026 17:36:41.849000;4.88171495984535e-06
17/09/2026 17:36:41.859000;4.0678016151714e-06
17/09/2026 17:36:41.869000;4.26841393132459e-06
17/09/2026 17:36:41.879000;2.69217655944457e-06
17/09/2026 17:36:41.889000;5.05366865967153e-06
17/09/2026 17:36:41.899000;3.76974918574517e-06
17/09/2026 17:36:41.909000;3.09913189512491e-06
17/09/2026 17:36:41.919000;2.47436961989651e-06
17/09/2026 17:36:41.929000;2.31961211754937e-06
17/09/2026 17:36:41.939000;4.70976132152048e-06
17/09/2026 17:36:41.949000;8.10299115212111e-06
17/09/2026 17:36:41.959000;7.97689096644129e-06
17/09/2026 17:36:41.969000;9.16911222565923e-06
17/09/2026 17:36:41.979000;9.32960377479625e-06
17/09/2026 17:36:41.989000;8.65897872883461e-06
17/09/2026 17:36:41.999000;5.93636528694691e-06
17/09/2026 17:36:42.009000;2.10180534678681e-06
17/09/2026 17:36:42.019000;1.34521417295182e-06
17/09/2026 17:36:42.029000;3.20803549408492e-06
17/09/2026 17:36:42.039000;3.78121273730637e-06
17/09/2026 17:36:42.049000;5.56953012815792e-06
17/09/2026 17:36:42.059000;3.16218134414768e-06
17/09/2026 17:36:42.069000;4.1996325563562e-06
17/09/2026 17:36:42.079000;2.18204993506128e-06
17/09/2026 17:36:42.089000;4.27414571301613e-06
17/09/2026 17:36:42.099000;3.69523610725996e-06
17/09/2026 17:36:42.109000;3.13352250265777e-06
17/09/2026 17:36:42.119000;3.2997438070796e-06
17/09/2026 17:36:42.129000;2.82973888789457e-06
17/09/2026 17:36:42.139000;2.72083537462576e-06
17/09/2026 17:36:42.149000;4.29134105850076e-06
17/09/2026 17:36:42.159000;3.28254849706058e-06
17/09/2026 17:36:42.169000;3.68950433247021e-06
17/09/2026 17:36:42.179000;3.2252308014389e-06
17/09/2026 17:36:42.189000;4.97342359209918e-06
17/09/2026 17:36:42.199000;3.91304359990645e-06
17/09/2026 17:36:42.209000;1.71204610854051e-06
17/09/2026 17:36:42.219000;2.64632245870803e-06
17/09/2026 17:36:42.229000;4.1365829712795e-06
17/09/2026 17:36:42.239000;3.52328289329284e-06
17/09/2026 17:36:42.249000;4.79000634508526e-06
17/09/2026 17:36:42.259000;3.01315538705538e-06
17/09/2026 17:36:42.269000;3.46023339691434e-06
17/09/2026 17:36:42.279000;3.27108495738957e-06
17/09/2026 17:36:42.289000;3.31120734743395e-06
17/09/2026 17:36:42.299000;5.84465647100906e-06
17/09/2026 17:36:42.309000;2.66351774597173e-06
17/09/2026 17:36:42.319000;3.83279872271435e-06
17/09/2026 17:36:42.329000;3.07047305739334e-06
17/09/2026 17:36:42.339000;3.24815787886756e-06
17/09/2026 17:36:42.349000;4.72122489549543e-06
17/09/2026 17:36:42.359000;1.71777785975494e-06
17/09/2026 17:36:42.369000;2.77242124625697e-06
17/09/2026 17:36:42.379000;1.86680341531539e-06
17/09/2026 17:36:42.389000;5.38038085877732e-06
17/09/2026 17:36:42.399000;5.10525478161212e-06
17/09/2026 17:36:42.409000;1.74643661685209e-06
17/09/2026 17:36:42.419000;2.9615694895938e-06
17/09/2026 17:36:42.429000;2.85839771127588e-06
17/09/2026 17:36:42.439000;4.17670543355344e-06
17/09/2026 17:36:42.449000;6.14844199080567e-06
17/09/2026 17:36:42.459000;1.27643321618926e-06
17/09/2026 17:36:42.469000;3.05327775557444e-06
17/09/2026 17:36:42.479000;4.72122489549543e-06
17/09/2026 17:36:42.489000;6.58405929756775e-06
17/09/2026 17:36:42.499000;5.5294075496466e-06
17/09/2026 17:36:42.509000;2.10753710264795e-06
17/09/2026 17:36:42.519000;3.71816320710231e-06
17/09/2026 17:36:42.529000;2.76668948246906e-06
17/09/2026 17:36:42.539000;6.30893253158635e-06
17/09/2026 17:36:42.549000;5.5294075496466e-06
17/09/2026 17:36:42.559000;3.64938191085531e-06
17/09/2026 17:36:42.569000;3.09913189512491e-06
17/09/2026 17:36:42.579000;3.06474129005204e-06
17/09/2026 17:36:42.589000;6.10831936398155e-06
17/09/2026 17:36:42.599000;5.23708600727421e-06
17/09/2026 17:36:42.609000;2.78961653803073e-06
17/09/2026 17:36:42.619000;2.68071303385043e-06
17/09/2026 17:36:42.629000;3.43730630937219e-06
17/09/2026 17:36:42.639000;1.92412094898491e-06
17/09/2026 17:36:42.649000;5.50074856704571e-06
17/09/2026 17:36:42.659000;4.77854276947028e-06
17/09/2026 17:36:42.669000;5.79880206960029e-06
17/09/2026 17:36:42.679000;6.10258756042287e-06
17/09/2026 17:36:42.689000;5.61538450769952e-06
17/09/2026 17:36:42.699000;7.81066804494289e-06
17/09/2026 17:36:42.709000;4.99635075289601e-06
17/09/2026 17:36:42.719000;5.63831169911035e-06
17/09/2026 17:36:42.729000;6.60698653517305e-06
17/09/2026 17:36:42.739000;9.87986092142868e-06
17/09/2026 17:36:42.749000;7.74188616320227e-06
17/09/2026 17:36:42.759000;4.84732422726027e-06
17/09/2026 17:36:42.769000;3.95889782145819e-06
17/09/2026 17:36:42.779000;2.52022370423282e-06
17/09/2026 17:36:42.789000;2.67498127115586e-06
17/09/2026 17:36:42.799000;5.39184444874261e-06
17/09/2026 17:36:42.809000;3.36279328241116e-06
17/09/2026 17:36:42.819000;5.39757624382776e-06
17/09/2026 17:36:42.829000;8.95703418933037e-06
17/09/2026 17:36:42.839000;5.46062599427452e-06
17/09/2026 17:36:42.849000;8.29214149265521e-06
17/09/2026 17:36:42.859000;5.23708600727421e-06
17/09/2026 17:36:42.869000;7.862254462706e-06
17/09/2026 17:36:42.879000;5.86185187266488e-06
17/09/2026 17:36:42.889000;5.87331547411043e-06
17/09/2026 17:36:42.899000;6.70442730719336e-06
17/09/2026 17:36:42.909000;3.95889782145819e-06
17/09/2026 17:36:42.919000;3.53474643897728e-06
17/09/2026 17:36:42.929000;2.22790399151724e-06
17/09/2026 17:36:42.939000;4.92183748430388e-06
17/09/2026 17:36:42.949000;6.09685575693253e-06
17/09/2026 17:36:42.959000;2.70937184834828e-06
17/09/2026 17:36:42.969000;3.75255385891587e-06
17/09/2026 17:36:42.979000;2.06741481305494e-06
17/09/2026 17:36:42.989000;1.68911910436614e-06
17/09/2026 17:36:42.999000;4.18243721415163e-06
17/09/2026 17:36:43.009000;2.64059069642347e-06
17/09/2026 17:36:43.019000;5.47208958615319e-06
17/09/2026 17:36:43.029000;3.94170248786378e-06
17/09/2026 17:36:43.039000;4.76707919412863e-06
17/09/2026 17:36:43.049000;7.11711785469591e-06
17/09/2026 17:36:43.059000;3.83853049921246e-06
17/09/2026 17:36:43.069000;4.1996325563562e-06
17/09/2026 17:36:43.079000;5.20269524926861e-06
17/09/2026 17:36:43.089000;6.22295544950549e-06
17/09/2026 17:36:43.099000;7.71895887147549e-06
17/09/2026 17:36:43.109000;4.92756927378558e-06
17/09/2026 17:36:43.119000;5.4147716294932e-06
17/09/2026 17:36:43.129000;4.17097365302359e-06
17/09/2026 17:36:43.139000;5.03647328692136e-06
17/09/2026 17:36:43.149000;6.54966844320986e-06
17/09/2026 17:36:43.159000;2.35973442818931e-06
17/09/2026 17:36:43.169000;4.98488717236092e-06
17/09/2026 17:36:43.179000;3.07620482480298e-06
17/09/2026 17:36:43.189000;3.72962675743349e-06
17/09/2026 17:36:43.199000;4.19390077555301e-06
17/09/2026 17:36:43.209000;2.5030284220942e-06
17/09/2026 17:36:43.219000;1.68911910436614e-06
17/09/2026 17:36:43.229000;2.58900483893745e-06
17/09/2026 17:36:43.239000;2.71510361145285e-06
17/09/2026 17:36:43.249000;4.0792651738394e-06
17/09/2026 17:36:43.259000;1.99290199840844e-06
17/09/2026 17:36:43.269000;3.24242610940789e-06
17/09/2026 17:36:43.279000;2.08461007961337e-06
17/09/2026 17:36:43.289000;4.53207595986185e-06
17/09/2026 17:36:43.299000;4.01621560454799e-06
17/09/2026 17:36:43.309000;2.9615694895938e-06
17/09/2026 17:36:43.319000;3.32267088806165e-06
17/09/2026 17:36:43.329000;3.402915680109e-06
17/09/2026 17:36:43.339000;3.99902026890353e-06
17/09/2026 17:36:43.349000;4.38878136119727e-06
17/09/2026 17:36:43.359000;2.95583772355085e-06
17/09/2026 17:36:43.369000;3.11059543069586e-06
17/09/2026 17:36:43.379000;3.540478211922e-06
17/09/2026 17:36:43.389000;4.46902633118767e-06
17/09/2026 17:36:43.399000;3.31120734743395e-06
17/09/2026 17:36:43.409000;4.0849969532759e-06
17/09/2026 17:36:43.419000;3.54620998493506e-06
17/09/2026 17:36:43.429000;3.68377255774879e-06
17/09/2026 17:36:43.439000;3.04754598843815e-06
17/09/2026 17:36:43.449000;3.08193659228095e-06
17/09/2026 17:36:43.459000;2.53168722600024e-06
17/09/2026 17:36:43.469000;3.03608245437055e-06
17/09/2026 17:36:43.479000;3.08766835982725e-06
17/09/2026 17:36:43.489000;3.74109030803802e-06
17/09/2026 17:36:43.499000;4.3085364046004e-06
17/09/2026 17:36:43.509000;2.9099835976673e-06
17/09/2026 17:36:43.519000;4.46902633118767e-06
17/09/2026 17:36:43.529000;3.01315538705538e-06
17/09/2026 17:36:43.539000;3.55767353116617e-06
17/09/2026 17:36:43.549000;3.91304359990645e-06
17/09/2026 17:36:43.559000;2.64059069642347e-06
17/09/2026 17:36:43.569000;4.09072873278073e-06
17/09/2026 17:36:43.579000;2.64632245870803e-06
17/09/2026 17:36:43.589000;2.56034603161464e-06
17/09/2026 17:36:43.599000;3.46023339691434e-06
17/09/2026 17:36:43.609000;4.34865888122461e-06
17/09/2026 17:36:43.619000;2.32534387600722e-06
17/09/2026 17:36:43.629000;2.66924950852963e-06
17/09/2026 17:36:43.639000;3.69523610725996e-06
17/09/2026 17:36:43.649000;4.0104838259315e-06
17/09/2026 17:36:43.659000;3.07620482480298e-06
17/09/2026 17:36:43.669000;2.24509926381574e-06
17/09/2026 17:36:43.679000;1.98143848948784e-06
17/09/2026 17:36:43.689000;5.60965271001765e-06
17/09/2026 17:36:43.699000;4.42890384451827e-06
17/09/2026 17:36:43.709000;2.84693418171836e-06
17/09/2026 17:36:43.719000;4.13085119122799e-06
17/09/2026 17:36:43.729000;2.99022832083356e-06
17/09/2026 17:36:43.739000;3.36852505330584e-06
17/09/2026 17:36:43.749000;3.30547557722261e-06
17/09/2026 17:36:43.759000;3.01888715378167e-06
17/09/2026 17:36:43.769000;3.36279328241116e-06
17/09/2026 17:36:43.779000;3.13352250265777e-06
17/09/2026 17:36:43.789000;3.64365013661223e-06
17/09/2026 17:36:43.799000;3.81560339363001e-06
17/09/2026 17:36:43.809000;2.4170520206262e-06
17/09/2026 17:36:43.819000;3.75828563445731e-06
17/09/2026 17:36:43.829000;3.3971839088043e-06
17/09/2026 17:36:43.839000;4.13085119122799e-06
17/09/2026 17:36:43.849000;4.33146353368994e-06
17/09/2026 17:36:43.859000;2.86412947615715e-06
17/09/2026 17:36:43.869000;3.16218134414768e-06
17/09/2026 17:36:43.879000;3.03608245437055e-06
17/09/2026 17:36:43.889000;4.38878136119727e-06
17/09/2026 17:36:43.899000;4.76134740656031e-06
17/09/2026 17:36:43.909000;2.543150748041e-06
17/09/2026 17:36:43.919000;3.20230372510359e-06
17/09/2026 17:36:43.929000;2.95010595757624e-06
17/09/2026 17:36:43.939000;4.87025138204365e-06
17/09/2026 17:36:43.949000;4.76707919412863e-06
17/09/2026 17:36:43.959000;2.82400712342326e-06
17/09/2026 17:36:43.969000;3.36852505330584e-06
17/09/2026 17:36:43.979000;2.85839771127588e-06
17/09/2026 17:36:43.989000;4.54927131457166e-06
17/09/2026 17:36:43.999000;3.0246189205763e-06
17/09/2026 17:36:44.009000;3.53474643897728e-06
17/09/2026 17:36:44.019000;2.99596008728651e-06
17/09/2026 17:36:44.029000;4.21682789917578e-06
17/09/2026 17:36:44.039000;4.23402324261037e-06
17/09/2026 17:36:44.049000;4.15951009216889e-06
17/09/2026 17:36:44.059000;2.48010138019938e-06
17/09/2026 17:36:44.069000;3.28828026699858e-06
17/09/2026 17:36:44.079000;3.89584826795206e-06
17/09/2026 17:36:44.089000;2.81827535902034e-06
17/09/2026 17:36:44.099000;3.5290146661009e-06
17/09/2026 17:36:44.109000;3.42011099443309e-06
17/09/2026 17:36:44.119000;2.07887832402556e-06
17/09/2026 17:36:44.129000;3.09913189512491e-06
17/09/2026 17:36:44.139000;2.4170520206262e-06
17/09/2026 17:36:44.149000;3.87865293661268e-06
17/09/2026 17:36:44.159000;3.16791311265066e-06
17/09/2026 17:36:44.169000;3.540478211922e-06
17/09/2026 17:36:44.179000;3.03035068743926e-06
17/09/2026 17:36:44.189000;3.83279872271435e-06
17/09/2026 17:36:44.199000;3.79267628914092e-06
17/09/2026 17:36:44.209000;2.96730125570508e-06
17/09/2026 17:36:44.219000;2.56034603161464e-06
17/09/2026 17:36:44.229000;3.15644957571303e-06
17/09/2026 17:36:44.239000;3.8499940524137e-06
17/09/2026 17:36:44.249000;4.34292709864472e-06
17/09/2026 17:36:44.259000;3.33986619951569e-06
17/09/2026 17:36:44.269000;3.32267088806165e-06
17/09/2026 17:36:44.279000;2.726567137867e-06
17/09/2026 17:36:44.289000;4.56646666989648e-06
17/09/2026 17:36:44.299000;3.13352250265777e-06
17/09/2026 17:36:44.309000;2.64059069642347e-06
17/09/2026 17:36:44.319000;3.36279328241116e-06
17/09/2026 17:36:44.329000;2.42851553993359e-06
17/09/2026 17:36:44.339000;2.60620012415112e-06
17/09/2026 17:36:44.349000;3.91877537736124e-06
17/09/2026 17:36:44.359000;2.87559300612468e-06
17/09/2026 17:36:44.369000;2.42278378024573e-06
17/09/2026 17:36:44.379000;2.85266594646295e-06
17/09/2026 17:36:44.389000;3.59779594512761e-06
17/09/2026 17:36:44.399000;3.28828026699858e-06
17/09/2026 17:36:44.409000;3.82706694628457e-06
17/09/2026 17:36:44.419000;3.42011099443309e-06
17/09/2026 17:36:44.429000;2.50876018273874e-06
17/09/2026 17:36:44.439000;4.92183748430388e-06
17/09/2026 17:36:44.449000;4.83012886189026e-06
17/09/2026 17:36:44.459000;3.47742871328846e-06
17/09/2026 17:36:44.469000;3.76401741006707e-06
17/09/2026 17:36:44.479000;3.2768167271909e-06
17/09/2026 17:36:44.489000;4.58939381128625e-06
17/09/2026 17:36:44.499000;4.17670543355344e-06
17/09/2026 17:36:44.509000;2.41132026107501e-06
17/09/2026 17:36:44.519000;3.25388964839556e-06
17/09/2026 17:36:44.529000;3.28828026699858e-06
17/09/2026 17:36:44.539000;4.9103739055455e-06
17/09/2026 17:36:44.549000;3.54620998493506e-06
17/09/2026 17:36:44.559000;1.95851147246666e-06
17/09/2026 17:36:44.569000;5.38038085877732e-06
17/09/2026 17:36:44.579000;3.01315538705538e-06
17/09/2026 17:36:44.589000;3.11059543069586e-06
17/09/2026 17:36:44.599000;3.62072304032327e-06
17/09/2026 17:36:44.609000;3.0246189205763e-06
17/09/2026 17:36:44.619000;3.04754598843815e-06
17/09/2026 17:36:44.629000;3.12779073456479e-06
17/09/2026 17:36:44.639000;2.82400712342326e-06
17/09/2026 17:36:44.649000;3.13352250265777e-06
17/09/2026 17:36:44.659000;2.22790399151724e-06
17/09/2026 17:36:44.669000;2.38266146434406e-06
17/09/2026 17:36:44.679000;2.13046412677588e-06
17/09/2026 17:36:44.689000;3.59779594512761e-06
17/09/2026 17:36:44.699000;4.07353339447123e-06
17/09/2026 17:36:44.709000;3.24815787886756e-06
17/09/2026 17:36:44.719000;3.33986619951569e-06
17/09/2026 17:36:44.729000;4.50914882120546e-06
17/09/2026 17:36:44.739000;4.35439066387284e-06
17/09/2026 17:36:44.749000;4.97915538219588e-06
17/09/2026 17:36:44.759000;2.46290609949578e-06
17/09/2026 17:36:44.769000;3.89584826795206e-06
17/09/2026 17:36:44.779000;3.32840265847799e-06
17/09/2026 17:36:44.789000;4.69829774781887e-06
17/09/2026 17:36:44.799000;4.02194738323281e-06
17/09/2026 17:36:44.809000;3.59779594512761e-06
17/09/2026 17:36:44.819000;2.9099835976673e-06
17/09/2026 17:36:44.829000;2.79534830209198e-06
17/09/2026 17:36:44.839000;2.30814860083863e-06
17/09/2026 17:36:44.849000;3.43730630937219e-06
17/09/2026 17:36:44.859000;3.20803549408492e-06
17/09/2026 17:36:44.869000;2.9329106600624e-06
17/09/2026 17:36:44.879000;2.70364008531204e-06
17/09/2026 17:36:44.889000;3.87865293661268e-06
17/09/2026 17:36:44.899000;4.05060627768192e-06
17/09/2026 17:36:44.909000;4.00475204738335e-06
17/09/2026 17:36:44.919000;3.63218658833108e-06
17/09/2026 17:36:44.929000;3.18510841856962e-06
17/09/2026 17:36:44.939000;4.33719531613316e-06
17/09/2026 17:36:44.949000;3.63218658833108e-06
17/09/2026 17:36:44.959000;4.19390077555301e-06
17/09/2026 17:36:44.969000;3.46596516897071e-06
17/09/2026 17:36:44.979000;3.25388964839556e-06
17/09/2026 17:36:44.989000;4.61232095376938e-06
17/09/2026 17:36:44.999000;3.75255385891587e-06
17/09/2026 17:36:45.009000;3.82706694628457e-06
17/09/2026 17:36:45.019000;3.08193659228095e-06
17/09/2026 17:36:45.029000;3.66084545954647e-06
17/09/2026 17:36:45.039000;4.44036741179642e-06
17/09/2026 17:36:45.049000;5.04793686868647e-06
17/09/2026 17:36:45.059000;3.4487698530066e-06
17/09/2026 17:36:45.069000;3.20803549408492e-06
17/09/2026 17:36:45.079000;3.07047305739334e-06
17/09/2026 17:36:45.089000;3.83279872271435e-06
17/09/2026 17:36:45.099000;4.23975502389191e-06
17/09/2026 17:36:45.109000;2.92717889436113e-06
17/09/2026 17:36:45.119000;3.16218134414768e-06
17/09/2026 17:36:45.129000;2.75522595509823e-06
17/09/2026 17:36:45.139000;4.45183097934792e-06
17/09/2026 17:36:45.149000;4.06206983593991e-06
17/09/2026 17:36:45.159000;3.32840265847799e-06
17/09/2026 17:36:45.169000;3.99328849049205e-06
17/09/2026 17:36:45.179000;2.37692970520287e-06
17/09/2026 17:36:45.189000;4.37158601222752e-06
17/09/2026 17:36:45.199000;4.5550030996116e-06
17/09/2026 17:36:45.209000;3.99328849049205e-06
17/09/2026 17:36:45.219000;3.90731182251998e-06
17/09/2026 17:36:45.229000;3.61499126642187e-06
17/09/2026 17:36:45.239000;4.69256596107056e-06
17/09/2026 17:36:45.249000;3.8499940524137e-06
17/09/2026 17:36:45.259000;3.07047305739334e-06
17/09/2026 17:36:45.269000;3.2768167271909e-06
17/09/2026 17:36:45.279000;2.34827091052194e-06
17/09/2026 17:36:45.289000;4.22829146139717e-06
17/09/2026 17:36:45.299000;4.48048989942251e-06
17/09/2026 17:36:45.309000;2.54888250916388e-06
17/09/2026 17:36:45.319000;2.89278830158849e-06
17/09/2026 17:36:45.329000;2.73229890117658e-06
17/09/2026 17:36:45.339000;3.29401203700492e-06
17/09/2026 17:36:45.349000;3.51181934788174e-06
17/09/2026 17:36:45.359000;2.60620012415112e-06
17/09/2026 17:36:45.369000;3.82133516992313e-06
17/09/2026 17:36:45.379000;4.16524187256207e-06
17/09/2026 17:36:45.389000;5.44343060696904e-06
17/09/2026 17:36:45.399000;4.0849969532759e-06
17/09/2026 17:36:45.409000;4.18816899481815e-06
17/09/2026 17:36:45.419000;1.97570673513004e-06
17/09/2026 17:36:45.429000;1.78655887965814e-06
17/09/2026 17:36:45.439000;3.72962675743349e-06
17/09/2026 17:36:45.449000;4.1996325563562e-06
17/09/2026 17:36:45.459000;3.20230372510359e-06
17/09/2026 17:36:45.469000;3.2768167271909e-06
17/09/2026 17:36:45.479000;3.3971839088043e-06
17/09/2026 17:36:45.489000;3.80987161740524e-06
17/09/2026 17:36:45.499000;3.47169694109542e-06
17/09/2026 17:36:45.509000;2.86412947615715e-06
17/09/2026 17:36:45.519000;2.66351774597173e-06
17/09/2026 17:36:45.529000;2.9730330218847e-06
17/09/2026 17:36:45.539000;4.0104838259315e-06
17/09/2026 17:36:45.549000;4.38878136119727e-06
17/09/2026 17:36:45.559000;2.45717433939791e-06
17/09/2026 17:36:45.569000;4.02194738323281e-06
17/09/2026 17:36:45.579000;3.46596516897071e-06
17/09/2026 17:36:45.589000;2.89278830158849e-06
17/09/2026 17:36:45.599000;4.10792407170524e-06
17/09/2026 17:36:45.609000;2.30241684258579e-06
17/09/2026 17:36:45.619000;2.85266594646295e-06
17/09/2026 17:36:45.629000;3.23669434001656e-06
17/09/2026 17:36:45.639000;4.16524187256207e-06
17/09/2026 17:36:45.649000;4.62951631134924e-06
17/09/2026 17:36:45.659000;1.91265744170433e-06
17/09/2026 17:36:45.669000;3.52328289329284e-06
17/09/2026 17:36:45.679000;3.48316048554984e-06
17/09/2026 17:36:45.689000;2.71510361145285e-06
17/09/2026 17:36:45.699000;3.75255385891587e-06
17/09/2026 17:36:45.709000;3.94743426566025e-06
17/09/2026 17:36:45.719000;3.80987161740524e-06
17/09/2026 17:36:45.729000;2.9099835976673e-06
17/09/2026 17:36:45.739000;4.81866528531858e-06
17/09/2026 17:36:45.749000;3.58633239793981e-06
17/09/2026 17:36:45.759000;3.56340530438423e-06
17/09/2026 17:36:45.769000;3.32267088806165e-06
17/09/2026 17:36:45.779000;2.90425183223936e-06
17/09/2026 17:36:45.789000;4.1996325563562e-06
17/09/2026 17:36:45.799000;3.59779594512761e-06
17/09/2026 17:36:45.809000;1.68911910436614e-06
17/09/2026 17:36:45.819000;3.10486366287622e-06
17/09/2026 17:36:45.829000;3.64365013661223e-06
17/09/2026 17:36:45.839000;4.1021922919954e-06
17/09/2026 17:36:45.849000;4.8874467488487e-06
17/09/2026 17:36:45.859000;3.78121273730637e-06
17/09/2026 17:36:45.869000;1.82668114581261e-06
17/09/2026 17:36:45.879000;3.16218134414768e-06
17/09/2026 17:36:45.889000;2.69790832234414e-06
17/09/2026 17:36:45.899000;4.56073488471987e-06
17/09/2026 17:36:45.909000;1.66046035068569e-06
17/09/2026 17:36:45.919000;2.87559300612468e-06
17/09/2026 17:36:45.929000;2.76668948246906e-06
17/09/2026 17:36:45.939000;4.45183097934792e-06
17/09/2026 17:36:45.949000;4.15377831184404e-06
17/09/2026 17:36:45.959000;2.42851553993359e-06
17/09/2026 17:36:45.969000;3.82706694628457e-06
17/09/2026 17:36:45.979000;1.87253516837484e-06
17/09/2026 17:36:45.989000;4.42890384451827e-06
17/09/2026 17:36:45.999000;4.23975502389191e-06
17/09/2026 17:36:46.009000;3.48889225787955e-06
17/09/2026 17:36:46.019000;2.15912290847332e-06
17/09/2026 17:36:46.029000;2.56607779294253e-06
17/09/2026 17:36:46.039000;4.05060627768192e-06
17/09/2026 17:36:46.049000;3.97036137752948e-06
17/09/2026 17:36:46.059000;3.05327775557444e-06
17/09/2026 17:36:46.069000;3.4545016249263e-06
17/09/2026 17:36:46.079000;3.72962675743349e-06
17/09/2026 17:36:46.089000;4.53780774469679e-06
17/09/2026 17:36:46.099000;2.78961653803073e-06
17/09/2026 17:36:46.109000;3.55767353116617e-06
17/09/2026 17:36:46.119000;4.37731779514908e-06
17/09/2026 17:36:46.129000;2.41132026107501e-06
17/09/2026 17:36:46.139000;3.21376726313458e-06
17/09/2026 17:36:46.149000;5.24281780051432e-06
17/09/2026 17:36:46.159000;2.45717433939791e-06
17/09/2026 17:36:46.169000;2.33680739312791e-06
17/09/2026 17:36:46.179000;3.03035068743926e-06
17/09/2026 17:36:46.189000;4.7040295346355e-06
17/09/2026 17:36:46.199000;4.1021922919954e-06
17/09/2026 17:36:46.209000;3.40864745148203e-06
17/09/2026 17:36:46.219000;4.37158601222752e-06
17/09/2026 17:36:46.229000;3.08193659228095e-06
17/09/2026 17:36:46.239000;3.72389498223374e-06
17/09/2026 17:36:46.249000;5.18549987118832e-06
17/09/2026 17:36:46.259000;3.48316048554984e-06
17/09/2026 17:36:46.269000;4.25121858665998e-06
17/09/2026 17:36:46.279000;3.38572036639992e-06
17/09/2026 17:36:46.289000;3.63791836243749e-06
17/09/2026 17:36:46.299000;4.09072873278073e-06
17/09/2026 17:36:46.309000;2.543150748041e-06
17/09/2026 17:36:46.319000;3.68950433247021e-06
17/09/2026 17:36:46.329000;2.39985674217762e-06
17/09/2026 17:36:46.339000;2.77815301011322e-06
17/09/2026 17:36:46.349000;3.72389498223374e-06
17/09/2026 17:36:46.359000;1.91838919531046e-06
17/09/2026 17:36:46.369000;3.20803549408492e-06
17/09/2026 17:36:46.379000;3.20230372510359e-06
17/09/2026 17:36:46.389000;4.25695036814651e-06
17/09/2026 17:36:46.399000;3.99328849049205e-06
17/09/2026 17:36:46.409000;2.09034183526951e-06
17/09/2026 17:36:46.419000;2.43424729968978e-06
17/09/2026 17:36:46.429000;2.76668948246906e-06
17/09/2026 17:36:46.439000;4.06206983593991e-06
17/09/2026 17:36:46.449000;3.99902026890353e-06
17/09/2026 17:36:46.459000;3.00742362039742e-06
17/09/2026 17:36:46.469000;4.3085364046004e-06
17/09/2026 17:36:46.479000;2.66924950852963e-06
17/09/2026 17:36:46.489000;3.75828563445731e-06
17/09/2026 17:36:46.499000;2.9615694895938e-06
17/09/2026 17:36:46.509000;2.59473660060701e-06
17/09/2026 17:36:46.519000;3.95316604352505e-06
17/09/2026 17:36:46.529000;3.8041398412488e-06
17/09/2026 17:36:46.539000;4.18243721415163e-06
17/09/2026 17:36:46.549000;3.10486366287622e-06
17/09/2026 17:36:46.559000;2.28522156823726e-06
17/09/2026 17:36:46.569000;3.04754598843815e-06
17/09/2026 17:36:46.579000;2.69790832234414e-06
17/09/2026 17:36:46.589000;3.94170248786378e-06
17/09/2026 17:36:46.599000;5.18549987118832e-06
17/09/2026 17:36:46.609000;3.59206417149955e-06
17/09/2026 17:36:46.619000;3.4545016249263e-06
17/09/2026 17:36:46.629000;3.58633239793981e-06
17/09/2026 17:36:46.639000;3.74682208344278e-06
17/09/2026 17:36:46.649000;3.51181934788174e-06
17/09/2026 17:36:46.659000;3.93023893247584e-06
17/09/2026 17:36:46.669000;3.71243143203922e-06
17/09/2026 17:36:46.679000;2.30814860083863e-06
17/09/2026 17:36:46.689000;3.14498603904873e-06
17/09/2026 17:36:46.699000;5.15110911687274e-06
17/09/2026 17:36:46.709000;1.67765560268895e-06
17/09/2026 17:36:46.719000;3.83853049921246e-06
17/09/2026 17:36:46.729000;3.26535318765656e-06
17/09/2026 17:36:46.739000;2.89278830158849e-06
17/09/2026 17:36:46.749000;4.54927131457166e-06
17/09/2026 17:36:46.759000;3.21376726313458e-06
17/09/2026 17:36:46.769000;4.42890384451827e-06
17/09/2026 17:36:46.779000;3.75828563445731e-06
17/09/2026 17:36:46.789000;3.59206417149955e-06
17/09/2026 17:36:46.799000;3.540478211922e-06
17/09/2026 17:36:46.809000;2.95010595757624e-06
17/09/2026 17:36:46.819000;3.40864745148203e-06
17/09/2026 17:36:46.829000;2.46290609949578e-06
17/09/2026 17:36:46.839000;4.26268214970138e-06
17/09/2026 17:36:46.849000;3.53474643897728e-06
17/09/2026 17:36:46.859000;4.0104838259315e-06
17/09/2026 17:36:46.869000;4.56073488471987e-06
17/09/2026 17:36:46.879000;3.06474129005204e-06
17/09/2026 17:36:46.889000;4.3199999690085e-06
17/09/2026 17:36:46.899000;4.69829774781887e-06
17/09/2026 17:36:46.909000;2.46290609949578e-06
17/09/2026 17:36:46.919000;2.17058642163063e-06
17/09/2026 17:36:46.929000;2.61766364796857e-06
17/09/2026 17:36:46.939000;3.04181422137018e-06
17/09/2026 17:36:46.949000;4.96196001211077e-06
17/09/2026 17:36:46.959000;3.03035068743926e-06
17/09/2026 17:36:46.969000;4.79000634508526e-06
17/09/2026 17:36:46.979000;2.21644047699324e-06
17/09/2026 17:36:46.989000;4.91610569489052e-06
17/09/2026 17:36:46.999000;4.17097365302359e-06
17/09/2026 17:36:47.009000;3.13352250265777e-06
17/09/2026 17:36:47.019000;3.75255385891587e-06
17/09/2026 17:36:47.029000;3.63218658833108e-06
17/09/2026 17:36:47.039000;4.37158601222752e-06
17/09/2026 17:36:47.049000;4.21682789917578e-06
17/09/2026 17:36:47.059000;3.51755112055313e-06
17/09/2026 17:36:47.069000;3.20230372510359e-06
17/09/2026 17:36:47.079000;3.28828026699858e-06
17/09/2026 17:36:47.089000;2.95010595757624e-06
17/09/2026 17:36:47.099000;3.74109030803802e-06
17/09/2026 17:36:47.109000;2.89278830158849e-06
17/09/2026 17:36:47.119000;3.8041398412488e-06
17/09/2026 17:36:47.129000;3.14498603904873e-06
17/09/2026 17:36:47.139000;2.17631817831178e-06
17/09/2026 17:36:47.149000;4.72695668258541e-06
17/09/2026 17:36:47.159000;3.78121273730637e-06
17/09/2026 17:36:47.169000;3.2768167271909e-06
17/09/2026 17:36:47.179000;2.75522595509823e-06
17/09/2026 17:36:47.189000;3.8499940524137e-06
17/09/2026 17:36:47.199000;4.16524187256207e-06
17/09/2026 17:36:47.209000;2.78961653803073e-06
17/09/2026 17:36:47.219000;2.65778598348216e-06
17/09/2026 17:36:47.229000;2.46290609949578e-06
17/09/2026 17:36:47.239000;4.17097365302359e-06
17/09/2026 17:36:47.249000;3.38572036639992e-06
17/09/2026 17:36:47.259000;1.80375413617151e-06
17/09/2026 17:36:47.269000;3.43730630937219e-06
17/09/2026 17:36:47.279000;2.81827535902034e-06
17/09/2026 17:36:47.289000;5.0307414961413e-06
17/09/2026 17:36:47.299000;5.64977529522578e-06
17/09/2026 17:36:47.309000;3.88438471365748e-06
17/09/2026 17:36:47.319000;1.21338401446777e-06
17/09/2026 17:36:47.329000;2.9329106600624e-06
17/09/2026 17:36:47.339000;4.1021922919954e-06
17/09/2026 17:36:47.349000;3.55194175801645e-06
17/09/2026 17:36:47.359000;2.88132477121095e-06
17/09/2026 17:36:47.369000;3.66657723399454e-06
17/09/2026 17:36:47.379000;3.16218134414768e-06
17/09/2026 17:36:47.389000;3.69523610725996e-06
17/09/2026 17:36:47.399000;4.22829146139717e-06
17/09/2026 17:36:47.409000;2.96730125570508e-06
17/09/2026 17:36:47.419000;4.03914271969727e-06
17/09/2026 17:36:47.429000;3.54620998493506e-06
17/09/2026 17:36:47.439000;4.29134105850076e-06
17/09/2026 17:36:47.449000;4.8874467488487e-06
17/09/2026 17:36:47.459000;2.85266594646295e-06
17/09/2026 17:36:47.469000;3.44303808115523e-06
17/09/2026 17:36:47.479000;2.07887832402556e-06
17/09/2026 17:36:47.489000;4.3199999690085e-06
17/09/2026 17:36:47.499000;3.78694451318948e-06
17/09/2026 17:36:47.509000;3.00742362039742e-06
17/09/2026 17:36:47.519000;3.21949903225257e-06
17/09/2026 17:36:47.529000;3.63791836243749e-06
17/09/2026 17:36:47.539000;5.05366865967153e-06
17/09/2026 17:36:47.549000;3.70669965704447e-06
17/09/2026 17:36:47.559000;3.05327775557444e-06
17/09/2026 17:36:47.569000;1.71777785975494e-06
17/09/2026 17:36:47.579000;3.0246189205763e-06
17/09/2026 17:36:47.589000;5.05940045072492e-06
17/09/2026 17:36:47.599000;3.95889782145819e-06
17/09/2026 17:36:47.609000;1.29362845445739e-06
17/09/2026 17:36:47.619000;3.9818249338741e-06
17/09/2026 17:36:47.629000;2.71510361145285e-06
17/09/2026 17:36:47.639000;3.42011099443309e-06
17/09/2026 17:36:47.649000;3.54620998493506e-06
17/09/2026 17:36:47.659000;3.21376726313458e-06
17/09/2026 17:36:47.669000;2.80681183041949e-06
17/09/2026 17:36:47.679000;2.80681183041949e-06
17/09/2026 17:36:47.689000;5.98795150359968e-06
17/09/2026 17:36:47.699000;3.62072304032327e-06
17/09/2026 17:36:47.709000;3.28254849706058e-06
17/09/2026 17:36:47.719000;3.54620998493506e-06
17/09/2026 17:36:47.729000;1.39106814959358e-06
17/09/2026 17:36:47.739000;4.34292709864472e-06
17/09/2026 17:36:47.749000;2.65778598348216e-06
17/09/2026 17:36:47.759000;2.52595546508237e-06
17/09/2026 17:36:47.769000;3.57486885102536e-06
17/09/2026 17:36:47.779000;2.45717433939791e-06
17/09/2026 17:36:47.789000;4.33146353368994e-06
17/09/2026 17:36:47.799000;3.09340012744194e-06
17/09/2026 17:36:47.809000;2.74949419151531e-06
17/09/2026 17:36:47.819000;3.94170248786378e-06
17/09/2026 17:36:47.829000;3.2997438070796e-06
17/09/2026 17:36:47.839000;4.30280462249885e-06
17/09/2026 17:36:47.849000;3.70669965704447e-06
17/09/2026 17:36:47.859000;3.39145213756794e-06
17/09/2026 17:36:47.869000;4.15377831184404e-06
17/09/2026 17:36:47.879000;3.24242610940789e-06
17/09/2026 17:36:47.889000;3.76401741006707e-06
17/09/2026 17:36:47.899000;3.66657723399454e-06
17/09/2026 17:36:47.909000;3.5290146661009e-06
17/09/2026 17:36:47.919000;3.25388964839556e-06
17/09/2026 17:36:47.929000;3.0246189205763e-06
17/09/2026 17:36:47.939000;3.08193659228095e-06
17/09/2026 17:36:47.949000;4.71549310847379e-06
17/09/2026 17:36:47.959000;3.32267088806165e-06
17/09/2026 17:36:47.969000;5.12818194869575e-06
17/09/2026 17:36:47.979000;2.90425183223936e-06
17/09/2026 17:36:47.989000;5.12818194869575e-06
17/09/2026 17:36:47.999000;3.43730630937219e-06
17/09/2026 17:36:48.009000;2.1247323706414e-06
17/09/2026 17:36:48.019000;1.90119393469709e-06
17/09/2026 17:36:48.029000;2.35400266932146e-06
17/09/2026 17:36:48.039000;3.91877537736124e-06
17/09/2026 17:36:48.049000;4.26841393132459e-06
17/09/2026 17:36:48.059000;2.78388477403781e-06
17/09/2026 17:36:48.069000;2.80681183041949e-06
17/09/2026 17:36:48.079000;3.6092594925888e-06
17/09/2026 17:36:48.089000;4.14231475139935e-06
17/09/2026 17:36:48.099000;2.42851553993359e-06
17/09/2026 17:36:48.109000;3.08766835982725e-06
17/09/2026 17:36:48.119000;2.95583772355085e-06
17/09/2026 17:36:48.129000;3.540478211922e-06
17/09/2026 17:36:48.139000;3.99902026890353e-06
17/09/2026 17:36:48.149000;3.70096788211804e-06
17/09/2026 17:36:48.159000;2.31961211754937e-06
17/09/2026 17:36:48.169000;3.69523610725996e-06
17/09/2026 17:36:48.179000;2.82400712342326e-06
17/09/2026 17:36:48.189000;3.65511368516672e-06
17/09/2026 17:36:48.199000;4.31426818677028e-06
17/09/2026 17:36:48.209000;2.64632245870803e-06
17/09/2026 17:36:48.219000;3.24242610940789e-06
17/09/2026 17:36:48.229000;2.23936750631457e-06
17/09/2026 17:36:48.239000;3.66657723399454e-06
17/09/2026 17:36:48.249000;4.0849969532759e-06
17/09/2026 17:36:48.259000;2.9099835976673e-06
17/09/2026 17:36:48.269000;2.22217223422107e-06
17/09/2026 17:36:48.279000;2.90425183223936e-06
17/09/2026 17:36:48.289000;4.47475811527092e-06
17/09/2026 17:36:48.299000;4.54353952960005e-06
17/09/2026 17:36:48.309000;3.41437922292339e-06
17/09/2026 17:36:48.319000;3.79840806516069e-06
17/09/2026 17:36:48.329000;3.82706694628457e-06
17/09/2026 17:36:48.339000;3.35132974082678e-06
17/09/2026 17:36:48.349000;4.59512559680453e-06
17/09/2026 17:36:48.359000;2.88705653636555e-06
17/09/2026 17:36:48.369000;3.85572582911681e-06
17/09/2026 17:36:48.379000;3.67804078309571e-06
17/09/2026 17:36:48.389000;3.66657723399454e-06
17/09/2026 17:36:48.399000;5.31733111885417e-06
17/09/2026 17:36:48.409000;2.99022832083356e-06
17/09/2026 17:36:48.419000;4.25695036814651e-06
17/09/2026 17:36:48.429000;3.66084545954647e-06
17/09/2026 17:36:48.439000;4.37158601222752e-06
17/09/2026 17:36:48.449000;4.02194738323281e-06
17/09/2026 17:36:48.459000;3.39145213756794e-06
17/09/2026 17:36:48.469000;4.5550030996116e-06
17/09/2026 17:36:48.479000;3.41437922292339e-06
17/09/2026 17:36:48.489000;4.40024492751874e-06
17/09/2026 17:36:48.499000;4.76707919412863e-06
17/09/2026 17:36:48.509000;3.33986619951569e-06
17/09/2026 17:36:48.519000;2.32534387600722e-06
17/09/2026 17:36:48.529000;3.1965719561906e-06
17/09/2026 17:36:48.539000;4.02194738323281e-06
17/09/2026 17:36:48.549000;3.31120734743395e-06
17/09/2026 17:36:48.559000;2.92144712872819e-06
17/09/2026 17:36:48.569000;2.48583314057058e-06
17/09/2026 17:36:48.579000;2.02729252681024e-06
17/09/2026 17:36:48.589000;3.83279872271435e-06
17/09/2026 17:36:48.599000;3.8041398412488e-06
17/09/2026 17:36:48.609000;2.8412024170421e-06
17/09/2026 17:36:48.619000;3.2252308014389e-06
17/09/2026 17:36:48.629000;3.2768167271909e-06
17/09/2026 17:36:48.639000;4.3085364046004e-06
17/09/2026 17:36:48.649000;4.44036741179642e-06
17/09/2026 17:36:48.659000;2.48583314057058e-06
17/09/2026 17:36:48.669000;3.38572036639992e-06
17/09/2026 17:36:48.679000;3.52328289329284e-06
17/09/2026 17:36:48.689000;3.0246189205763e-06
17/09/2026 17:36:48.699000;4.64097988341082e-06
17/09/2026 17:36:48.709000;2.13046412677588e-06
17/09/2026 17:36:48.719000;3.26535318765656e-06
17/09/2026 17:36:48.729000;3.72389498223374e-06
17/09/2026 17:36:48.739000;4.1996325563562e-06
17/09/2026 17:36:48.749000;4.79000634508526e-06
17/09/2026 17:36:48.759000;2.51449194345162e-06
17/09/2026 17:36:48.769000;2.98449655444894e-06
17/09/2026 17:36:48.779000;3.76974918574517e-06
17/09/2026 17:36:48.789000;2.93864242583202e-06
17/09/2026 17:36:48.799000;4.3085364046004e-06
17/09/2026 17:36:48.809000;2.47436961989651e-06
17/09/2026 17:36:48.819000;2.80681183041949e-06
17/09/2026 17:36:48.829000;4.12511941124482e-06
17/09/2026 17:36:48.839000;3.43730630937219e-06
17/09/2026 17:36:48.849000;2.86986124110675e-06
17/09/2026 17:36:48.859000;2.71510361145285e-06
17/09/2026 17:36:48.869000;4.0104838259315e-06
17/09/2026 17:36:48.879000;2.86986124110675e-06
17/09/2026 17:36:48.889000;3.71816320710231e-06
17/09/2026 17:36:48.899000;4.0678016151714e-06
17/09/2026 17:36:48.909000;3.68950433247021e-06
17/09/2026 17:36:48.919000;3.60352771882401e-06
17/09/2026 17:36:48.929000;1.42545863494493e-06
17/09/2026 17:36:48.939000;4.23402324261037e-06
17/09/2026 17:36:48.949000;4.42890384451827e-06
17/09/2026 17:36:48.959000;3.12779073456479e-06
17/09/2026 17:36:48.969000;2.69790832234414e-06
17/09/2026 17:36:48.979000;3.76974918574517e-06
17/09/2026 17:36:48.989000;3.23669434001656e-06
17/09/2026 17:36:48.999000;5.3631854743419e-06
17/09/2026 17:36:49.009000;2.45717433939791e-06
17/09/2026 17:36:49.019000;2.65205422106093e-06
17/09/2026 17:36:49.029000;2.52595546508237e-06
17/09/2026 17:36:49.039000;4.3199999690085e-06
17/09/2026 17:36:49.049000;4.31426818677028e-06
17/09/2026 17:36:49.059000;2.9730330218847e-06
17/09/2026 17:36:49.069000;2.62912717205935e-06
17/09/2026 17:36:49.079000;3.50035580274398e-06
17/09/2026 17:36:49.089000;4.19390077555301e-06
17/09/2026 17:36:49.099000;3.67230900851096e-06
17/09/2026 17:36:49.109000;3.60352771882401e-06
17/09/2026 17:36:49.119000;3.83853049921246e-06
17/09/2026 17:36:49.129000;1.84960815654705e-06
17/09/2026 17:36:49.139000;3.9818249338741e-06
17/09/2026 17:36:49.149000;3.63218658833108e-06
17/09/2026 17:36:49.159000;4.15377831184404e-06
17/09/2026 17:36:49.169000;3.20230372510359e-06
17/09/2026 17:36:49.179000;2.61193188602567e-06
17/09/2026 17:36:49.189000;2.73803066455449e-06
17/09/2026 17:36:49.199000;5.46635779017969e-06
17/09/2026 17:36:49.209000;2.38266146434406e-06
17/09/2026 17:36:49.219000;3.76401741006707e-06
17/09/2026 17:36:49.229000;2.65205422106093e-06
17/09/2026 17:36:49.239000;3.4946240302776e-06
17/09/2026 17:36:49.249000;4.26841393132459e-06
17/09/2026 17:36:49.259000;2.96730125570508e-06
17/09/2026 17:36:49.269000;2.9329106600624e-06
17/09/2026 17:36:49.279000;3.14498603904873e-06
17/09/2026 17:36:49.289000;3.402915680109e-06
17/09/2026 17:36:49.299000;4.07353339447123e-06
17/09/2026 17:36:49.309000;2.18204993506128e-06
17/09/2026 17:36:49.319000;2.5718095543388e-06
17/09/2026 17:36:49.329000;3.04181422137018e-06
17/09/2026 17:36:49.339000;3.79267628914092e-06
17/09/2026 17:36:49.349000;4.31426818677028e-06
17/09/2026 17:36:49.359000;1.86680341531539e-06
17/09/2026 17:36:49.369000;3.54620998493506e-06
17/09/2026 17:36:49.379000;2.97876478813265e-06
17/09/2026 17:36:49.389000;3.93597071013564e-06
17/09/2026 17:36:49.399000;3.95889782145819e-06
17/09/2026 17:36:49.409000;2.00436550760237e-06
17/09/2026 17:36:49.419000;2.91571536316358e-06
17/09/2026 17:36:49.429000;2.89278830158849e-06
17/09/2026 17:36:49.439000;4.15377831184404e-06
17/09/2026 17:36:49.449000;5.55806653395587e-06
17/09/2026 17:36:49.459000;2.92144712872819e-06
17/09/2026 17:36:49.469000;3.07620482480298e-06
17/09/2026 17:36:49.479000;2.31388035915986e-06
17/09/2026 17:36:49.489000;3.20230372510359e-06
17/09/2026 17:36:49.499000;4.14804653158753e-06
17/09/2026 17:36:49.509000;2.25656277902307e-06
17/09/2026 17:36:49.519000;3.29401203700492e-06
17/09/2026 17:36:49.529000;2.86986124110675e-06
17/09/2026 17:36:49.539000;4.03341094080745e-06
17/09/2026 17:36:49.549000;5.21415883499714e-06
17/09/2026 17:36:49.559000;4.5836620258363e-06
17/09/2026 17:36:49.569000;3.78121273730637e-06
17/09/2026 17:36:49.579000;3.01315538705538e-06
17/09/2026 17:36:49.589000;3.79840806516069e-06
17/09/2026 17:36:49.599000;4.8874467488487e-06
17/09/2026 17:36:49.609000;3.37998859530022e-06
17/09/2026 17:36:49.619000;2.89278830158849e-06
17/09/2026 17:36:49.629000;3.69523610725996e-06
17/09/2026 17:36:49.639000;4.71549310847379e-06
17/09/2026 17:36:49.649000;4.75561561906032e-06
17/09/2026 17:36:49.659000;3.20803549408492e-06
17/09/2026 17:36:49.669000;2.58900483893745e-06
17/09/2026 17:36:49.679000;1.43119038274266e-06
17/09/2026 17:36:49.689000;3.83279872271435e-06
17/09/2026 17:36:49.699000;4.05060627768192e-06
17/09/2026 17:36:49.709000;1.66619210128511e-06
17/09/2026 17:36:49.719000;3.2768167271909e-06
17/09/2026 17:36:49.729000;2.91571536316358e-06
17/09/2026 17:36:49.739000;4.23975502389191e-06
17/09/2026 17:36:49.749000;5.05366865967153e-06
17/09/2026 17:36:49.759000;3.60352771882401e-06
17/09/2026 17:36:49.769000;3.32267088806165e-06
17/09/2026 17:36:49.779000;3.31693911771363e-06
17/09/2026 17:36:49.789000;4.68110238777895e-06
17/09/2026 17:36:49.799000;4.36585422937429e-06
17/09/2026 17:36:49.809000;1.79229063176096e-06
17/09/2026 17:36:49.819000;2.17631817831178e-06
17/09/2026 17:36:49.829000;2.9099835976673e-06
17/09/2026 17:36:49.839000;3.51755112055313e-06
17/09/2026 17:36:49.849000;4.88171495984535e-06
17/09/2026 17:36:49.859000;2.37119794613002e-06
17/09/2026 17:36:49.869000;4.0792651738394e-06
17/09/2026 17:36:49.879000;3.05900952277908e-06
17/09/2026 17:36:49.889000;3.55767353116617e-06
17/09/2026 17:36:49.899000;4.41744027751345e-06
17/09/2026 17:36:49.909000;3.79840806516069e-06
17/09/2026 17:36:49.919000;3.0246189205763e-06
17/09/2026 17:36:49.929000;3.44303808115523e-06
17/09/2026 17:36:49.939000;5.12245015682234e-06
17/09/2026 17:36:49.949000;4.0792651738394e-06
17/09/2026 17:36:49.959000;2.65778598348216e-06
17/09/2026 17:36:49.969000;3.11059543069586e-06
17/09/2026 17:36:49.979000;3.76974918574517e-06
17/09/2026 17:36:49.989000;5.1625727013713e-06
17/09/2026 17:36:49.999000;4.76134740656031e-06
17/09/2026 17:36:50.009000;4.14804653158753e-06
17/09/2026 17:36:50.019000;3.87865293661268e-06
17/09/2026 17:36:50.029000;3.93023893247584e-06
17/09/2026 17:36:50.039000;4.18243721415163e-06
17/09/2026 17:36:50.049000;4.1996325563562e-06
17/09/2026 17:36:50.059000;3.42011099443309e-06
17/09/2026 17:36:50.069000;3.90731182251998e-06
17/09/2026 17:36:50.079000;2.17631817831178e-06
17/09/2026 17:36:50.089000;2.83547065243417e-06
17/09/2026 17:36:50.099000;3.70096788211804e-06
17/09/2026 17:36:50.109000;2.02156077190577e-06
17/09/2026 17:36:50.119000;3.90158004520185e-06
17/09/2026 17:36:50.129000;3.79267628914092e-06
17/09/2026 17:36:50.139000;2.87559300612468e-06
17/09/2026 17:36:50.149000;4.23975502389191e-06
17/09/2026 17:36:50.159000;2.80681183041949e-06
17/09/2026 17:36:50.169000;3.17364488122198e-06
17/09/2026 17:36:50.179000;3.90158004520185e-06
17/09/2026 17:36:50.189000;4.31426818677028e-06
17/09/2026 17:36:50.199000;4.41170849411355e-06
17/09/2026 17:36:50.209000;4.34865888122461e-06
17/09/2026 17:36:50.219000;3.96462959945967e-06
17/09/2026 17:36:50.229000;3.16791311265066e-06
17/09/2026 17:36:50.239000;4.28560927660422e-06
17/09/2026 17:36:50.249000;4.67537060123565e-06
17/09/2026 17:36:50.259000;2.42851553993359e-06
17/09/2026 17:36:50.269000;4.1021922919954e-06
17/09/2026 17:36:50.279000;2.81254359468575e-06
17/09/2026 17:36:50.289000;5.3861126537258e-06
17/09/2026 17:36:50.299000;3.47742871328846e-06
17/09/2026 17:36:50.309000;3.04181422137018e-06
17/09/2026 17:36:50.319000;2.73803066455449e-06
17/09/2026 17:36:50.329000;3.99328849049205e-06
17/09/2026 17:36:50.339000;1.04645098297806e-05
17/09/2026 17:36:50.349000;1.39036354469686e-05
17/09/2026 17:36:50.359000;1.12039197614558e-05
17/09/2026 17:36:50.369000;1.07453708326799e-05
17/09/2026 17:36:50.379000;1.25107866078856e-05
17/09/2026 17:36:50.389000;1.34680115080774e-05
17/09/2026 17:36:50.399000;1.33017866880693e-05
17/09/2026 17:36:50.409000;1.13414845253719e-05
17/09/2026 17:36:50.419000;1.38921716540461e-05
17/09/2026 17:36:50.429000;1.26024966954135e-05
17/09/2026 17:36:50.439000;1.30209241917501e-05
17/09/2026 17:36:50.449000;1.31240981509239e-05
17/09/2026 17:36:50.459000;8.9111794910732e-06
17/09/2026 17:36:50.469000;8.02847740203999e-06
17/09/2026 17:36:50.479000;5.04220507776975e-06
17/09/2026 17:36:50.489000;2.74949419151531e-06
17/09/2026 17:36:50.499000;6.48088674187428e-06
17/09/2026 17:36:50.509000;2.01582901706964e-06
17/09/2026 17:36:50.519000;5.86758367335349e-06
17/09/2026 17:36:50.529000;1.75216836847652e-06
17/09/2026 17:36:50.539000;5.40903983420305e-06
17/09/2026 17:36:50.549000;2.73229890117658e-06
17/09/2026 17:36:50.559000;3.52328289329284e-06
17/09/2026 17:36:50.569000;2.31961211754937e-06
17/09/2026 17:36:50.579000;3.16218134414768e-06
17/09/2026 17:36:50.589000;2.34253915179076e-06
17/09/2026 17:36:50.599000;4.05060627768192e-06
17/09/2026 17:36:50.609000;1.94131621041828e-06
17/09/2026 17:36:50.619000;4.17670543355344e-06
17/09/2026 17:36:50.629000;2.51449194345162e-06
17/09/2026 17:36:50.639000;1.21911575973714e-06
17/09/2026 17:36:50.649000;1.79802238393207e-06
17/09/2026 17:36:50.659000;-1.91040699030526e-06
17/09/2026 17:36:50.669000;-7.06746804944312e-07
17/09/2026 17:36:50.679000;-8.21381238145604e-07
17/09/2026 17:36:50.689000;-1.73696331499686e-07
17/09/2026 17:36:50.699000;1.76936362375983e-06
17/09/2026 17:36:50.709000;3.76549938430616e-07
17/09/2026 17:36:50.719000;1.47280582759216e-07
17/09/2026 17:36:50.729000;6.11551141462033e-07
17/09/2026 17:36:50.739000;5.54233764277278e-07
17/09/2026 17:36:50.749000;2.62912717205935e-06
17/09/2026 17:36:50.759000;2.14765939558934e-06
17/09/2026 17:36:50.769000;2.38839322355358e-06
17/09/2026 17:36:50.779000;4.93903285295397e-06
17/09/2026 17:36:50.789000;9.08886647118143e-06
17/09/2026 17:36:50.799000;1.08198850038456e-05
17/09/2026 17:36:50.809000;9.03154808332608e-06
17/09/2026 17:36:50.819000;6.14271018676865e-06
17/09/2026 17:36:50.829000;1.03441408787649e-05
17/09/2026 17:36:50.839000;9.71936918860523e-06
17/09/2026 17:36:50.849000;1.22069970679027e-05
17/09/2026 17:36:50.859000;8.71056523762056e-06
17/09/2026 17:36:50.869000;1.14274625228078e-05
17/09/2026 17:36:50.879000;9.46143615880906e-06
17/09/2026 17:36:50.889000;1.01607215827852e-05
17/09/2026 17:36:50.899000;1.06593929572238e-05
17/09/2026 17:36:50.909000;9.15764854562809e-06
17/09/2026 17:36:50.919000;1.34450839432801e-05
17/09/2026 17:36:50.929000;1.09689133808235e-05
17/09/2026 17:36:50.939000;1.32501996866489e-05
17/09/2026 17:36:50.949000;1.06880522473341e-05
17/09/2026 17:36:50.959000;1.17828384086613e-05
17/09/2026 17:36:50.969000;1.0974645242399e-05
17/09/2026 17:36:50.979000;1.07797619871675e-05
17/09/2026 17:36:50.989000;1.21955333154354e-05
17/09/2026 17:36:50.999000;1.49926970210652e-05
17/09/2026 17:36:51.009000;9.74229657572846e-06
17/09/2026 17:36:51.019000;1.12841658689566e-05
17/09/2026 17:36:51.029000;1.39552225185024e-05
17/09/2026 17:36:51.039000;1.36800915342854e-05
17/09/2026 17:36:51.049000;1.72797343566385e-05
17/09/2026 17:36:51.059000;1.36227725990578e-05
17/09/2026 17:36:51.069000;1.62995741663713e-05
17/09/2026 17:36:51.079000;1.57665054281159e-05
17/09/2026 17:36:51.089000;1.79618353173306e-05
17/09/2026 17:36:51.099000;2.42211599067711e-05
17/09/2026 17:36:51.109000;1.99565562847695e-05
17/09/2026 17:36:51.119000;2.30862213779157e-05
17/09/2026 17:36:51.129000;2.27193731334593e-05
17/09/2026 17:36:51.139000;2.21805652818958e-05
17/09/2026 17:36:51.149000;2.18710376402483e-05
17/09/2026 17:36:51.159000;2.07762285066997e-05
17/09/2026 17:36:51.169000;1.87127206872035e-05
17/09/2026 17:36:51.179000;1.83458757798337e-05
17/09/2026 17:36:51.189000;1.79790311523748e-05
17/09/2026 17:36:51.199000;2.03807221552174e-05
17/09/2026 17:36:51.209000;1.93432360257371e-05
17/09/2026 17:36:51.219000;2.01972990301816e-05
17/09/2026 17:36:51.229000;1.94636072298194e-05
17/09/2026 17:36:51.239000;1.99450923475186e-05
17/09/2026 17:36:51.249000;2.51612120299489e-05
17/09/2026 17:36:51.259000;2.02030310017798e-05
17/09/2026 17:36:51.269000;2.21060493499537e-05
17/09/2026 17:36:51.279000;2.15557782100812e-05
17/09/2026 17:36:51.289000;2.03405983406362e-05
17/09/2026 17:36:51.299000;1.98935046332725e-05
17/09/2026 17:36:51.309000;1.78529283763331e-05
17/09/2026 17:36:51.319000;1.57722373468892e-05
17/09/2026 17:36:51.329000;1.57493096722063e-05
17/09/2026 17:36:51.339000;2.02144949451811e-05
17/09/2026 17:36:51.349000;2.54822058588316e-05
17/09/2026 17:36:51.359000;3.06926535186979e-05
17/09/2026 17:36:51.369000;4.02481536616508e-05
17/09/2026 17:36:51.379000;4.91790207506829e-05
17/09/2026 17:36:51.389000;5.6613893509898e-05
17/09/2026 17:36:51.399000;6.64851975274154e-05
17/09/2026 17:36:51.409000;7.07387487298408e-05
17/09/2026 17:36:51.419000;7.25387803816563e-05
17/09/2026 17:36:51.429000;7.10425752556604e-05
17/09/2026 17:36:51.439000;6.87552821659788e-05
17/09/2026 17:36:51.449000;6.49374186917383e-05
17/09/2026 17:36:51.459000;5.64533861759712e-05
17/09/2026 17:36:51.469000;4.81472047804856e-05
17/09/2026 17:36:51.479000;4.23289506186045e-05
17/09/2026 17:36:51.489000;3.66196780325552e-05
17/09/2026 17:36:51.499000;3.28536588284918e-05
17/09/2026 17:36:51.509000;2.61757825423345e-05
17/09/2026 17:36:51.519000;2.48574144964394e-05
17/09/2026 17:36:51.529000;2.29887772856807e-05
17/09/2026 17:36:51.539000;2.388870288854e-05
17/09/2026 17:36:51.549000;2.3481729955042e-05
17/09/2026 17:36:51.559000;2.28798692059663e-05
17/09/2026 17:36:51.569000;2.45708132257053e-05
17/09/2026 17:36:51.579000;2.65369013769467e-05
17/09/2026 17:36:51.589000;3.194225222165e-05
17/09/2026 17:36:51.599000;3.40631381882701e-05
17/09/2026 17:36:51.609000;3.6774446576114e-05
17/09/2026 17:36:51.619000;4.08672328069414e-05
17/09/2026 17:36:51.629000;4.67198630053296e-05
17/09/2026 17:36:51.639000;5.65221750268072e-05
17/09/2026 17:36:51.649000;6.14406033703919e-05
17/09/2026 17:36:51.659000;6.80444464295631e-05
17/09/2026 17:36:51.669000;7.43904123288317e-05
17/09/2026 17:36:51.679000;7.89994590396319e-05
17/09/2026 17:36:51.689000;8.57697930935161e-05
17/09/2026 17:36:51.699000;8.63602670524074e-05
17/09/2026 17:36:51.709000;8.2404678645786e-05
17/09/2026 17:36:51.719000;7.50324659383562e-05
17/09/2026 17:36:51.729000;6.78266098820052e-05
17/09/2026 17:36:51.739000;6.11883750519013e-05
17/09/2026 17:36:51.749000;5.64017945443029e-05
17/09/2026 17:36:51.759000;5.0824198572107e-05
17/09/2026 17:36:51.769000;4.82847801152385e-05
17/09/2026 17:36:51.779000;4.49600538784547e-05
17/09/2026 17:36:51.789000;4.33722185980458e-05
17/09/2026 17:36:51.799000;4.32117156846307e-05
17/09/2026 17:36:51.809000;4.0529032063966e-05
17/09/2026 17:36:51.819000;4.16926729073338e-05
17/09/2026 17:36:51.829000;4.16812084517904e-05
17/09/2026 17:36:51.839000;4.4822479495045e-05
17/09/2026 17:36:51.849000;4.84395524138904e-05
17/09/2026 17:36:51.859000;5.03197532061389e-05
17/09/2026 17:36:51.869000;5.66712175707146e-05
17/09/2026 17:36:51.879000;6.06609889953616e-05
17/09/2026 17:36:51.889000;6.79297956027563e-05
17/09/2026 17:36:51.899000;7.22865462410138e-05
17/09/2026 17:36:51.909000;7.59267563232619e-05
17/09/2026 17:36:51.919000;7.99740143760084e-05
17/09/2026 17:36:51.929000;8.18658039032105e-05
17/09/2026 17:36:51.939000;8.328178457151e-05
17/09/2026 17:36:51.949000;8.47035021504778e-05
17/09/2026 17:36:51.959000;8.05874119830041e-05
17/09/2026 17:36:51.969000;8.10173640431874e-05
17/09/2026 17:36:51.979000;7.71134134404038e-05
17/09/2026 17:36:51.989000;7.46254497114069e-05
17/09/2026 17:36:51.999000;7.2229220318413e-05
17/09/2026 17:36:52.009000;6.88470029827115e-05
17/09/2026 17:36:52.019000;7.06240972605583e-05
17/09/2026 17:36:52.029000;6.42667160769671e-05
17/09/2026 17:36:52.039000;6.65941154849822e-05
17/09/2026 17:36:52.049000;6.77807495687795e-05
17/09/2026 17:36:52.059000;6.44902835112677e-05
17/09/2026 17:36:52.069000;6.42208561032932e-05
17/09/2026 17:36:52.079000;6.69781947954176e-05
17/09/2026 17:36:52.089000;7.12776110016818e-05
17/09/2026 17:36:52.099000;7.28426080449399e-05
17/09/2026 17:36:52.109000;7.64656244095852e-05
17/09/2026 17:36:52.119000;7.75548277047481e-05
17/09/2026 17:36:52.129000;7.92803600810209e-05
17/09/2026 17:36:52.139000;7.90395877497828e-05
17/09/2026 17:36:52.149000;8.19345963899105e-05
17/09/2026 17:36:52.159000;7.90109243850476e-05
17/09/2026 17:36:52.169000;7.82828754936862e-05
17/09/2026 17:36:52.179000;7.74229766482777e-05
17/09/2026 17:36:52.189000;7.79446484310058e-05
17/09/2026 17:36:52.199000;7.70962154902548e-05
17/09/2026 17:36:52.209000;7.52617710066836e-05
17/09/2026 17:36:52.219000;7.51184553261634e-05
17/09/2026 17:36:52.229000;7.52388404949297e-05
17/09/2026 17:36:52.239000;7.53076320334722e-05
17/09/2026 17:36:52.249000;7.7658015513294e-05
17/09/2026 17:36:52.259000;7.42241664446777e-05
17/09/2026 17:36:52.269000;7.40980489157325e-05
17/09/2026 17:36:52.279000;7.32668205752258e-05
17/09/2026 17:36:52.289000;7.60299437824023e-05
17/09/2026 17:36:52.299000;7.47458347567337e-05
17/09/2026 17:36:52.309000;6.94087933669939e-05
17/09/2026 17:36:52.319000;7.46598454355674e-05
17/09/2026 17:36:52.329000;7.37598247968825e-05
17/09/2026 17:36:52.339000;7.44477385091095e-05
17/09/2026 17:36:52.349000;7.90223897307366e-05
17/09/2026 17:36:52.359000;7.63624368569421e-05
17/09/2026 17:36:52.369000;7.86211027942942e-05
17/09/2026 17:36:52.379000;7.92230333245519e-05
17/09/2026 17:36:52.389000;7.88045482093965e-05
17/09/2026 17:36:52.399000;7.83631327977238e-05
17/09/2026 17:36:52.409000;7.45853213696629e-05
17/09/2026 17:36:52.419000;7.55598677590019e-05
17/09/2026 17:36:52.429000;7.55082740771057e-05
17/09/2026 17:36:52.439000;7.80134403566829e-05
17/09/2026 17:36:52.449000;7.65974752035228e-05
17/09/2026 17:36:52.459000;7.40292575502512e-05
17/09/2026 17:36:52.469000;7.43216209215204e-05
17/09/2026 17:36:52.479000;7.21317662656777e-05
17/09/2026 17:36:52.489000;7.40636532317616e-05
17/09/2026 17:36:52.499000;7.16272985437616e-05
17/09/2026 17:36:52.509000;6.4868628636908e-05
17/09/2026 17:36:52.519000;6.36877342303277e-05
17/09/2026 17:36:52.529000;6.27418742975793e-05
17/09/2026 17:36:52.539000;6.09533442378565e-05
17/09/2026 17:36:52.549000;6.14119410548087e-05
17/09/2026 17:36:52.559000;5.83852101464062e-05
17/09/2026 17:36:52.569000;5.79896728558442e-05
17/09/2026 17:36:52.579000;5.98469812175174e-05
17/09/2026 17:36:52.589000;5.72387261415596e-05
17/09/2026 17:36:52.599000;5.82361670711774e-05
17/09/2026 17:36:52.609000;5.59202729156901e-05
17/09/2026 17:36:52.619000;5.64533861759712e-05
17/09/2026 17:36:52.629000;5.46419499792328e-05
17/09/2026 17:36:52.639000;5.6235554879919e-05
17/09/2026 17:36:52.649000;5.55820615839091e-05
17/09/2026 17:36:52.659000;5.29623649198004e-05
17/09/2026 17:36:52.669000;5.39540646038307e-05
17/09/2026 17:36:52.679000;5.39368674820554e-05
17/09/2026 17:36:52.689000;5.59030757235873e-05
17/09/2026 17:36:52.699000;5.59202729156901e-05
17/09/2026 17:36:52.709000;5.25553673755845e-05
17/09/2026 17:36:52.719000;5.2205693704302e-05
17/09/2026 17:36:52.729000;5.24235231745785e-05
17/09/2026 17:36:52.739000;5.26814792538557e-05
17/09/2026 17:36:52.749000;5.40859092245436e-05
17/09/2026 17:36:52.759000;5.00331367567181e-05
17/09/2026 17:36:52.769000;4.95000306152512e-05
17/09/2026 17:36:52.779000;4.76141007301432e-05
17/09/2026 17:36:52.789000;4.93796518909215e-05
17/09/2026 17:36:52.799000;4.92936671062819e-05
17/09/2026 17:36:52.809000;4.88350818479118e-05
17/09/2026 17:36:52.819000;4.95573538279062e-05
17/09/2026 17:36:52.829000;5.1615261689049e-05
17/09/2026 17:36:52.839000;5.30942092685681e-05
17/09/2026 17:36:52.849000;5.10248303988648e-05
17/09/2026 17:36:52.859000;4.78663219275982e-05
17/09/2026 17:36:52.869000;4.746506099384e-05
17/09/2026 17:36:52.879000;4.75682423448215e-05
17/09/2026 17:36:52.889000;4.81701340002107e-05
17/09/2026 17:36:52.899000;5.21541025284284e-05
17/09/2026 17:36:52.909000;5.3180194732895e-05
17/09/2026 17:36:52.919000;5.01993742765713e-05
17/09/2026 17:36:52.929000;5.11796035795682e-05
17/09/2026 17:36:52.939000;5.16897821946818e-05
17/09/2026 17:36:52.949000;5.30540827238115e-05
17/09/2026 17:36:52.959000;5.05203848223958e-05
17/09/2026 17:36:52.969000;4.99987427942694e-05
17/09/2026 17:36:52.979000;5.15980646509279e-05
17/09/2026 17:36:52.989000;5.4355330953211e-05
17/09/2026 17:36:52.999000;5.55247376529492e-05
17/09/2026 17:36:53.009000;5.31343358166737e-05
17/09/2026 17:36:53.019000;5.04745261598701e-05
17/09/2026 17:36:53.029000;4.91618237997009e-05
17/09/2026 17:36:53.039000;4.514921871992e-05
17/09/2026 17:36:53.049000;4.73389504838228e-05
17/09/2026 17:36:53.059000;4.57396427946853e-05
17/09/2026 17:36:53.069000;4.49715184121825e-05
17/09/2026 17:36:53.079000;4.43753630208327e-05
17/09/2026 17:36:53.089000;4.31371964930443e-05
17/09/2026 17:36:53.099000;4.28563165670311e-05
17/09/2026 17:36:53.109000;4.14633838484057e-05
17/09/2026 17:36:53.119000;3.72330203310124e-05
17/09/2026 17:36:53.129000;3.51006560824958e-05
17/09/2026 17:36:53.139000;3.65795528627282e-05
17/09/2026 17:36:53.149000;3.77145232443928e-05
17/09/2026 17:36:53.159000;3.94972346571345e-05
17/09/2026 17:36:53.169000;4.3280502640962e-05
17/09/2026 17:36:53.179000;4.43696307610424e-05
17/09/2026 17:36:53.189000;4.67657213097324e-05
17/09/2026 17:36:53.199000;4.60606503629002e-05
17/09/2026 17:36:53.209000;4.37161535929321e-05
17/09/2026 17:36:53.219000;4.10449315977407e-05
17/09/2026 17:36:53.229000;4.23461473251903e-05
17/09/2026 17:36:53.239000;4.44728114477251e-05
17/09/2026 17:36:53.249000;4.7969503364693e-05
17/09/2026 17:36:53.259000;4.70064774796077e-05
17/09/2026 17:36:53.269000;4.86516478670364e-05
17/09/2026 17:36:53.279000;5.10248303988648e-05
17/09/2026 17:36:53.289000;5.41948243732719e-05
17/09/2026 17:36:53.299000;5.49343015617984e-05
17/09/2026 17:36:53.309000;5.34496159540313e-05
17/09/2026 17:36:53.319000;5.4389725227312e-05
17/09/2026 17:36:53.329000;5.69578379773167e-05
17/09/2026 17:36:53.339000;5.94514427244031e-05
17/09/2026 17:36:53.349000;6.04546206959255e-05
17/09/2026 17:36:53.359000;5.98297838849636e-05
17/09/2026 17:36:53.369000;6.25011102481664e-05
17/09/2026 17:36:53.379000;6.25068427241323e-05
17/09/2026 17:36:53.389000;6.33380524626356e-05
17/09/2026 17:36:53.399000;7.17763457701475e-05
17/09/2026 17:36:53.409000;7.11113661938227e-05
17/09/2026 17:36:53.419000;7.66834648712227e-05
17/09/2026 17:36:53.429000;8.34193699599391e-05
17/09/2026 17:36:53.439000;9.40422273588647e-05
17/09/2026 17:36:53.449000;9.46957729305139e-05
17/09/2026 17:36:53.459000;9.70175867504707e-05
17/09/2026 17:36:53.469000;9.69430592191204e-05
17/09/2026 17:36:53.479000;9.70290525255499e-05
17/09/2026 17:36:53.489000;9.68112028457993e-05
17/09/2026 17:36:53.499000;9.52747921177237e-05
17/09/2026 17:36:53.509000;9.1691763785831e-05
17/09/2026 17:36:53.519000;9.19268096260749e-05
17/09/2026 17:36:53.529000;9.28039329223925e-05
17/09/2026 17:36:53.539000;9.19612065879435e-05
17/09/2026 17:36:53.549000;9.41855486801126e-05
17/09/2026 17:36:53.559000;9.0195499057657e-05
17/09/2026 17:36:53.569000;8.91005343335399e-05
17/09/2026 17:36:53.579000;8.71055264823174e-05
17/09/2026 17:36:53.589000;8.87622996610817e-05
17/09/2026 17:36:53.599000;8.87164373509313e-05
17/09/2026 17:36:53.609000;8.41818230344416e-05
17/09/2026 17:36:53.619000;8.40557028935478e-05
17/09/2026 17:36:53.629000;8.46805711884291e-05
17/09/2026 17:36:53.639000;8.4760829560384e-05
17/09/2026 17:36:53.649000;8.72373801940287e-05
17/09/2026 17:36:53.659000;8.46576402274741e-05
17/09/2026 17:36:53.669000;8.44799253171536e-05
17/09/2026 17:36:53.679000;8.35110935740977e-05
17/09/2026 17:36:53.689000;8.27658397155433e-05
17/09/2026 17:36:53.699000;8.12466719658256e-05
17/09/2026 17:36:53.709000;7.59668847769628e-05
17/09/2026 17:36:53.719000;7.37999530697302e-05
17/09/2026 17:36:53.729000;7.46139844705668e-05
17/09/2026 17:36:53.739000;7.31865641218704e-05
17/09/2026 17:36:53.749000;7.32954835975279e-05
17/09/2026 17:36:53.759000;6.98502005579995e-05
17/09/2026 17:36:53.769000;6.92425492053033e-05
17/09/2026 17:36:53.779000;6.73049490771805e-05
17/09/2026 17:36:53.789000;5.12942504122112e-05
17/09/2026 17:36:53.799000;5.23203407816191e-05
17/09/2026 17:36:53.809000;4.86745771108185e-05
17/09/2026 17:36:53.819000;5.06808901756811e-05
17/09/2026 17:36:53.829000;5.66826823836981e-05
17/09/2026 17:36:53.839000;6.18246785640593e-05
17/09/2026 17:36:53.849000;6.35386895113609e-05
17/09/2026 17:36:53.859000;6.56998424584826e-05
17/09/2026 17:36:53.869000;6.80387138875735e-05
17/09/2026 17:36:53.879000;7.04693178203942e-05
17/09/2026 17:36:53.889000;7.37770226276928e-05
17/09/2026 17:36:53.899000;7.81223609258009e-05
17/09/2026 17:36:53.909000;8.25594619281776e-05
17/09/2026 17:36:53.919000;8.46461747474067e-05
17/09/2026 17:36:53.929000;8.87279029280587e-05
17/09/2026 17:36:53.939000;9.45237871676383e-05
17/09/2026 17:36:53.949000;9.81870972169257e-05
17/09/2026 17:36:53.959000;9.73787587968089e-05
17/09/2026 17:36:53.969000;0.0001001878839738
17/09/2026 17:36:53.979000;9.87661206085414e-05
17/09/2026 17:36:53.989000;9.79004522315905e-05
17/09/2026 17:36:53.999000;9.85425372360688e-05
17/09/2026 17:36:54.009000;9.60888598770733e-05
17/09/2026 17:36:54.019000;8.79425115269162e-05
17/09/2026 17:36:54.029000;8.86132471690873e-05
17/09/2026 17:36:54.039000;8.69220779000863e-05
17/09/2026 17:36:54.049000;9.19669394151608e-05
17/09/2026 17:36:54.059000;6.29883709492634e-05
17/09/2026 17:36:54.069000;8.24161440724025e-05
17/09/2026 17:36:54.079000;8.81259604984823e-05
17/09/2026 17:36:54.089000;9.47531015318098e-05
17/09/2026 17:36:54.099000;0.000102658781114646
17/09/2026 17:36:54.109000;0.00010213708251701
17/09/2026 17:36:54.119000;0.000100119088875464
17/09/2026 17:36:54.129000;9.6656414975431e-05
17/09/2026 17:36:54.139000;9.56130313714969e-05
17/09/2026 17:36:54.149000;9.53837165972015e-05
17/09/2026 17:36:54.159000;8.9748340387415e-05
17/09/2026 17:36:54.169000;8.676156044805e-05
17/09/2026 17:36:54.179000;8.19632599289404e-05
17/09/2026 17:36:54.189000;7.6093002796112e-05
17/09/2026 17:36:54.199000;7.39776640325992e-05
17/09/2026 17:36:54.209000;6.73794720146458e-05
17/09/2026 17:36:54.219000;6.40144862758919e-05
17/09/2026 17:36:54.229000;6.02482524850665e-05
17/09/2026 17:36:54.239000;5.87807477623641e-05
17/09/2026 17:36:54.249000;5.81673779751162e-05
17/09/2026 17:36:54.259000;5.44585137828954e-05
17/09/2026 17:36:54.269000;5.50030901952955e-05
17/09/2026 17:36:54.279000;5.47050061878875e-05
17/09/2026 17:36:54.289000;5.49686958773168e-05
17/09/2026 17:36:54.299000;5.66196259156721e-05
17/09/2026 17:36:54.309000;5.70094296686509e-05
17/09/2026 17:36:54.319000;5.19821319821644e-05
17/09/2026 17:36:54.329000;5.72616557948649e-05
17/09/2026 17:36:54.339000;5.88036774892098e-05
17/09/2026 17:36:54.349000;6.56711798889894e-05
17/09/2026 17:36:54.359000;6.85890382302479e-05
17/09/2026 17:36:54.369000;7.27738168590806e-05
17/09/2026 17:36:54.379000;7.43445513895306e-05
17/09/2026 17:36:54.389000;7.63395062926955e-05
17/09/2026 17:36:54.399000;7.84089941203316e-05
17/09/2026 17:36:54.409000;7.25387803816563e-05
17/09/2026 17:36:54.419000;7.32324249507188e-05
17/09/2026 17:36:54.429000;7.2229220318413e-05
17/09/2026 17:36:54.439000;7.35133226228651e-05
17/09/2026 17:36:54.449000;7.93032907855223e-05
17/09/2026 17:36:54.459000;7.74516399183477e-05
17/09/2026 17:36:54.469000;7.55426698644213e-05
17/09/2026 17:36:54.479000;7.59496868678238e-05
17/09/2026 17:36:54.489000;7.82312815195934e-05
17/09/2026 17:36:54.499000;7.97447070603257e-05
17/09/2026 17:36:54.509000;7.96415188039476e-05
17/09/2026 17:36:54.519000;8.55691467677009e-05
17/09/2026 17:36:54.529000;8.85845832336165e-05
17/09/2026 17:36:54.539000;9.3291224333964e-05
17/09/2026 17:36:54.549000;9.84221462324162e-05
17/09/2026 17:36:54.559000;9.70863814050472e-05
17/09/2026 17:36:54.569000;0.000101191146942985
17/09/2026 17:36:54.579000;9.85310714248984e-05
17/09/2026 17:36:54.589000;9.70921142933729e-05
17/09/2026 17:36:54.599000;9.99986974770625e-05
17/09/2026 17:36:54.609000;9.61003256300057e-05
17/09/2026 17:36:54.619000;9.90699648454736e-05
17/09/2026 17:36:54.629000;0.000104172283546099
17/09/2026 17:36:54.639000;0.000107933128396837
17/09/2026 17:36:54.649000;0.000111946257478447
17/09/2026 17:36:54.659000;0.000112840616523574
17/09/2026 17:36:54.669000;0.000115426240812044
17/09/2026 17:36:54.679000;0.000116951249682711
17/09/2026 17:36:54.689000;0.000115735828687738
17/09/2026 17:36:54.699000;0.000116934050307578
17/09/2026 17:36:54.709000;0.000114480279093598
17/09/2026 17:36:54.719000;0.000118665457157281
17/09/2026 17:36:54.729000;0.000119640092894708
17/09/2026 17:36:54.739000;0.00011853932797093
17/09/2026 17:36:54.749000;0.000121033252114321
17/09/2026 17:36:54.759000;0.000116945516557598
17/09/2026 17:36:54.769000;0.000115420507705115
17/09/2026 17:36:54.779000;0.000112473699790995
17/09/2026 17:36:54.789000;0.000114348417910938
17/09/2026 17:36:54.799000;0.000117014314063462
17/09/2026 17:36:54.809000;0.000117209240383531
17/09/2026 17:36:54.819000;0.000118481996533526
17/09/2026 17:36:54.829000;0.000119571295013144
17/09/2026 17:36:54.839000;0.00012084979058713
17/09/2026 17:36:54.849000;0.000127035922570653
17/09/2026 17:36:54.859000;0.00012853803520952
17/09/2026 17:36:54.869000;0.000129174427857194
17/09/2026 17:36:54.879000;0.000127047389061573
17/09/2026 17:36:54.889000;0.000123653319687792
17/09/2026 17:36:54.899000;0.000121451773985214
17/09/2026 17:36:54.909000;0.000113454056061226
17/09/2026 17:36:54.919000;0.000113614582424574
17/09/2026 17:36:54.929000;0.000111888926827162
17/09/2026 17:36:54.939000;0.000110530192392517
17/09/2026 17:36:54.949000;0.000111556409184515
17/09/2026 17:36:54.959000;0.000106809458256271
17/09/2026 17:36:54.969000;0.00010380537342827
17/09/2026 17:36:54.979000;0.000102148548414171
17/09/2026 17:36:54.989000;9.99585670176273e-05
17/09/2026 17:36:54.999000;9.86915928061652e-05
17/09/2026 17:36:55.009000;0.000104900371640222
17/09/2026 17:36:55.019000;8.2582392789066e-05
17/09/2026 17:36:55.029000;0.000115305845580884
17/09/2026 17:36:55.039000;0.000142062993552582
17/09/2026 17:36:55.049000;0.000184159639400574
17/09/2026 17:36:55.059000;0.000229442589272165
17/09/2026 17:36:55.069000;0.000266305152810608
17/09/2026 17:36:55.079000;0.000287346983618959
17/09/2026 17:36:55.089000;0.000287478892248782
17/09/2026 17:36:55.099000;0.000268094446842178
17/09/2026 17:36:55.109000;0.000231088383976885
17/09/2026 17:36:55.119000;0.000189257127104808
17/09/2026 17:36:55.129000;0.000152136726043535
17/09/2026 17:36:55.139000;0.000124971958659465
17/09/2026 17:36:55.149000;0.000111487612459574
17/09/2026 17:36:55.159000;0.000103031423316663
17/09/2026 17:36:55.169000;0.000108431901188492
17/09/2026 17:36:55.179000;0.000126325000667658
17/09/2026 17:36:55.189000;0.000149912115851113
17/09/2026 17:36:55.199000;0.000168598014602824
17/09/2026 17:36:55.209000;0.000201310119494405
17/09/2026 17:36:55.219000;0.000224958257369943
17/09/2026 17:36:55.229000;0.00024102061653395
17/09/2026 17:36:55.239000;0.000245161018862758
17/09/2026 17:36:55.249000;0.000239042182024592
17/09/2026 17:36:55.259000;0.000216649164668274
17/09/2026 17:36:55.269000;0.000187691751115802
17/09/2026 17:36:55.279000;0.000162818438437833
17/09/2026 17:36:55.289000;0.000143530752482492
17/09/2026 17:36:55.299000;0.000135939735101063
17/09/2026 17:36:55.309000;0.000133136134362988
17/09/2026 17:36:55.319000;0.000141976992191733
17/09/2026 17:36:55.329000;0.000155639934608454
17/09/2026 17:36:55.339000;0.000177015220017983
17/09/2026 17:36:55.349000;0.000201814723290655
17/09/2026 17:36:55.359000;0.000217927918379704
17/09/2026 17:36:55.369000;0.000232390114091614
17/09/2026 17:36:55.379000;0.000233634502561662
17/09/2026 17:36:55.389000;0.000227315106903018
17/09/2026 17:36:55.399000;0.000218380930599909
17/09/2026 17:36:55.409000;0.000199595617369995
17/09/2026 17:36:55.419000;0.000182267447368342
17/09/2026 17:36:55.429000;0.000165415798893674
17/09/2026 17:36:55.439000;0.000153140097410577
17/09/2026 17:36:55.449000;0.000151144823835788
17/09/2026 17:36:55.459000;0.000151781246404355
17/09/2026 17:36:55.469000;0.000158564072593533
17/09/2026 17:36:55.479000;0.000171052062000532
17/09/2026 17:36:55.489000;0.000183551843572439
17/09/2026 17:36:55.499000;0.000198156357764494
17/09/2026 17:36:55.509000;0.000207468615666706
17/09/2026 17:36:55.519000;0.00021233697991117
17/09/2026 17:36:55.529000;0.000209355172640265
17/09/2026 17:36:55.539000;0.000203758599681899
17/09/2026 17:36:55.549000;0.000198660958251328
17/09/2026 17:36:55.559000;0.000185661930498319
17/09/2026 17:36:55.569000;0.000176029000319035
17/09/2026 17:36:55.579000;0.000167789557805543
17/09/2026 17:36:55.589000;0.000164813760452826
17/09/2026 17:36:55.599000;0.00016871842317829
17/09/2026 17:36:55.609000;0.000169779166693515
17/09/2026 17:36:55.619000;0.000176149410755271
17/09/2026 17:36:55.629000;0.000182605747821439
17/09/2026 17:36:55.639000;0.000187875238147567
17/09/2026 17:36:55.649000;0.000196384526158069
17/09/2026 17:36:55.659000;0.000199882322985223
17/09/2026 17:36:55.669000;0.000198420126134742
17/09/2026 17:36:55.679000;0.000194016360127613
17/09/2026 17:36:55.689000;0.000188104597035732
17/09/2026 17:36:55.699000;0.00018348877046446
17/09/2026 17:36:55.709000;0.000173185029258
17/09/2026 17:36:55.719000;0.000171854790503223
17/09/2026 17:36:55.729000;0.000171218341366048
17/09/2026 17:36:55.739000;0.000173064619564067
17/09/2026 17:36:55.749000;0.000178047312566611
17/09/2026 17:36:55.759000;0.000183505972220361
17/09/2026 17:36:55.769000;0.000189497954632334
17/09/2026 17:36:55.779000;0.000193293871118103
17/09/2026 17:36:55.789000;0.000196000343467126
17/09/2026 17:36:55.799000;0.000198425860231355
17/09/2026 17:36:55.809000;0.000196866188472888
17/09/2026 17:36:55.819000;0.0001935519027826
17/09/2026 17:36:55.829000;0.000186544958753538
17/09/2026 17:36:55.839000;0.000181963550554084
17/09/2026 17:36:55.849000;0.00017814478808847
17/09/2026 17:36:55.859000;0.000174538206939421
17/09/2026 17:36:55.869000;0.000173735473957093
17/09/2026 17:36:55.879000;0.000174687286069398
17/09/2026 17:36:55.889000;0.000178001441739632
17/09/2026 17:36:55.899000;0.000183884411005866
17/09/2026 17:36:55.909000;0.000189446348723425
17/09/2026 17:36:55.919000;0.000192967031208506
17/09/2026 17:36:55.929000;0.000192972765240093
17/09/2026 17:36:55.939000;0.000195667767654172
17/09/2026 17:36:55.949000;0.000195793917073388
17/09/2026 17:36:55.959000;0.000193345477439926
17/09/2026 17:36:55.969000;0.000187301841405771
17/09/2026 17:36:55.979000;0.000183144735475667
17/09/2026 17:36:55.989000;0.000178328271477336
17/09/2026 17:36:55.999000;0.000178712440049531
17/09/2026 17:36:56.009000;0.000177290444481016
17/09/2026 17:36:56.019000;0.00017967572975932
17/09/2026 17:36:56.029000;0.000179899350860791
17/09/2026 17:36:56.039000;0.000183265147693746
17/09/2026 17:36:56.049000;0.000187915375945098
17/09/2026 17:36:56.059000;0.000191579397574824
17/09/2026 17:36:56.069000;0.000193236530767018
17/09/2026 17:36:56.079000;0.000190988794391863
17/09/2026 17:36:56.089000;0.000189343136922222
17/09/2026 17:36:56.099000;0.000186694041605971
17/09/2026 17:36:56.109000;0.000185025463086197
17/09/2026 17:36:56.119000;0.000180478472658246
17/09/2026 17:36:56.129000;0.000177674612224068
17/09/2026 17:36:56.139000;0.000177399387541152
17/09/2026 17:36:56.149000;0.000177577136797519
17/09/2026 17:36:56.159000;0.000179744536241004
17/09/2026 17:36:56.169000;0.000183196340708294
17/09/2026 17:36:56.179000;0.000185386701243751
17/09/2026 17:36:56.189000;0.000188408497731057
17/09/2026 17:36:56.199000;0.000191212420754449
17/09/2026 17:36:56.209000;0.000190535807976087
17/09/2026 17:36:56.219000;0.000191126410602686
17/09/2026 17:36:56.229000;0.00018914818135817
17/09/2026 17:36:56.239000;0.000186252527138785
17/09/2026 17:36:56.249000;0.000186258261090306
17/09/2026 17:36:56.259000;0.00018390161277592
17/09/2026 17:36:56.269000;0.000181235345761792
17/09/2026 17:36:56.279000;0.000180266319047532
17/09/2026 17:36:56.289000;0.000179950955745129
17/09/2026 17:36:56.299000;0.000183173405048665
17/09/2026 17:36:56.309000;0.000185237618796635
17/09/2026 17:36:56.319000;0.000187410786734099
17/09/2026 17:36:56.329000;0.000187869504176764
17/09/2026 17:36:56.339000;0.000190300713928506
17/09/2026 17:36:56.349000;0.000190713562088369
17/09/2026 17:36:56.359000;0.000188827078248504
17/09/2026 17:36:56.369000;0.000187777760653224
17/09/2026 17:36:56.379000;0.000182789232912499
17/09/2026 17:36:56.389000;0.000182794966822723
17/09/2026 17:36:56.399000;0.000181866074258117
17/09/2026 17:36:56.409000;0.000180885578497699
17/09/2026 17:36:56.419000;0.000181109200161804
17/09/2026 17:36:56.429000;0.000180180310853638
17/09/2026 17:36:56.439000;0.00018161378276031
17/09/2026 17:36:56.449000;0.000183993355559935
17/09/2026 17:36:56.459000;0.000186814454712833
17/09/2026 17:36:56.469000;0.000188190606646997
17/09/2026 17:36:56.479000;0.000186711243476534
17/09/2026 17:36:56.489000;0.000185971563598009
17/09/2026 17:36:56.499000;0.000187158492327156
17/09/2026 17:36:56.509000;0.000185965829649906
17/09/2026 17:36:56.519000;0.000184182575107244
17/09/2026 17:36:56.529000;0.000181992220056658
17/09/2026 17:36:56.539000;0.000183259413777915
17/09/2026 17:36:56.549000;0.000183540375734009
17/09/2026 17:36:56.559000;0.000184159639400574
17/09/2026 17:36:56.569000;0.000185484178253394
17/09/2026 17:36:56.579000;0.000185036930960044
17/09/2026 17:36:56.589000;0.000186120646272671
17/09/2026 17:36:56.599000;0.000187513998120546
17/09/2026 17:36:56.609000;0.000187519732087109
17/09/2026 17:36:56.619000;0.000188712398618445
17/09/2026 17:36:56.629000;0.000186579362484612
17/09/2026 17:36:56.639000;0.000184366060799985
17/09/2026 17:36:56.649000;0.000185352297598007
17/09/2026 17:36:56.659000;0.000184813307469362
17/09/2026 17:36:56.669000;0.000184062162659432
17/09/2026 17:36:56.679000;0.000182336254220878
17/09/2026 17:36:56.689000;0.00018362065060876
17/09/2026 17:36:56.699000;0.000184979591593545
17/09/2026 17:36:56.709000;0.000185249086675542
17/09/2026 17:36:56.719000;0.000187376382943539
17/09/2026 17:36:56.729000;0.000185002527339324
17/09/2026 17:36:56.739000;0.000186596564351073
17/09/2026 17:36:56.749000;0.000187078216861798
17/09/2026 17:36:56.759000;0.000185782343346729
17/09/2026 17:36:56.769000;0.000186137848122722
17/09/2026 17:36:56.779000;0.000184583950151052
17/09/2026 17:36:56.789000;0.00018294978242461
17/09/2026 17:36:56.799000;0.000182141301497599
17/09/2026 17:36:56.809000;0.000183815603931803
17/09/2026 17:36:56.819000;0.000183511706139132
17/09/2026 17:36:56.829000;0.000182382125461371
17/09/2026 17:36:56.839000;0.000184526610838567
17/09/2026 17:36:56.849000;0.000185507114023241
17/09/2026 17:36:56.859000;0.000186315600609278
17/09/2026 17:36:56.869000;0.000187376382943539
17/09/2026 17:36:56.879000;0.000186137848122722
17/09/2026 17:36:56.889000;0.00018516881152894
17/09/2026 17:36:56.899000;0.000186923399930737
17/09/2026 17:36:56.909000;0.000184595418014369
17/09/2026 17:36:56.919000;0.000184515142976891
17/09/2026 17:36:56.929000;0.000182066760771351
17/09/2026 17:36:56.939000;0.000184475005463177
17/09/2026 17:36:56.949000;0.000185300692134005
17/09/2026 17:36:56.959000;0.000184933720105268
17/09/2026 17:36:56.969000;0.000186132114172636
17/09/2026 17:36:56.979000;0.00018516307759041
17/09/2026 17:36:56.989000;0.000185231884857284
17/09/2026 17:36:56.999000;0.000186630968085839
17/09/2026 17:36:57.009000;0.000186963537648818
17/09/2026 17:36:57.019000;0.000187456658458674
17/09/2026 17:36:57.029000;0.000184354592942138
17/09/2026 17:36:57.039000;0.000184819041403722
17/09/2026 17:36:57.049000;0.00018482477533815
17/09/2026 17:36:57.059000;0.000183913080622965
17/09/2026 17:36:57.069000;0.000184475005463177
17/09/2026 17:36:57.079000;0.000184033493033445
17/09/2026 17:36:57.089000;0.000184113767990517
17/09/2026 17:36:57.099000;0.000185294958193902
17/09/2026 17:36:57.109000;0.000185340829716639
17/09/2026 17:36:57.119000;0.000186149316023097
17/09/2026 17:36:57.129000;0.000186952069729025
17/09/2026 17:36:57.139000;0.000186682573692605
17/09/2026 17:36:57.149000;0.000187376382943539
17/09/2026 17:36:57.159000;0.000185375233361563
17/09/2026 17:36:57.169000;0.000185696334166217
17/09/2026 17:36:57.179000;0.000183219276369017
17/09/2026 17:36:57.189000;0.000182800700733015
17/09/2026 17:36:57.199000;0.00018511720608463
17/09/2026 17:36:57.209000;0.000184991059466298
17/09/2026 17:36:57.219000;0.000185363765479648
17/09/2026 17:36:57.229000;0.000185128673960664
17/09/2026 17:36:57.239000;0.000184274317944863
17/09/2026 17:36:57.249000;0.00018679151888063
17/09/2026 17:36:57.259000;0.000185719269946183
17/09/2026 17:36:57.269000;0.000185713536001089
17/09/2026 17:36:57.279000;0.000185157343651948
17/09/2026 17:36:57.289000;0.000184704362729524
17/09/2026 17:36:57.299000;0.000187588539691202
17/09/2026 17:36:57.309000;0.000185558719509395
17/09/2026 17:36:57.319000;0.000184968123721066
17/09/2026 17:36:57.329000;0.000181275483005092
17/09/2026 17:36:57.339000;0.000183936016317874
17/09/2026 17:36:57.349000;0.000185690600221396
17/09/2026 17:36:57.359000;0.000184085098361453
17/09/2026 17:36:57.369000;0.000184830509272646
17/09/2026 17:36:57.379000;0.000184945187976927
17/09/2026 17:36:57.389000;0.000185736471781875
17/09/2026 17:36:57.399000;0.000185214683039643
17/09/2026 17:36:57.409000;0.000186218123431095
17/09/2026 17:36:57.419000;0.000186040370980571
17/09/2026 17:36:57.429000;0.000183884411005866
17/09/2026 17:36:57.439000;0.000184583950151052
17/09/2026 17:36:57.449000;0.000186694041605971
17/09/2026 17:36:57.459000;0.000183505972220361
17/09/2026 17:36:57.469000;0.0001853236278951
17/09/2026 17:36:57.479000;0.000184475005463177
17/09/2026 17:36:57.489000;0.000184784637798591
17/09/2026 17:36:57.499000;0.000184463537602731
17/09/2026 17:36:57.509000;0.00018593715991042
17/09/2026 17:36:57.519000;0.000186137848122722
17/09/2026 17:36:57.529000;0.000187210097990535
17/09/2026 17:36:57.539000;0.000184119501916534
17/09/2026 17:36:57.549000;0.000185730737836576
17/09/2026 17:36:57.559000;0.00018516307759041
17/09/2026 17:36:57.569000;0.000184893582556616
17/09/2026 17:36:57.579000;0.000184595418014369
17/09/2026 17:36:57.589000;0.000183786934320516
17/09/2026 17:36:57.599000;0.000186350004323943
17/09/2026 17:36:57.609000;0.000184847711076544
17/09/2026 17:36:57.619000;0.000185048398834164
17/09/2026 17:36:57.629000;0.000184354592942138
17/09/2026 17:36:57.639000;0.000185684866276644
17/09/2026 17:36:57.649000;0.000185644728665294
17/09/2026 17:36:57.659000;0.000185616058944952
17/09/2026 17:36:57.669000;0.000185851150702216
17/09/2026 17:36:57.679000;0.000183655054130612
17/09/2026 17:36:57.689000;0.000182749095542847
17/09/2026 17:36:57.699000;0.000185312160014416
17/09/2026 17:36:57.709000;0.00018612638022262
17/09/2026 17:36:57.719000;0.00018516307759041
17/09/2026 17:36:57.729000;0.000183809870009409
17/09/2026 17:36:57.739000;0.000185054132771327
17/09/2026 17:36:57.749000;0.000184268584016999
17/09/2026 17:36:57.759000;0.000184773169930761
17/09/2026 17:36:57.769000;0.000186504821070395
17/09/2026 17:36:57.779000;0.000185925692015104
17/09/2026 17:36:57.789000;0.000185272022434175
17/09/2026 17:36:57.799000;0.000188431433640386
17/09/2026 17:36:57.809000;0.000186005967288059
17/09/2026 17:36:57.819000;0.000185128673960664
17/09/2026 17:36:57.829000;0.000184062162659432
17/09/2026 17:36:57.839000;0.000186063306776946
17/09/2026 17:36:57.849000;0.000186630968085839
17/09/2026 17:36:57.859000;0.000185191747283744
17/09/2026 17:36:57.869000;0.000185736471781875
17/09/2026 17:36:57.879000;0.000184222712596549
17/09/2026 17:36:57.889000;0.000184538078700517
17/09/2026 17:36:57.899000;0.000185742205727242
17/09/2026 17:36:57.909000;0.000185730737836576
17/09/2026 17:36:57.919000;0.000185908490172642
17/09/2026 17:36:57.929000;0.000184492207254358
17/09/2026 17:36:57.939000;0.000184996793402777
17/09/2026 17:36:57.949000;0.000184841977141843
17/09/2026 17:36:57.959000;0.000184927986169542
17/09/2026 17:36:57.969000;0.000185501380080677
17/09/2026 17:36:57.979000;0.000184446335812576
17/09/2026 17:36:57.989000;0.000185151609713554
17/09/2026 17:36:57.999000;0.000185392435184948
17/09/2026 17:36:58.009000;0.000185208949100566
17/09/2026 17:36:58.019000;0.000185994499391102
17/09/2026 17:36:58.029000;0.000184497941184889
17/09/2026 17:36:58.039000;0.000184813307469362
17/09/2026 17:36:58.049000;0.000187043813095032
17/09/2026 17:36:58.059000;0.000185151609713554
17/09/2026 17:36:58.069000;0.000186063306776946
17/09/2026 17:36:58.079000;0.000183276615525612
17/09/2026 17:36:58.089000;0.000184044960883635
17/09/2026 17:36:58.099000;0.000184434867952814
17/09/2026 17:36:58.109000;0.000185226150918002
17/09/2026 17:36:58.119000;0.000184750234195921
17/09/2026 17:36:58.129000;0.000183815603931803
17/09/2026 17:36:58.139000;0.000183890144929149
17/09/2026 17:36:58.149000;0.000184532344769508
17/09/2026 17:36:58.159000;0.000184159639400574
17/09/2026 17:36:58.169000;0.000185105738208868
17/09/2026 17:36:58.179000;0.000185489912195753
17/09/2026 17:36:58.189000;0.000185811013076986
17/09/2026 17:36:58.199000;0.000185363765479648
17/09/2026 17:36:58.209000;0.000184578216219495
17/09/2026 17:36:58.219000;0.000185833948862421
17/09/2026 17:36:58.229000;0.000185208949100566
17/09/2026 17:36:58.239000;0.000184039226958506
17/09/2026 17:36:58.249000;0.000183494504383026
17/09/2026 17:36:58.259000;0.000184325923298715
17/09/2026 17:36:58.269000;0.000186286930848938
17/09/2026 17:36:58.279000;0.000183161937219261
17/09/2026 17:36:58.289000;0.0001838442735448
17/09/2026 17:36:58.299000;0.000186367206182198
17/09/2026 17:36:58.309000;0.000184864912881059
17/09/2026 17:36:58.319000;0.000186160783923746
17/09/2026 17:36:58.329000;0.000185111472146715
17/09/2026 17:36:58.339000;0.000185002527339324
17/09/2026 17:36:58.349000;0.000186504821070395
17/09/2026 17:36:58.359000;0.000185140141836973
17/09/2026 17:36:58.369000;0.00018627546294528
17/09/2026 17:36:58.379000;0.000185667664442798
17/09/2026 17:36:58.389000;0.000184050694808832
17/09/2026 17:36:58.399000;0.000183741062946012
17/09/2026 17:36:58.409000;0.000184882114686188
17/09/2026 17:36:58.419000;0.000187244501769197
17/09/2026 17:36:58.429000;0.000185077068520662
17/09/2026 17:36:58.439000;0.000185272022434175
17/09/2026 17:36:58.449000;0.000185868352542626
17/09/2026 17:36:58.459000;0.000185300692134005
17/09/2026 17:36:58.469000;0.000186470417344654
17/09/2026 17:36:58.479000;0.000185524315851344
17/09/2026 17:36:58.489000;0.000184687160930754
17/09/2026 17:36:58.499000;0.000184050694808832
17/09/2026 17:36:58.509000;0.000185696334166217
17/09/2026 17:36:58.519000;0.000185140141836973
17/09/2026 17:36:58.529000;0.000185300692134005
17/09/2026 17:36:58.539000;0.000184698628796532
17/09/2026 17:36:58.549000;0.000186046104929562
17/09/2026 17:36:58.559000;0.000183649320210133
17/09/2026 17:36:58.569000;0.000185564453452643
17/09/2026 17:36:58.579000;0.000183936016317874
17/09/2026 17:36:58.589000;0.000184950921912859
17/09/2026 17:36:58.599000;0.000185593123169909
17/09/2026 17:36:58.609000;0.000184893582556616
17/09/2026 17:36:58.619000;0.000184790371732608
17/09/2026 17:36:58.629000;0.000185071334583225
17/09/2026 17:36:58.639000;0.000184434867952814
17/09/2026 17:36:58.649000;0.000185988765442726
17/09/2026 17:36:58.659000;0.000185776609400883
17/09/2026 17:36:58.669000;0.000187061014978107
17/09/2026 17:36:58.679000;0.000185914224120061
17/09/2026 17:36:58.689000;0.000184893582556616
17/09/2026 17:36:58.699000;0.000185260554554721
17/09/2026 17:36:58.709000;0.000185272022434175
17/09/2026 17:36:58.719000;0.00018601743518529
17/09/2026 17:36:58.729000;0.000184647023402682
17/09/2026 17:36:58.739000;0.000185140141836973
17/09/2026 17:36:58.749000;0.000186413077807221
17/09/2026 17:36:58.759000;0.000185501380080677
17/09/2026 17:36:58.769000;0.000185495646138181
17/09/2026 17:36:58.779000;0.000185432572775239
17/09/2026 17:36:58.789000;0.000185013995212624
17/09/2026 17:36:58.799000;0.000184796105666694
17/09/2026 17:36:58.809000;0.000184578216219495
17/09/2026 17:36:58.819000;0.000185799545184678
17/09/2026 17:36:58.829000;0.000184882114686188
17/09/2026 17:36:58.839000;0.000184945187976927
17/09/2026 17:36:58.849000;0.000186269728993554
17/09/2026 17:36:58.859000;0.00018414243762129
17/09/2026 17:36:58.869000;0.000186097710473561
17/09/2026 17:36:58.879000;0.000184297253657003
17/09/2026 17:36:58.889000;0.000184354592942138
17/09/2026 17:36:58.899000;0.000186751381176907
17/09/2026 17:36:58.909000;0.000185312160014416
17/09/2026 17:36:58.919000;0.000185145875775229
17/09/2026 17:36:58.929000;0.000185971563598009
17/09/2026 17:36:58.939000;0.000184044960883635
17/09/2026 17:36:58.949000;0.000183827071776797
17/09/2026 17:36:58.959000;0.000185684866276644
17/09/2026 17:36:58.969000;0.000186091976523954
17/09/2026 17:36:58.979000;0.000184343125084564
17/09/2026 17:36:58.989000;0.000184761702063204
17/09/2026 17:36:58.999000;0.00018601170123664
17/09/2026 17:36:59.009000;0.000185254820615097
17/09/2026 17:36:59.019000;0.000185363765479648
17/09/2026 17:36:59.029000;0.000184561014425237
17/09/2026 17:36:59.039000;0.000184228446523866
17/09/2026 17:36:59.049000;0.000184927986169542
17/09/2026 17:36:59.059000;0.00018390161277592
17/09/2026 17:36:59.069000;0.000185713536001089
17/09/2026 17:36:59.079000;0.000186430279667733
17/09/2026 17:36:59.089000;0.00018397041986229
17/09/2026 17:36:59.099000;0.000184927986169542
17/09/2026 17:36:59.109000;0.000184859178946152
17/09/2026 17:36:59.119000;0.000186200921578172
17/09/2026 17:36:59.129000;0.000185438306716983
17/09/2026 17:36:59.139000;0.000183999089484517
17/09/2026 17:36:59.149000;0.0001853236278951
17/09/2026 17:36:59.159000;0.000184486473323896
17/09/2026 17:36:59.169000;0.000185415370950419
17/09/2026 17:36:59.179000;0.000185197481222616
17/09/2026 17:36:59.189000;0.000184515142976891
17/09/2026 17:36:59.199000;0.000185358031538793
17/09/2026 17:36:59.209000;0.000186327068513893
17/09/2026 17:36:59.219000;0.000184509409046155
17/09/2026 17:36:59.229000;0.000186413077807221
17/09/2026 17:36:59.239000;0.00018504266489707
17/09/2026 17:36:59.249000;0.000185403903067546
17/09/2026 17:36:59.259000;0.000184039226958506
17/09/2026 17:36:59.269000;0.000186028903082794
17/09/2026 17:36:59.279000;0.000186539224798598
17/09/2026 17:36:59.289000;0.000185575921339344
17/09/2026 17:36:59.299000;0.000184383262587269
17/09/2026 17:36:59.309000;0.000183815603931803
17/09/2026 17:36:59.319000;0.000185822480969567
17/09/2026 17:36:59.329000;0.000186539224798598
17/09/2026 17:36:59.339000;0.000185203215161557
17/09/2026 17:36:59.349000;0.000185593123169909
17/09/2026 17:36:59.359000;0.000185667664442798
17/09/2026 17:36:59.369000;0.000186476151298773
17/09/2026 17:36:59.379000;0.000185885554383651
17/09/2026 17:36:59.389000;0.000185753673618183
17/09/2026 17:36:59.399000;0.000185444040658795
17/09/2026 17:36:59.409000;0.000184744500262382
17/09/2026 17:36:59.419000;0.000185977297546179
17/09/2026 17:36:59.429000;0.000185082802458166
17/09/2026 17:36:59.439000;0.000185444040658795
17/09/2026 17:36:59.449000;0.000185862618595754
17/09/2026 17:36:59.459000;0.000185082802458166
17/09/2026 17:36:59.469000;0.000184939454041064
17/09/2026 17:36:59.479000;0.00018593715991042
17/09/2026 17:36:59.489000;0.000184251382233817
17/09/2026 17:36:59.499000;0.000185180279406205
17/09/2026 17:36:59.509000;0.000184853445011314
17/09/2026 17:36:59.519000;0.000185426838833564
17/09/2026 17:36:59.529000;0.000185524315851344
17/09/2026 17:36:59.539000;0.00018460688587796
17/09/2026 17:36:59.549000;0.000184497941184889
17/09/2026 17:36:59.559000;0.000184291519728865
17/09/2026 17:36:59.569000;0.000186263995041896
17/09/2026 17:36:59.579000;0.000185403903067546
17/09/2026 17:36:59.589000;0.000184085098361453
17/09/2026 17:36:59.599000;0.00018371239333917
17/09/2026 17:36:59.609000;0.000184343125084564
17/09/2026 17:36:59.619000;0.000185495646138181
17/09/2026 17:36:59.629000;0.000186350004323943
17/09/2026 17:36:59.639000;0.00018504266489707
17/09/2026 17:36:59.649000;0.00018504266489707
17/09/2026 17:36:59.659000;0.000183861475313418
17/09/2026 17:36:59.669000;0.00018504266489707
17/09/2026 17:36:59.679000;0.000185845416755549
17/09/2026 17:36:59.689000;0.000184102300138686
17/09/2026 17:36:59.699000;0.000183855741390477
17/09/2026 17:36:59.709000;0.000184635555538134
17/09/2026 17:36:59.719000;0.00018612638022262
17/09/2026 17:36:59.729000;0.000187250235732547
17/09/2026 17:36:59.739000;0.000185604591057293
17/09/2026 17:36:59.749000;0.000183683723734036
17/09/2026 17:36:59.759000;0.000185306426074176
17/09/2026 17:36:59.769000;0.000187296107441806
17/09/2026 17:36:59.779000;0.000185983031494419
17/09/2026 17:36:59.789000;0.000185254820615097
17/09/2026 17:36:59.799000;0.000186344270371328
17/09/2026 17:36:59.809000;0.000184778903864642
17/09/2026 17:36:59.819000;0.000185593123169909
17/09/2026 17:36:59.829000;0.000185426838833564
17/09/2026 17:36:59.839000;0.000185237618796635
17/09/2026 17:36:59.849000;0.000184429134023035
17/09/2026 17:36:59.859000;0.000185082802458166
17/09/2026 17:36:59.869000;0.000185335095776057
17/09/2026 17:36:59.879000;0.000185495646138181
17/09/2026 17:36:59.889000;0.000183603448848756
17/09/2026 17:36:59.899000;0.000184096566212873
17/09/2026 17:36:59.909000;0.000184778903864642
17/09/2026 17:36:59.919000;0.000185656196553909
17/09/2026 17:36:59.929000;0.000185530049794181
17/09/2026 17:36:59.939000;0.000184698628796532
17/09/2026 17:36:59.949000;0.000184543812631595
17/09/2026 17:36:59.959000;0.000184847711076544
17/09/2026 17:36:59.969000;0.000184950921912859
17/09/2026 17:36:59.979000;0.000186160783923746
17/09/2026 17:36:59.989000;0.000184761702063204
17/09/2026 17:36:59.999000;0.000184354592942138
17/09/2026 17:37:00.009000;0.00018557018739596
17/09/2026 17:37:00.019000;0.000184916518298293
17/09/2026 17:37:00.029000;0.000186493353161541
17/09/2026 17:37:00.039000;0.000183861475313418
17/09/2026 17:37:00.049000;0.000184876380751076
17/09/2026 17:37:00.059000;0.000185065600645858
17/09/2026 17:37:00.069000;0.000186585096440031
17/09/2026 17:37:00.079000;0.000186745647219505
17/09/2026 17:37:00.089000;0.000184228446523866
17/09/2026 17:37:00.099000;0.000184738766328912
17/09/2026 17:37:00.109000;0.000184532344769508
17/09/2026 17:37:00.119000;0.000185891288330797
17/09/2026 17:37:00.129000;0.000185495646138181
17/09/2026 17:37:00.139000;0.000184583950151052
17/09/2026 17:37:00.149000;0.000184979591593545
17/09/2026 17:37:00.159000;0.000184945187976927
17/09/2026 17:37:00.169000;0.000184985325529887
17/09/2026 17:37:00.179000;0.000186189453676566
17/09/2026 17:37:00.189000;0.000184486473323896
17/09/2026 17:37:00.199000;0.000185730737836576
17/09/2026 17:37:00.209000;0.000184624087673859
17/09/2026 17:37:00.219000;0.000186235325284632
17/09/2026 17:37:00.229000;0.000186780050964938
17/09/2026 17:37:00.239000;0.000184738766328912
17/09/2026 17:37:00.249000;0.000184635555538134
17/09/2026 17:37:00.259000;0.000184629821605962
17/09/2026 17:37:00.269000;0.000186005967288059
17/09/2026 17:37:00.279000;0.000186625234129874
17/09/2026 17:37:00.289000;0.00018473303239551
17/09/2026 17:37:00.299000;0.000184859178946152
17/09/2026 17:37:00.309000;0.000185851150702216
17/09/2026 17:37:00.319000;0.000185621792888883
17/09/2026 17:37:00.329000;0.000187061014978107
17/09/2026 17:37:00.339000;0.000183976153786599
17/09/2026 17:37:00.349000;0.000185438306716983
17/09/2026 17:37:00.359000;0.000185925692015104
17/09/2026 17:37:00.369000;0.000185633260776952
17/09/2026 17:37:00.379000;0.000186023169134007
17/09/2026 17:37:00.389000;0.000183913080622965
17/09/2026 17:37:00.399000;0.000185793811238627
17/09/2026 17:37:00.409000;0.000185799545184678
17/09/2026 17:37:00.419000;0.000184985325529887
17/09/2026 17:37:00.429000;0.000184807573535071
17/09/2026 17:37:00.439000;0.000183821337854266
17/09/2026 17:37:00.449000;0.000184979591593545
17/09/2026 17:37:00.459000;0.000185759407563755
17/09/2026 17:37:00.469000;0.000185914224120061
17/09/2026 17:37:00.479000;0.000185547251623105
17/09/2026 17:37:00.489000;0.000184778903864642
17/09/2026 17:37:00.499000;0.00018589702227801
17/09/2026 17:37:00.509000;0.000185249086675542
17/09/2026 17:37:00.519000;0.000186166517874174
17/09/2026 17:37:00.529000;0.000185197481222616
17/09/2026 17:37:00.539000;0.000185059866708558
17/09/2026 17:37:00.549000;0.000185925692015104
17/09/2026 17:37:00.559000;0.000185719269946183
17/09/2026 17:37:00.569000;0.000186269728993554
17/09/2026 17:37:00.579000;0.00018589702227801
17/09/2026 17:37:00.589000;0.000184664225200017
17/09/2026 17:37:00.599000;0.000185380967302623
17/09/2026 17:37:00.609000;0.000184962389784928
17/09/2026 17:37:00.619000;0.000184457803672611
17/09/2026 17:37:00.629000;0.00018567913233196
17/09/2026 17:37:00.639000;0.000185340829716639
17/09/2026 17:37:00.649000;0.000185638994721088
17/09/2026 17:37:00.659000;0.000184578216219495
17/09/2026 17:37:00.669000;0.000187542667954046
17/09/2026 17:37:00.679000;0.000186269728993554
17/09/2026 17:37:00.689000;0.000184561014425237
17/09/2026 17:37:00.699000;0.00018510000427109
17/09/2026 17:37:00.709000;0.000183689457654926
17/09/2026 17:37:00.719000;0.000185438306716983
17/09/2026 17:37:00.729000;0.000186688307649254
17/09/2026 17:37:00.739000;0.000184262850089203
17/09/2026 17:37:00.749000;0.000184515142976891
17/09/2026 17:37:00.759000;0.000185272022434175
17/09/2026 17:37:00.769000;0.000185512847965873
17/09/2026 17:37:00.779000;0.00018511720608463
17/09/2026 17:37:00.789000;0.000183586247089368
17/09/2026 17:37:00.799000;0.000185203215161557
17/09/2026 17:37:00.809000;0.000185277756374004
17/09/2026 17:37:00.819000;0.000185346563657288
17/09/2026 17:37:00.829000;0.000186671105779511
17/09/2026 17:37:00.839000;0.000185455508542625
17/09/2026 17:37:00.849000;0.000185363765479648
17/09/2026 17:37:00.859000;0.000184073630510306
17/09/2026 17:37:00.869000;0.00018801858743985
17/09/2026 17:37:00.879000;0.000184796105666694
17/09/2026 17:37:00.889000;0.000184681426997967
17/09/2026 17:37:00.899000;0.000184985325529887
17/09/2026 17:37:00.909000;0.000183976153786599
17/09/2026 17:37:00.919000;0.000184916518298293
17/09/2026 17:37:00.929000;0.000185782343346729
17/09/2026 17:37:00.939000;0.000186080508624946
17/09/2026 17:37:00.949000;0.000185335095776057
17/09/2026 17:37:00.959000;0.000184188309034082
17/09/2026 17:37:00.969000;0.000185294958193902
17/09/2026 17:37:00.979000;0.000186177985775233
17/09/2026 17:37:00.989000;0.000183907346699408
17/09/2026 17:37:00.999000;0.000184991059466298
17/09/2026 17:37:01.009000;0.000184882114686188
17/09/2026 17:37:01.019000;0.000187439456561445
17/09/2026 17:37:01.029000;0.000186499087115934
17/09/2026 17:37:01.039000;0.000184153905474078
17/09/2026 17:37:01.049000;0.000185851150702216
17/09/2026 17:37:01.059000;0.000184624087673859
17/09/2026 17:37:01.069000;0.000187238767805916
17/09/2026 17:37:01.079000;0.000186223857382205
17/09/2026 17:37:01.089000;0.000187640145400733
17/09/2026 17:37:01.099000;0.000185031197023086
17/09/2026 17:37:01.109000;0.000185013995212624
17/09/2026 17:37:01.119000;0.000185690600221396
17/09/2026 17:37:01.129000;0.000186223857382205
17/09/2026 17:37:01.139000;0.000186051838878622
17/09/2026 17:37:01.149000;0.000185495646138181
17/09/2026 17:37:01.159000;0.000186344270371328
17/09/2026 17:37:01.169000;0.000185455508542625
17/09/2026 17:37:01.179000;0.000185512847965873
17/09/2026 17:37:01.189000;0.000184291519728865
17/09/2026 17:37:01.199000;0.000184744500262382
17/09/2026 17:37:01.209000;0.000184067896584835
17/09/2026 17:37:01.219000;0.000186825922629344
17/09/2026 17:37:01.229000;0.000184864912881059
17/09/2026 17:37:01.239000;0.000184641289470373
17/09/2026 17:37:01.249000;0.000185604591057293
17/09/2026 17:37:01.259000;0.000185082802458166
17/09/2026 17:37:01.269000;0.000185260554554721
17/09/2026 17:37:01.279000;0.000184280051872795
17/09/2026 17:37:01.289000;0.000184194042960989
17/09/2026 17:37:01.299000;0.000185702068111106
17/09/2026 17:37:01.309000;0.000184933720105268
17/09/2026 17:37:01.319000;0.000185702068111106
17/09/2026 17:37:01.329000;0.000186682573692605
17/09/2026 17:37:01.339000;0.00018397041986229
17/09/2026 17:37:01.349000;0.000185191747283744
17/09/2026 17:37:01.359000;0.000184910784362771
17/09/2026 17:37:01.369000;0.000186906198052585
17/09/2026 17:37:01.379000;0.000187124088554647
17/09/2026 17:37:01.389000;0.000183528907895853
17/09/2026 17:37:01.399000;0.000185358031538793
17/09/2026 17:37:01.409000;0.000184108034064567
17/09/2026 17:37:01.419000;0.00018557018739596
17/09/2026 17:37:01.429000;0.000185249086675542
17/09/2026 17:37:01.439000;0.000186682573692605
17/09/2026 17:37:01.449000;0.000184624087673859
17/09/2026 17:37:01.459000;0.000184612619809858
17/09/2026 17:37:01.469000;0.000185742205727242
17/09/2026 17:37:01.479000;0.000185524315851344
17/09/2026 17:37:01.489000;0.000183483036545963
17/09/2026 17:37:01.499000;0.000185593123169909
17/09/2026 17:37:01.509000;0.000184039226958506
17/09/2026 17:37:01.519000;0.000186200921578172
17/09/2026 17:37:01.529000;0.000185793811238627
17/09/2026 17:37:01.539000;0.000183718127260402
17/09/2026 17:37:01.549000;0.00018495665584886
17/09/2026 17:37:01.559000;0.000185455508542625
17/09/2026 17:37:01.569000;0.000186671105779511
17/09/2026 17:37:01.579000;0.000186097710473561
17/09/2026 17:37:01.589000;0.000185862618595754
17/09/2026 17:37:01.599000;0.000184503675115488
17/09/2026 17:37:01.609000;0.000184669959132598
17/09/2026 17:37:01.619000;0.000185581655282797
17/09/2026 17:37:01.629000;0.000186636702041873
17/09/2026 17:37:01.639000;0.000183683723734036
17/09/2026 17:37:01.649000;0.000185088536395739
17/09/2026 17:37:01.659000;0.000184245648306227
17/09/2026 17:37:01.669000;0.000185919958067548
17/09/2026 17:37:01.679000;0.000185650462609567
17/09/2026 17:37:01.689000;0.000184096566212873
17/09/2026 17:37:01.699000;0.000185266288494414
17/09/2026 17:37:01.709000;0.000185386701243751
17/09/2026 17:37:01.719000;0.000185954361753906
17/09/2026 17:37:01.729000;0.000185696334166217
17/09/2026 17:37:01.739000;0.000184647023402682
17/09/2026 17:37:01.749000;0.000185197481222616
17/09/2026 17:37:01.759000;0.00018446927153292
17/09/2026 17:37:01.769000;0.000186900464093337
17/09/2026 17:37:01.779000;0.00018557018739596
17/09/2026 17:37:01.789000;0.000184784637798591
17/09/2026 17:37:01.799000;0.000185610325001088
17/09/2026 17:37:01.809000;0.000185122940022613
17/09/2026 17:37:01.819000;0.000186722711390584
17/09/2026 17:37:01.829000;0.000186418811760657
17/09/2026 17:37:01.839000;0.000184394730445801
17/09/2026 17:37:01.849000;0.000184819041403722
17/09/2026 17:37:01.859000;0.00018346010087266
17/09/2026 17:37:01.869000;0.000186814454712833
17/09/2026 17:37:01.879000;0.000185260554554721
17/09/2026 17:37:01.889000;0.00018335689035633
17/09/2026 17:37:01.899000;0.000185484178253394
17/09/2026 17:37:01.909000;0.000184085098361453
17/09/2026 17:37:01.919000;0.000184629821605962
17/09/2026 17:37:01.929000;0.000185174545467538
17/09/2026 17:37:01.939000;0.000185231884857284
17/09/2026 17:37:01.949000;0.000185988765442726
17/09/2026 17:37:01.959000;0.000184847711076544
17/09/2026 17:37:01.969000;0.000185249086675542
17/09/2026 17:37:01.979000;0.000186040370980571
17/09/2026 17:37:01.989000;0.000184130969768775
17/09/2026 17:37:01.999000;0.000186527756888924
17/09/2026 17:37:02.009000;0.000184933720105268
17/09/2026 17:37:02.019000;0.000185237618796635
17/09/2026 17:37:02.029000;0.000184257116161476
17/09/2026 17:37:02.039000;0.000183953218089775
17/09/2026 17:37:02.049000;0.000185960095701872
17/09/2026 17:37:02.059000;0.000184331657227263
17/09/2026 17:37:02.069000;0.000185518581908574
17/09/2026 17:37:02.079000;0.000185765141509396
17/09/2026 17:37:02.089000;0.000186372940135087
17/09/2026 17:37:02.099000;0.000186114912322791
17/09/2026 17:37:02.109000;0.000185283490313902
17/09/2026 17:37:02.119000;0.000185696334166217
17/09/2026 17:37:02.129000;0.000185065600645858
17/09/2026 17:37:02.139000;0.000186172251824669
17/09/2026 17:37:02.149000;0.000185174545467538
17/09/2026 17:37:02.159000;0.00018612638022262
17/09/2026 17:37:02.169000;0.00018510000427109
17/09/2026 17:37:02.179000;0.000186091976523954
17/09/2026 17:37:02.189000;0.000185558719509395
17/09/2026 17:37:02.199000;0.000185122940022613
17/09/2026 17:37:02.209000;0.000185283490313902
17/09/2026 17:37:02.219000;0.000185799545184678
17/09/2026 17:37:02.229000;0.000186040370980571
17/09/2026 17:37:02.239000;0.000185501380080677
17/09/2026 17:37:02.249000;0.000186132114172636
17/09/2026 17:37:02.259000;0.000184348859013317
17/09/2026 17:37:02.269000;0.000185421104891957
17/09/2026 17:37:02.279000;0.000185656196553909
17/09/2026 17:37:02.289000;0.000186372940135087
17/09/2026 17:37:02.299000;0.000185696334166217
17/09/2026 17:37:02.309000;0.000185472710368881
17/09/2026 17:37:02.319000;0.000184027759108453
17/09/2026 17:37:02.329000;0.000185914224120061
17/09/2026 17:37:02.339000;0.000186223857382205
17/09/2026 17:37:02.349000;0.000185363765479648
17/09/2026 17:37:02.359000;0.000185380967302623
17/09/2026 17:37:02.369000;0.000185879820436574
17/09/2026 17:37:02.379000;0.000186298398752869
17/09/2026 17:37:02.389000;0.00018361491668869
17/09/2026 17:37:02.399000;0.000185547251623105
17/09/2026 17:37:02.409000;0.000185231884857284
17/09/2026 17:37:02.419000;0.000184922252233883
17/09/2026 17:37:02.429000;0.000186218123431095
17/09/2026 17:37:02.439000;0.000183666521971777
17/09/2026 17:37:02.449000;0.000184830509272646
17/09/2026 17:37:02.459000;0.000185249086675542
17/09/2026 17:37:02.469000;0.000185690600221396
17/09/2026 17:37:02.479000;0.000185220416978788
17/09/2026 17:37:02.489000;0.000185002527339324
17/09/2026 17:37:02.499000;0.000185294958193902
17/09/2026 17:37:02.509000;0.000184578216219495
17/09/2026 17:37:02.519000;0.000184916518298293
17/09/2026 17:37:02.529000;0.000185983031494419
17/09/2026 17:37:02.539000;0.000185564453452643
17/09/2026 17:37:02.549000;0.000185094270333381
17/09/2026 17:37:02.559000;0.000184796105666694
17/09/2026 17:37:02.569000;0.000184750234195921
17/09/2026 17:37:02.579000;0.00018446927153292
17/09/2026 17:37:02.589000;0.000183913080622965
17/09/2026 17:37:02.599000;0.000185736471781875
17/09/2026 17:37:02.609000;0.00018397041986229
17/09/2026 17:37:02.619000;0.000186235325284632
17/09/2026 17:37:02.629000;0.000186023169134007
17/09/2026 17:37:02.639000;0.000185426838833564
17/09/2026 17:37:02.649000;0.000185484178253394
17/09/2026 17:37:02.659000;0.000185220416978788
17/09/2026 17:37:02.669000;0.000184337391155879
17/09/2026 17:37:02.679000;0.000185868352542626
17/09/2026 17:37:02.689000;0.000184996793402777
17/09/2026 17:37:02.699000;0.000185644728665294
17/09/2026 17:37:02.709000;0.000184629821605962
17/09/2026 17:37:02.719000;0.000183689457654926
17/09/2026 17:37:02.729000;0.000185908490172642
17/09/2026 17:37:02.739000;0.000185226150918002
17/09/2026 17:37:02.749000;0.000186567894573981
17/09/2026 17:37:02.759000;0.000185019729149376
17/09/2026 17:37:02.769000;0.000185243352736054
17/09/2026 17:37:02.779000;0.000186613766218148
17/09/2026 17:37:02.789000;0.000186091976523954
17/09/2026 17:37:02.799000;0.000186218123431095
17/09/2026 17:37:02.809000;0.000183913080622965
17/09/2026 17:37:02.819000;0.000185226150918002
17/09/2026 17:37:02.829000;0.000185799545184678
17/09/2026 17:37:02.839000;0.000184251382233817
17/09/2026 17:37:02.849000;0.000185627526832883
17/09/2026 17:37:02.859000;0.000184933720105268
17/09/2026 17:37:02.869000;0.00018446927153292
17/09/2026 17:37:02.879000;0.000184968123721066
17/09/2026 17:37:02.889000;0.000186533490843727
17/09/2026 17:37:02.899000;0.000185564453452643
17/09/2026 17:37:02.909000;0.000185484178253394
17/09/2026 17:37:02.919000;0.00018348877046446
17/09/2026 17:37:02.929000;0.00018601743518529
17/09/2026 17:37:02.939000;0.000184910784362771
17/09/2026 17:37:02.949000;0.000186005967288059
17/09/2026 17:37:02.959000;0.000184520876907695
17/09/2026 17:37:02.969000;0.000185048398834164
17/09/2026 17:37:02.979000;0.000186510555024925
17/09/2026 17:37:02.989000;0.000184830509272646
17/09/2026 17:37:02.999000;0.000186367206182198
17/09/2026 17:37:03.009000;0.000184406198304605
17/09/2026 17:37:03.019000;0.000184618353741824
17/09/2026 17:37:03.029000;0.000186149316023097
17/09/2026 17:37:03.039000;0.000185484178253394
17/09/2026 17:37:03.049000;0.000186132114172636
17/09/2026 17:37:03.059000;0.000184796105666694
17/09/2026 17:37:03.069000;0.000184555280493955
17/09/2026 17:37:03.079000;0.000185260554554721
17/09/2026 17:37:03.089000;0.000183402761694186
17/09/2026 17:37:03.099000;0.000186338536418781
17/09/2026 17:37:03.109000;0.000185736471781875
17/09/2026 17:37:03.119000;0.000184440601882661
17/09/2026 17:37:03.129000;0.000186223857382205
17/09/2026 17:37:03.139000;0.000185919958067548
17/09/2026 17:37:03.149000;0.000185524315851344
17/09/2026 17:37:03.159000;0.000184813307469362
17/09/2026 17:37:03.169000;0.000184285785800796
17/09/2026 17:37:03.179000;0.000186137848122722
17/09/2026 17:37:03.189000;0.000186493353161541
17/09/2026 17:37:03.199000;0.000185231884857284
17/09/2026 17:37:03.209000;0.000184738766328912
17/09/2026 17:37:03.219000;0.000185306426074176
17/09/2026 17:37:03.229000;0.000184905050427318
17/09/2026 17:37:03.239000;0.000184893582556616
17/09/2026 17:37:03.249000;0.000185770875455106
17/09/2026 17:37:03.259000;0.000184905050427318
17/09/2026 17:37:03.269000;0.000184715830595713
17/09/2026 17:37:03.279000;0.00018510000427109
17/09/2026 17:37:03.289000;0.000185707802056063
17/09/2026 17:37:03.299000;0.000185375233361563
17/09/2026 17:37:03.309000;0.00018460115194613
17/09/2026 17:37:03.319000;0.000185392435184948
17/09/2026 17:37:03.329000;0.000184022025183529
17/09/2026 17:37:03.339000;0.000184996793402777
17/09/2026 17:37:03.349000;0.000185839682808951
17/09/2026 17:37:03.359000;0.000185495646138181
17/09/2026 17:37:03.369000;0.000185409637008948
17/09/2026 17:37:03.379000;0.00018504266489707
17/09/2026 17:37:03.389000;0.000185140141836973
17/09/2026 17:37:03.399000;0.000186407343853854
17/09/2026 17:37:03.409000;0.000184022025183529
17/09/2026 17:37:03.419000;0.000183282349441647
17/09/2026 17:37:03.429000;0.000184383262587269
17/09/2026 17:37:03.439000;0.000185340829716639
17/09/2026 17:37:03.449000;0.000185914224120061
17/09/2026 17:37:03.459000;0.000185300692134005
17/09/2026 17:37:03.469000;0.000183397027776715
17/09/2026 17:37:03.479000;0.000185851150702216
17/09/2026 17:37:03.489000;0.000185530049794181
17/09/2026 17:37:03.499000;0.000185673398387345
17/09/2026 17:37:03.509000;0.000184096566212873
17/09/2026 17:37:03.519000;0.000184813307469362
17/09/2026 17:37:03.529000;0.000186143582072875
17/09/2026 17:37:03.539000;0.000186005967288059
17/09/2026 17:37:03.549000;0.000185306426074176
17/09/2026 17:37:03.559000;0.000184251382233817
17/09/2026 17:37:03.569000;0.000184882114686188
17/09/2026 17:37:03.579000;0.000185340829716639
17/09/2026 17:37:03.589000;0.000185277756374004
17/09/2026 17:37:03.599000;0.000184681426997967
17/09/2026 17:37:03.609000;0.00018372959510307
17/09/2026 17:37:03.619000;0.000184612619809858
17/09/2026 17:37:03.629000;0.000186263995041896
17/09/2026 17:37:03.639000;0.000186223857382205
17/09/2026 17:37:03.649000;0.000186155049973388
17/09/2026 17:37:03.659000;0.000184251382233817
17/09/2026 17:37:03.669000;0.000185105738208868
17/09/2026 17:37:03.679000;0.000184652757335058
17/09/2026 17:37:03.689000;0.000186487619207217
17/09/2026 17:37:03.699000;0.00018601743518529
17/09/2026 17:37:03.709000;0.000185174545467538
17/09/2026 17:37:03.719000;0.000184893582556616
17/09/2026 17:37:03.729000;0.000186155049973388
17/09/2026 17:37:03.739000;0.000185283490313902
17/09/2026 17:37:03.749000;0.000186378674088044
17/09/2026 17:37:03.759000;0.000184612619809858
17/09/2026 17:37:03.769000;0.000185105738208868
17/09/2026 17:37:03.779000;0.00018495665584886
17/09/2026 17:37:03.789000;0.000184371794729012
17/09/2026 17:37:03.799000;0.000186120646272671
17/09/2026 17:37:03.809000;0.000185048398834164
17/09/2026 17:37:03.819000;0.000184113767990517
17/09/2026 17:37:03.829000;0.000186728445347712
17/09/2026 17:37:03.839000;0.000186051838878622
17/09/2026 17:37:03.849000;0.000185266288494414
17/09/2026 17:37:03.859000;0.000185914224120061
17/09/2026 17:37:03.869000;0.000184744500262382
17/09/2026 17:37:03.879000;0.000186585096440031
17/09/2026 17:37:03.889000;0.00018510000427109
17/09/2026 17:37:03.899000;0.000185811013076986
17/09/2026 17:37:03.909000;0.000184016291258673
17/09/2026 17:37:03.919000;0.00018441193223411
17/09/2026 17:37:03.929000;0.000185111472146715
17/09/2026 17:37:03.939000;0.000186315600609278
17/09/2026 17:37:03.949000;0.000185530049794181
17/09/2026 17:37:03.959000;0.000184297253657003
17/09/2026 17:37:03.969000;0.000185449774600676
17/09/2026 17:37:03.979000;0.000187708953022055
17/09/2026 17:37:03.989000;0.000185799545184678
17/09/2026 17:37:03.999000;0.000185122940022613
17/09/2026 17:37:04.009000;0.000183018589374781
17/09/2026 17:37:04.019000;0.000184526610838567
17/09/2026 17:37:04.029000;0.000185013995212624
17/09/2026 17:37:04.039000;0.000185358031538793
17/09/2026 17:37:04.049000;0.000185530049794181
17/09/2026 17:37:04.059000;0.000183265147693746
17/09/2026 17:37:04.069000;0.000185237618796635
17/09/2026 17:37:04.079000;0.000186527756888924
17/09/2026 17:37:04.089000;0.000185690600221396
17/09/2026 17:37:04.099000;0.000186395875947325
17/09/2026 17:37:04.109000;0.000185392435184948
17/09/2026 17:37:04.119000;0.000184979591593545
17/09/2026 17:37:04.129000;0.000187158492327156
17/09/2026 17:37:04.139000;0.000185306426074176
17/09/2026 17:37:04.149000;0.000185988765442726
17/09/2026 17:37:04.159000;0.000184624087673859
17/09/2026 17:37:04.169000;0.000183465834790883
17/09/2026 17:37:04.179000;0.000185885554383651
17/09/2026 17:37:04.189000;0.000184664225200017
17/09/2026 17:37:04.199000;0.000185346563657288
17/09/2026 17:37:04.209000;0.000186413077807221
17/09/2026 17:37:04.219000;0.000185002527339324
17/09/2026 17:37:04.229000;0.000185059866708558
17/09/2026 17:37:04.239000;0.000184933720105268
17/09/2026 17:37:04.249000;0.000185524315851344
17/09/2026 17:37:04.259000;0.000184388996516501
17/09/2026 17:37:04.269000;0.000185340829716639
17/09/2026 17:37:04.279000;0.000184463537602731
17/09/2026 17:37:04.289000;0.000186493353161541
17/09/2026 17:37:04.299000;0.000187158492327156
17/09/2026 17:37:04.309000;0.000184710096662585
17/09/2026 17:37:04.319000;0.000185340829716639
17/09/2026 17:37:04.329000;0.000184681426997967
17/09/2026 17:37:04.339000;0.000184016291258673
17/09/2026 17:37:04.349000;0.000185713536001089
17/09/2026 17:37:04.359000;0.000185788077292644
17/09/2026 17:37:04.369000;0.000184738766328912
17/09/2026 17:37:04.379000;0.000185862618595754
17/09/2026 17:37:04.389000;0.000185994499391102
17/09/2026 17:37:04.399000;0.000186418811760657
17/09/2026 17:37:04.409000;0.000185535783737087
17/09/2026 17:37:04.419000;0.000184618353741824
17/09/2026 17:37:04.429000;0.000184130969768775
17/09/2026 17:37:04.439000;0.000184864912881059
17/09/2026 17:37:04.449000;0.000186166517874174
17/09/2026 17:37:04.459000;0.000183821337854266
17/09/2026 17:37:04.469000;0.000185363765479648
17/09/2026 17:37:04.479000;0.000185065600645858
17/09/2026 17:37:04.489000;0.000184624087673859
17/09/2026 17:37:04.499000;0.000186562160618767
17/09/2026 17:37:04.509000;0.000184153905474078
17/09/2026 17:37:04.519000;0.00018495665584886
17/09/2026 17:37:04.529000;0.000186952069729025
17/09/2026 17:37:04.539000;0.000186132114172636
17/09/2026 17:37:04.549000;0.000185197481222616
17/09/2026 17:37:04.559000;0.000184819041403722
17/09/2026 17:37:04.569000;0.000183655054130612
17/09/2026 17:37:04.579000;0.000186888996175048
17/09/2026 17:37:04.589000;0.000184692894863609
17/09/2026 17:37:04.599000;0.000185036930960044
17/09/2026 17:37:04.609000;0.000184635555538134
17/09/2026 17:37:04.619000;0.000184188309034082
17/09/2026 17:37:04.629000;0.000185409637008948
17/09/2026 17:37:04.639000;0.000185707802056063
17/09/2026 17:37:04.649000;0.000186046104929562
17/09/2026 17:37:04.659000;0.000185587389226319
17/09/2026 17:37:04.669000;0.000185048398834164
17/09/2026 17:37:04.679000;0.000185300692134005
17/09/2026 17:37:04.689000;0.000185025463086197
17/09/2026 17:37:04.699000;0.000186223857382205
17/09/2026 17:37:04.709000;0.000184262850089203
17/09/2026 17:37:04.719000;0.000183936016317874
17/09/2026 17:37:04.729000;0.000185231884857284
17/09/2026 17:37:04.739000;0.000184962389784928
17/09/2026 17:37:04.749000;0.000185879820436574
17/09/2026 17:37:04.759000;0.000184905050427318
17/09/2026 17:37:04.769000;0.000184096566212873
17/09/2026 17:37:04.779000;0.000185283490313902
17/09/2026 17:37:04.789000;0.000184366060799985
17/09/2026 17:37:04.799000;0.000185507114023241
17/09/2026 17:37:04.809000;0.000185398169126213
17/09/2026 17:37:04.819000;0.000184251382233817
17/09/2026 17:37:04.829000;0.000184727298462176
17/09/2026 17:37:04.839000;0.000184692894863609
17/09/2026 17:37:04.849000;0.000186390141994163
17/09/2026 17:37:04.859000;0.000185140141836973
17/09/2026 17:37:04.869000;0.000184692894863609
17/09/2026 17:37:04.879000;0.000185604591057293
17/09/2026 17:37:04.889000;0.000185036930960044
17/09/2026 17:37:04.899000;0.000186155049973388
17/09/2026 17:37:04.909000;0.000185874086489566
17/09/2026 17:37:04.919000;0.000184939454041064
17/09/2026 17:37:04.929000;0.000184796105666694
17/09/2026 17:37:04.939000;0.000186023169134007
17/09/2026 17:37:04.949000;0.000186739913262172
17/09/2026 17:37:04.959000;0.000186046104929562
17/09/2026 17:37:04.969000;0.000184555280493955
17/09/2026 17:37:04.979000;0.000184159639400574
17/09/2026 17:37:04.989000;0.000185025463086197
17/09/2026 17:37:04.999000;0.000185530049794181
17/09/2026 17:37:05.009000;0.00018557018739596
17/09/2026 17:37:05.019000;0.000184572482288008
17/09/2026 17:37:05.029000;0.000187886706089377
17/09/2026 17:37:05.039000;0.000185082802458166
17/09/2026 17:37:05.049000;0.000186286930848938
17/09/2026 17:37:05.059000;0.000185799545184678
17/09/2026 17:37:05.069000;0.000184991059466298
17/09/2026 17:37:05.079000;0.000185638994721088
17/09/2026 17:37:05.089000;0.000185725003891345
17/09/2026 17:37:05.099000;0.000186940601809504
17/09/2026 17:37:05.109000;0.000186453215482706
17/09/2026 17:37:05.119000;0.000185403903067546
17/09/2026 17:37:05.129000;0.000184360326871027
17/09/2026 17:37:05.139000;0.000185977297546179
17/09/2026 17:37:05.149000;0.000186590830395517
17/09/2026 17:37:05.159000;0.000185340829716639
17/09/2026 17:37:05.169000;0.000185082802458166
17/09/2026 17:37:05.179000;0.000184090832287129
17/09/2026 17:37:05.189000;0.000184194042960989
17/09/2026 17:37:05.199000;0.000185237618796635
17/09/2026 17:37:05.209000;0.000184681426997967
17/09/2026 17:37:05.219000;0.000185197481222616
17/09/2026 17:37:05.229000;0.000186344270371328
17/09/2026 17:37:05.239000;0.0001853236278951
17/09/2026 17:37:05.249000;0.000187267437623006
17/09/2026 17:37:05.259000;0.000184280051872795
17/09/2026 17:37:05.269000;0.000185421104891957
17/09/2026 17:37:05.279000;0.00018601170123664
17/09/2026 17:37:05.289000;0.000184813307469362
17/09/2026 17:37:05.299000;0.000184761702063204
17/09/2026 17:37:05.309000;0.000185530049794181
17/09/2026 17:37:05.319000;0.000184905050427318
17/09/2026 17:37:05.329000;0.000186963537648818
17/09/2026 17:37:05.339000;0.000184664225200017
17/09/2026 17:37:05.349000;0.000186361472229378
17/09/2026 17:37:05.359000;0.000184939454041064
17/09/2026 17:37:05.369000;0.000184778903864642
17/09/2026 17:37:05.379000;0.000184434867952814
17/09/2026 17:37:05.389000;0.000185713536001089
17/09/2026 17:37:05.399000;0.000186413077807221
17/09/2026 17:37:05.409000;0.000184991059466298
17/09/2026 17:37:05.419000;0.000184561014425237
17/09/2026 17:37:05.429000;0.000184004823409167
17/09/2026 17:37:05.439000;0.000185501380080677
17/09/2026 17:37:05.449000;0.00018594289385818
17/09/2026 17:37:05.459000;0.000186304132704937
17/09/2026 17:37:05.469000;0.000183832805699396
17/09/2026 17:37:05.479000;0.000185036930960044
17/09/2026 17:37:05.489000;0.000184841977141843
17/09/2026 17:37:05.499000;0.000187485328288755
17/09/2026 17:37:05.509000;0.000186573628529262
17/09/2026 17:37:05.519000;0.000185197481222616
17/09/2026 17:37:05.529000;0.000185174545467538
17/09/2026 17:37:05.539000;0.000185535783737087
17/09/2026 17:37:05.549000;0.000186149316023097
17/09/2026 17:37:05.559000;0.000186350004323943
17/09/2026 17:37:05.569000;0.000185300692134005
17/09/2026 17:37:05.579000;0.000185421104891957
17/09/2026 17:37:05.589000;0.000185249086675542
17/09/2026 17:37:05.599000;0.000185805279130798
17/09/2026 17:37:05.609000;0.000185466976426727
17/09/2026 17:37:05.619000;0.000184870646816033
17/09/2026 17:37:05.629000;0.000184991059466298
17/09/2026 17:37:05.639000;0.000185495646138181
17/09/2026 17:37:05.649000;0.00018627546294528
17/09/2026 17:37:05.659000;0.000185610325001088
17/09/2026 17:37:05.669000;0.000185684866276644
17/09/2026 17:37:05.679000;0.000185145875775229
17/09/2026 17:37:05.689000;0.000185753673618183
17/09/2026 17:37:05.699000;0.000185461242484642
17/09/2026 17:37:05.709000;0.000186527756888924
17/09/2026 17:37:05.719000;0.000184807573535071
17/09/2026 17:37:05.729000;0.000184922252233883
17/09/2026 17:37:05.739000;0.000184010557333886
17/09/2026 17:37:05.749000;0.000185541517680062
17/09/2026 17:37:05.759000;0.000186487619207217
17/09/2026 17:37:05.769000;0.000183763998632717
17/09/2026 17:37:05.779000;0.00018511720608463
17/09/2026 17:37:05.789000;0.000184583950151052
17/09/2026 17:37:05.799000;0.000186281196897075
17/09/2026 17:37:05.809000;0.000186074774675544
17/09/2026 17:37:05.819000;0.000184538078700517
17/09/2026 17:37:05.829000;0.000186223857382205
17/09/2026 17:37:05.839000;0.00018495665584886
17/09/2026 17:37:05.849000;0.000186223857382205
17/09/2026 17:37:05.859000;0.00018557018739596
17/09/2026 17:37:05.869000;0.000186229591333385
17/09/2026 17:37:05.879000;0.000185793811238627
17/09/2026 17:37:05.889000;0.000184905050427318
17/09/2026 17:37:05.899000;0.000185702068111106
17/09/2026 17:37:05.909000;0.000186361472229378
17/09/2026 17:37:05.919000;0.000184228446523866
17/09/2026 17:37:05.929000;0.00018441193223411
17/09/2026 17:37:05.939000;0.000185398169126213
17/09/2026 17:37:05.949000;0.000187124088554647
17/09/2026 17:37:05.959000;0.000186900464093337
17/09/2026 17:37:05.969000;0.000185426838833564
17/09/2026 17:37:05.979000;0.000185535783737087
17/09/2026 17:37:05.989000;0.000184555280493955
17/09/2026 17:37:05.999000;0.00018612638022262
17/09/2026 17:37:06.009000;0.000186120646272671
17/09/2026 17:37:06.019000;0.000184652757335058
17/09/2026 17:37:06.029000;0.000184641289470373
17/09/2026 17:37:06.039000;0.000184991059466298
17/09/2026 17:37:06.049000;0.000184331657227263
17/09/2026 17:37:06.059000;0.000185145875775229
17/09/2026 17:37:06.069000;0.000183236478115278
17/09/2026 17:37:06.079000;0.000185667664442798
17/09/2026 17:37:06.089000;0.000185868352542626
17/09/2026 17:37:06.099000;0.000185885554383651
17/09/2026 17:37:06.109000;0.000185770875455106
17/09/2026 17:37:06.119000;0.000184778903864642
17/09/2026 17:37:06.129000;0.000185289224253868
17/09/2026 17:37:06.139000;0.000184171107253772
17/09/2026 17:37:06.149000;0.000186155049973388
17/09/2026 17:37:06.159000;0.000186315600609278
17/09/2026 17:37:06.169000;0.000184566748356588
17/09/2026 17:37:06.179000;0.000184159639400574
17/09/2026 17:37:06.189000;0.000184320189370236
17/09/2026 17:37:06.199000;0.000185656196553909
17/09/2026 17:37:06.209000;0.00018645894943662
17/09/2026 17:37:06.219000;0.000184864912881059
17/09/2026 17:37:06.229000;0.000186046104929562
17/09/2026 17:37:06.239000;0.000185392435184948
17/09/2026 17:37:06.249000;0.00018676858304952
17/09/2026 17:37:06.259000;0.000186436013621374
17/09/2026 17:37:06.269000;0.000184136703694998
17/09/2026 17:37:06.279000;0.000185082802458166
17/09/2026 17:37:06.289000;0.000184767435996948
17/09/2026 17:37:06.299000;0.000184669959132598
17/09/2026 17:37:06.309000;0.000185960095701872
17/09/2026 17:37:06.319000;0.000184985325529887
17/09/2026 17:37:06.329000;0.000185759407563755
17/09/2026 17:37:06.339000;0.000184704362729524
17/09/2026 17:37:06.349000;0.000186172251824669
17/09/2026 17:37:06.359000;0.000184343125084564
17/09/2026 17:37:06.369000;0.000184710096662585
17/09/2026 17:37:06.379000;0.000185048398834164
17/09/2026 17:37:06.389000;0.000185472710368881
17/09/2026 17:37:06.399000;0.000184675693065248
17/09/2026 17:37:06.409000;0.000184962389784928
17/09/2026 17:37:06.419000;0.000186028903082794
17/09/2026 17:37:06.429000;0.000184429134023035
17/09/2026 17:37:06.439000;0.000184578216219495
17/09/2026 17:37:06.449000;0.000185134407898784
17/09/2026 17:37:06.459000;0.000185914224120061
17/09/2026 17:37:06.469000;0.000185874086489566
17/09/2026 17:37:06.479000;0.000184790371732608
17/09/2026 17:37:06.489000;0.000186132114172636
17/09/2026 17:37:06.499000;0.000188110331009337
17/09/2026 17:37:06.509000;0.000186149316023097
17/09/2026 17:37:06.519000;0.000186372940135087
17/09/2026 17:37:06.529000;0.000185558719509395
17/09/2026 17:37:06.539000;0.000184796105666694
17/09/2026 17:37:06.549000;0.000184652757335058
17/09/2026 17:37:06.559000;0.00018589702227801
17/09/2026 17:37:06.569000;0.000183890144929149
17/09/2026 17:37:06.579000;0.000185552985566216
17/09/2026 17:37:06.589000;0.000184652757335058
17/09/2026 17:37:06.599000;0.000184819041403722
17/09/2026 17:37:06.609000;0.000187290373477909
17/09/2026 17:37:06.619000;0.000183574779250118
17/09/2026 17:37:06.629000;0.000185541517680062
17/09/2026 17:37:06.639000;0.000184027759108453
17/09/2026 17:37:06.649000;0.000185960095701872
17/09/2026 17:37:06.659000;0.000186309866657073
17/09/2026 17:37:06.669000;0.000185742205727242
17/09/2026 17:37:06.679000;0.000185598857113567
17/09/2026 17:37:06.689000;0.000183999089484517
17/09/2026 17:37:06.699000;0.000186688307649254
17/09/2026 17:37:06.709000;0.000186579362484612
17/09/2026 17:37:06.719000;0.000185363765479648
17/09/2026 17:37:06.729000;0.00018504266489707
17/09/2026 17:37:06.739000;0.000185421104891957
17/09/2026 17:37:06.749000;0.000183786934320516
17/09/2026 17:37:06.759000;0.000185495646138181
17/09/2026 17:37:06.769000;0.000185684866276644
17/09/2026 17:37:06.779000;0.000185742205727242
17/09/2026 17:37:06.789000;0.000185518581908574
17/09/2026 17:37:06.799000;0.00018716422628948
17/09/2026 17:37:06.809000;0.000185547251623105
17/09/2026 17:37:06.819000;0.000185082802458166
17/09/2026 17:37:06.829000;0.000185885554383651
17/09/2026 17:37:06.839000;0.000185128673960664
17/09/2026 17:37:06.849000;0.000185851150702216
17/09/2026 17:37:06.859000;0.000187215831953474
17/09/2026 17:37:06.869000;0.000184790371732608
17/09/2026 17:37:06.879000;0.000185249086675542
17/09/2026 17:37:06.889000;0.00018421124474212
17/09/2026 17:37:06.899000;0.000185071334583225
17/09/2026 17:37:06.909000;0.000185340829716639
17/09/2026 17:37:06.919000;0.000185673398387345
17/09/2026 17:37:06.929000;0.000186579362484612
17/09/2026 17:37:06.939000;0.000184153905474078
17/09/2026 17:37:06.949000;0.000185822480969567
17/09/2026 17:37:06.959000;0.000185874086489566
17/09/2026 17:37:06.969000;0.00018516881152894
17/09/2026 17:37:06.979000;0.000185306426074176
17/09/2026 17:37:06.989000;0.000184704362729524
17/09/2026 17:37:06.999000;0.00018414243762129
17/09/2026 17:37:07.009000;0.000187175694214334
17/09/2026 17:37:07.019000;0.000183626384528898
17/09/2026 17:37:07.029000;0.000185684866276644
17/09/2026 17:37:07.039000;0.000185627526832883
17/09/2026 17:37:07.049000;0.000184589684082676
17/09/2026 17:37:07.059000;0.00018601170123664
17/09/2026 17:37:07.069000;0.000185134407898784
17/09/2026 17:37:07.079000;0.000186063306776946
17/09/2026 17:37:07.089000;0.000184750234195921
17/09/2026 17:37:07.099000;0.000185002527339324
17/09/2026 17:37:07.109000;0.000185375233361563
17/09/2026 17:37:07.119000;0.000184463537602731
17/09/2026 17:37:07.129000;0.000184056428734098
17/09/2026 17:37:07.139000;0.000184922252233883
17/09/2026 17:37:07.149000;0.000184738766328912
17/09/2026 17:37:07.159000;0.000185466976426727
17/09/2026 17:37:07.169000;0.000184669959132598
17/09/2026 17:37:07.179000;0.000185770875455106
17/09/2026 17:37:07.189000;0.000183907346699408
17/09/2026 17:37:07.199000;0.000186074774675544
17/09/2026 17:37:07.209000;0.000186418811760657
17/09/2026 17:37:07.219000;0.000185713536001089
17/09/2026 17:37:07.229000;0.000185633260776952
17/09/2026 17:37:07.239000;0.000184864912881059
17/09/2026 17:37:07.249000;0.000184085098361453
17/09/2026 17:37:07.259000;0.000185530049794181
17/09/2026 17:37:07.269000;0.000184704362729524
17/09/2026 17:37:07.279000;0.000184899316491933
17/09/2026 17:37:07.289000;0.000184188309034082
17/09/2026 17:37:07.299000;0.000184165373327139
17/09/2026 17:37:07.309000;0.000185988765442726
17/09/2026 17:37:07.319000;0.000185415370950419
17/09/2026 17:37:07.329000;0.000186086242574416
17/09/2026 17:37:07.339000;0.00018446927153292
17/09/2026 17:37:07.349000;0.00018516307759041
17/09/2026 17:37:07.359000;0.000184819041403722
17/09/2026 17:37:07.369000;0.000185128673960664
17/09/2026 17:37:07.379000;0.000186848858463188
17/09/2026 17:37:07.389000;0.000185495646138181
17/09/2026 17:37:07.399000;0.000184882114686188
17/09/2026 17:37:07.409000;0.000186694041605971
17/09/2026 17:37:07.419000;0.000184750234195921
17/09/2026 17:37:07.429000;0.000185524315851344
17/09/2026 17:37:07.439000;0.00018294404851254
17/09/2026 17:37:07.449000;0.000183850007467604
17/09/2026 17:37:07.459000;0.000186212389480052
17/09/2026 17:37:07.469000;0.000186034637031648
17/09/2026 17:37:07.479000;0.000185725003891345
17/09/2026 17:37:07.489000;0.000184704362729524
17/09/2026 17:37:07.499000;0.000185329361835544
17/09/2026 17:37:07.509000;0.000186005967288059
17/09/2026 17:37:07.519000;0.000185455508542625
17/09/2026 17:37:07.529000;0.000185983031494419
17/09/2026 17:37:07.539000;0.00018500826127594
17/09/2026 17:37:07.549000;0.000185874086489566
17/09/2026 17:37:07.559000;0.000184664225200017
17/09/2026 17:37:07.569000;0.000184635555538134
17/09/2026 17:37:07.579000;0.000186424545714161
17/09/2026 17:37:07.589000;0.000183408495611726
17/09/2026 17:37:07.599000;0.000184647023402682
17/09/2026 17:37:07.609000;0.000186355738276626
17/09/2026 17:37:07.619000;0.000185661930498319
17/09/2026 17:37:07.629000;0.000185552985566216
17/09/2026 17:37:07.639000;0.000184664225200017
17/09/2026 17:37:07.649000;0.000183483036545963
17/09/2026 17:37:07.659000;0.000186080508624946
17/09/2026 17:37:07.669000;0.000185048398834164
17/09/2026 17:37:07.679000;0.00018504266489707
17/09/2026 17:37:07.689000;0.000185197481222616
17/09/2026 17:37:07.699000;0.000184480739393503
17/09/2026 17:37:07.709000;0.000185644728665294
17/09/2026 17:37:07.719000;0.000184996793402777
17/09/2026 17:37:07.729000;0.000185667664442798
17/09/2026 17:37:07.739000;0.000184692894863609
17/09/2026 17:37:07.749000;0.000185667664442798
17/09/2026 17:37:07.759000;0.000185317893954723
17/09/2026 17:37:07.769000;0.000185707802056063
17/09/2026 17:37:07.779000;0.000185157343651948
17/09/2026 17:37:07.789000;0.000184555280493955
17/09/2026 17:37:07.799000;0.000184744500262382
17/09/2026 17:37:07.809000;0.000185799545184678
17/09/2026 17:37:07.819000;0.000184859178946152
17/09/2026 17:37:07.829000;0.000185421104891957
17/09/2026 17:37:07.839000;0.000185696334166217
17/09/2026 17:37:07.849000;0.000185547251623105
17/09/2026 17:37:07.859000;0.00018473303239551
17/09/2026 17:37:07.869000;0.000185002527339324
17/09/2026 17:37:07.879000;0.000185633260776952
17/09/2026 17:37:07.889000;0.000184778903864642
17/09/2026 17:37:07.899000;0.000184348859013317
17/09/2026 17:37:07.909000;0.000184973857657271
17/09/2026 17:37:07.919000;0.000184452069742559
17/09/2026 17:37:07.929000;0.00018472156452891
17/09/2026 17:37:07.939000;0.000185759407563755
17/09/2026 17:37:07.949000;0.000184130969768775
17/09/2026 17:37:07.959000;0.000185260554554721
17/09/2026 17:37:07.969000;0.000185845416755549
17/09/2026 17:37:07.979000;0.000185816747023242
17/09/2026 17:37:07.989000;0.000183609182768689
17/09/2026 17:37:07.999000;0.000184486473323896
17/09/2026 17:37:08.009000;0.000186430279667733
17/09/2026 17:37:08.019000;0.000185197481222616
17/09/2026 17:37:08.029000;0.000184165373327139
17/09/2026 17:37:08.039000;0.000184991059466298
17/09/2026 17:37:08.049000;0.000183838539622064
17/09/2026 17:37:08.059000;0.000187330511226622
17/09/2026 17:37:08.069000;0.000185851150702216
17/09/2026 17:37:08.079000;0.000185380967302623
17/09/2026 17:37:08.089000;0.000185730737836576
17/09/2026 17:37:08.099000;0.000183976153786599
17/09/2026 17:37:08.109000;0.000184113767990517
17/09/2026 17:37:08.119000;0.000185914224120061
17/09/2026 17:37:08.129000;0.00018504266489707
17/09/2026 17:37:08.139000;0.000183735329024507
17/09/2026 17:37:08.149000;0.000185392435184948
17/09/2026 17:37:08.159000;0.000187020877251889
17/09/2026 17:37:08.169000;0.00018511720608463
17/09/2026 17:37:08.179000;0.000185673398387345
17/09/2026 17:37:08.189000;0.000184262850089203
17/09/2026 17:37:08.199000;0.000185530049794181
17/09/2026 17:37:08.209000;0.000184194042960989
17/09/2026 17:37:08.219000;0.000185375233361563
17/09/2026 17:37:08.229000;0.000184813307469362
17/09/2026 17:37:08.239000;0.000182296116889036
17/09/2026 17:37:08.249000;0.000184136703694998
17/09/2026 17:37:08.259000;0.000186252527138785
17/09/2026 17:37:08.269000;0.000185725003891345
17/09/2026 17:37:08.279000;0.000185260554554721
17/09/2026 17:37:08.289000;0.000183913080622965
17/09/2026 17:37:08.299000;0.000184526610838567
17/09/2026 17:37:08.309000;0.000184085098361453
17/09/2026 17:37:08.319000;0.000184394730445801
17/09/2026 17:37:08.329000;0.000185902756225292
17/09/2026 17:37:08.339000;0.000185547251623105
17/09/2026 17:37:08.349000;0.000183890144929149
17/09/2026 17:37:08.359000;0.000185621792888883
17/09/2026 17:37:08.369000;0.000185421104891957
17/09/2026 17:37:08.379000;0.00018446927153292
17/09/2026 17:37:08.389000;0.000182892443306988
17/09/2026 17:37:08.399000;0.000185013995212624
17/09/2026 17:37:08.409000;0.000185885554383651
17/09/2026 17:37:08.419000;0.000185208949100566
17/09/2026 17:37:08.429000;0.000185593123169909
17/09/2026 17:37:08.439000;0.000185151609713554
17/09/2026 17:37:08.449000;0.000184027759108453
17/09/2026 17:37:08.459000;0.000184492207254358
17/09/2026 17:37:08.469000;0.000185604591057293
17/09/2026 17:37:08.479000;0.000186688307649254
17/09/2026 17:37:08.489000;0.000185593123169909
17/09/2026 17:37:08.499000;0.00018516881152894
17/09/2026 17:37:08.509000;0.000187072482900499
17/09/2026 17:37:08.519000;0.000184887848621368
17/09/2026 17:37:08.529000;0.000186023169134007
17/09/2026 17:37:08.539000;0.000185002527339324
17/09/2026 17:37:08.549000;0.000184520876907695
17/09/2026 17:37:08.559000;0.000185277756374004
17/09/2026 17:37:08.569000;0.000185140141836973
17/09/2026 17:37:08.579000;0.000185461242484642
17/09/2026 17:37:08.589000;0.000185317893954723
17/09/2026 17:37:08.599000;0.00018441193223411
17/09/2026 17:37:08.609000;0.000188603452995221
17/09/2026 17:37:08.619000;0.000185656196553909
17/09/2026 17:37:08.629000;0.000185845416755549
17/09/2026 17:37:08.639000;0.000183041525027026
17/09/2026 17:37:08.649000;0.000184859178946152
17/09/2026 17:37:08.659000;0.000186137848122722
17/09/2026 17:37:08.669000;0.000184991059466298
17/09/2026 17:37:08.679000;0.000186780050964938
17/09/2026 17:37:08.689000;0.00018495665584886
17/09/2026 17:37:08.699000;0.000183316752939296
17/09/2026 17:37:08.709000;0.000186877528257032
17/09/2026 17:37:08.719000;0.00018594289385818
17/09/2026 17:37:08.729000;0.000185948627806009
17/09/2026 17:37:08.739000;0.000184239914378705
17/09/2026 17:37:08.749000;0.000184280051872795
17/09/2026 17:37:08.759000;0.000186298398752869
17/09/2026 17:37:08.769000;0.000184509409046155
17/09/2026 17:37:08.779000;0.000185191747283744
17/09/2026 17:37:08.789000;0.00018334542252255
17/09/2026 17:37:08.799000;0.000185266288494414
17/09/2026 17:37:08.809000;0.000185294958193902
17/09/2026 17:37:08.819000;0.000185358031538793
17/09/2026 17:37:08.829000;0.000186464683390603
17/09/2026 17:37:08.839000;0.000184830509272646
17/09/2026 17:37:08.849000;0.000184916518298293
17/09/2026 17:37:08.859000;0.000186390141994163
17/09/2026 17:37:08.869000;0.000185908490172642
17/09/2026 17:37:08.879000;0.000184761702063204
17/09/2026 17:37:08.889000;0.00018441193223411
17/09/2026 17:37:08.899000;0.000184463537602731
17/09/2026 17:37:08.909000;0.000188127532930565
17/09/2026 17:37:08.919000;0.000184985325529887
17/09/2026 17:37:08.929000;0.000184704362729524
17/09/2026 17:37:08.939000;0.000183723861181702
17/09/2026 17:37:08.949000;0.000184257116161476
17/09/2026 17:37:08.959000;0.00018700367537025
17/09/2026 17:37:08.969000;0.000184509409046155
17/09/2026 17:37:08.979000;0.000185977297546179
17/09/2026 17:37:08.989000;0.000185501380080677
17/09/2026 17:37:08.999000;0.000183293817273923
17/09/2026 17:37:09.009000;0.000187158492327156
17/09/2026 17:37:09.019000;0.000185564453452643
17/09/2026 17:37:09.029000;0.000186097710473561
17/09/2026 17:37:09.039000;0.000185432572775239
17/09/2026 17:37:09.049000;0.00018483624320721
17/09/2026 17:37:09.059000;0.000185971563598009
17/09/2026 17:37:09.069000;0.000185329361835544
17/09/2026 17:37:09.079000;0.000185816747023242
17/09/2026 17:37:09.089000;0.000186292664800869
17/09/2026 17:37:09.099000;0.000185891288330797
17/09/2026 17:37:09.109000;0.000186143582072875
17/09/2026 17:37:09.119000;0.000185558719509395
17/09/2026 17:37:09.129000;0.000185684866276644
17/09/2026 17:37:09.139000;0.000185283490313902
17/09/2026 17:37:09.149000;0.00018454954656274
17/09/2026 17:37:09.159000;0.000186705509519611
17/09/2026 17:37:09.169000;0.000184578216219495
17/09/2026 17:37:09.179000;0.000186728445347712
17/09/2026 17:37:09.189000;0.000185220416978788
17/09/2026 17:37:09.199000;0.000184406198304605
17/09/2026 17:37:09.209000;0.000186510555024925
17/09/2026 17:37:09.219000;0.000185868352542626
17/09/2026 17:37:09.229000;0.000185518581908574
17/09/2026 17:37:09.239000;0.00018567913233196
17/09/2026 17:37:09.249000;0.000185478444311104
17/09/2026 17:37:09.259000;0.000185025463086197
17/09/2026 17:37:09.269000;0.000185277756374004
17/09/2026 17:37:09.279000;0.000186327068513893
17/09/2026 17:37:09.289000;0.000184371794729012
17/09/2026 17:37:09.299000;0.000185931425962727
17/09/2026 17:37:09.309000;0.000185587389226319
17/09/2026 17:37:09.319000;0.000185283490313902
17/09/2026 17:37:09.329000;0.000185971563598009
17/09/2026 17:37:09.339000;0.000185312160014416
17/09/2026 17:37:09.349000;0.000183523173976877
17/09/2026 17:37:09.359000;0.000186573628529262
17/09/2026 17:37:09.369000;0.000185220416978788
17/09/2026 17:37:09.379000;0.000186229591333385
17/09/2026 17:37:09.389000;0.000185461242484642
17/09/2026 17:37:09.399000;0.000184463537602731
17/09/2026 17:37:09.409000;0.000185059866708558
17/09/2026 17:37:09.419000;0.000185455508542625
17/09/2026 17:37:09.429000;0.000185667664442798
17/09/2026 17:37:09.439000;0.000184475005463177
17/09/2026 17:37:09.449000;0.000184165373327139
17/09/2026 17:37:09.459000;0.00018676858304952
17/09/2026 17:37:09.469000;0.000184641289470373
17/09/2026 17:37:09.479000;0.000185203215161557
17/09/2026 17:37:09.489000;0.000185031197023086
17/09/2026 17:37:09.499000;0.000184159639400574
17/09/2026 17:37:09.509000;0.00018510000427109
17/09/2026 17:37:09.519000;0.000185077068520662
17/09/2026 17:37:09.529000;0.000186241059235948
17/09/2026 17:37:09.539000;0.000185208949100566
17/09/2026 17:37:09.549000;0.000184893582556616
17/09/2026 17:37:09.559000;0.000185415370950419
17/09/2026 17:37:09.569000;0.000184727298462176
17/09/2026 17:37:09.579000;0.000185380967302623
17/09/2026 17:37:09.589000;0.000184090832287129
17/09/2026 17:37:09.599000;0.00018414243762129
17/09/2026 17:37:09.609000;0.000185243352736054
17/09/2026 17:37:09.619000;0.000185759407563755
17/09/2026 17:37:09.629000;0.000186155049973388
17/09/2026 17:37:09.639000;0.000185358031538793
17/09/2026 17:37:09.649000;0.000185208949100566
17/09/2026 17:37:09.659000;0.000187250235732547
17/09/2026 17:37:09.669000;0.000186332802466303
17/09/2026 17:37:09.679000;0.000185449774600676
17/09/2026 17:37:09.689000;0.000186499087115934
17/09/2026 17:37:09.699000;0.000185306426074176
17/09/2026 17:37:09.709000;0.000185157343651948
17/09/2026 17:37:09.719000;0.000185598857113567
17/09/2026 17:37:09.729000;0.000185816747023242
17/09/2026 17:37:09.739000;0.000183316752939296
17/09/2026 17:37:09.749000;0.00018472156452891
17/09/2026 17:37:09.759000;0.00018483624320721
17/09/2026 17:37:09.769000;0.000185013995212624
17/09/2026 17:37:09.779000;0.000185770875455106
17/09/2026 17:37:09.789000;0.000184457803672611
17/09/2026 17:37:09.799000;0.000183953218089775
17/09/2026 17:37:09.809000;0.000185954361753906
17/09/2026 17:37:09.819000;0.00018454954656274
17/09/2026 17:37:09.829000;0.000185346563657288
17/09/2026 17:37:09.839000;0.000186665371823067
17/09/2026 17:37:09.849000;0.000184308721513483
17/09/2026 17:37:09.859000;0.000186132114172636
17/09/2026 17:37:09.869000;0.000184400464375169
17/09/2026 17:37:09.879000;0.000186241059235948
17/09/2026 17:37:09.889000;0.000183999089484517
17/09/2026 17:37:09.899000;0.000184027759108453
17/09/2026 17:37:09.909000;0.000186361472229378
17/09/2026 17:37:09.919000;0.000185627526832883
17/09/2026 17:37:09.929000;0.000186269728993554
17/09/2026 17:37:09.939000;0.000186728445347712
17/09/2026 17:37:09.949000;0.000185197481222616
17/09/2026 17:37:09.959000;0.000183861475313418
17/09/2026 17:37:09.969000;0.000185300692134005
17/09/2026 17:37:09.979000;0.000185249086675542
17/09/2026 17:37:09.989000;0.00018472156452891
17/09/2026 17:37:09.999000;0.000186309866657073
17/09/2026 17:37:10.009000;0.000183821337854266
17/09/2026 17:37:10.019000;0.000185145875775229
17/09/2026 17:37:10.029000;0.000185891288330797
17/09/2026 17:37:10.039000;0.000184388996516501
17/09/2026 17:37:10.049000;0.00018454954656274
17/09/2026 17:37:10.059000;0.000186074774675544
17/09/2026 17:37:10.069000;0.00018371239333917
17/09/2026 17:37:10.079000;0.000186860326380521
17/09/2026 17:37:10.089000;0.000184532344769508
17/09/2026 17:37:10.099000;0.000185082802458166
17/09/2026 17:37:10.109000;0.000185277756374004
17/09/2026 17:37:10.119000;0.000185105738208868
17/09/2026 17:37:10.129000;0.000186711243476534
17/09/2026 17:37:10.139000;0.000184543812631595
17/09/2026 17:37:10.149000;0.000184572482288008
17/09/2026 17:37:10.159000;0.000185702068111106
17/09/2026 17:37:10.169000;0.000185633260776952
17/09/2026 17:37:10.179000;0.000185983031494419
17/09/2026 17:37:10.189000;0.000185415370950419
17/09/2026 17:37:10.199000;0.000185438306716983
17/09/2026 17:37:10.209000;0.000183838539622064
17/09/2026 17:37:10.219000;0.000185495646138181
17/09/2026 17:37:10.229000;0.000185960095701872
17/09/2026 17:37:10.239000;0.000185988765442726
17/09/2026 17:37:10.249000;0.000184377528658106
17/09/2026 17:37:10.259000;0.000186871794298126
17/09/2026 17:37:10.269000;0.000185472710368881
17/09/2026 17:37:10.279000;0.000185598857113567
17/09/2026 17:37:10.289000;0.000185105738208868
17/09/2026 17:37:10.299000;0.000184939454041064
17/09/2026 17:37:10.309000;0.000184727298462176
17/09/2026 17:37:10.319000;0.000185294958193902
17/09/2026 17:37:10.329000;0.000185593123169909
17/09/2026 17:37:10.339000;0.000185289224253868
17/09/2026 17:37:10.349000;0.00018460688587796
17/09/2026 17:37:10.359000;0.000184583950151052
17/09/2026 17:37:10.369000;0.000184939454041064
17/09/2026 17:37:10.379000;0.000186934867849847
17/09/2026 17:37:10.389000;0.000185885554383651
17/09/2026 17:37:10.399000;0.000183890144929149
17/09/2026 17:37:10.409000;0.000184394730445801
17/09/2026 17:37:10.419000;0.0001853236278951
17/09/2026 17:37:10.429000;0.00018594289385818
17/09/2026 17:37:10.439000;0.000184595418014369
17/09/2026 17:37:10.449000;0.000184251382233817
17/09/2026 17:37:10.459000;0.000185266288494414
17/09/2026 17:37:10.469000;0.000185610325001088
17/09/2026 17:37:10.479000;0.000185874086489566
17/09/2026 17:37:10.489000;0.000187468126390501
17/09/2026 17:37:10.499000;0.000185455508542625
17/09/2026 17:37:10.509000;0.00018694633576923
17/09/2026 17:37:10.519000;0.000185444040658795
17/09/2026 17:37:10.529000;0.000186069040726211
17/09/2026 17:37:10.539000;0.000186332802466303
17/09/2026 17:37:10.549000;0.000184778903864642
17/09/2026 17:37:10.559000;0.000186183719725865
17/09/2026 17:37:10.569000;0.000183936016317874
17/09/2026 17:37:10.579000;0.00018679151888063
17/09/2026 17:37:10.589000;0.000185610325001088
17/09/2026 17:37:10.599000;0.000185294958193902
17/09/2026 17:37:10.609000;0.000184612619809858
17/09/2026 17:37:10.619000;0.000184543812631595
17/09/2026 17:37:10.629000;0.000185478444311104
17/09/2026 17:37:10.639000;0.000185633260776952
17/09/2026 17:37:10.649000;0.000184962389784928
17/09/2026 17:37:10.659000;0.000184830509272646
17/09/2026 17:37:10.669000;0.000185220416978788
17/09/2026 17:37:10.679000;0.000187376382943539
17/09/2026 17:37:10.689000;0.000185575921339344
17/09/2026 17:37:10.699000;0.000185151609713554
17/09/2026 17:37:10.709000;0.000185575921339344
17/09/2026 17:37:10.719000;0.00018516881152894
17/09/2026 17:37:10.729000;0.000186040370980571
17/09/2026 17:37:10.739000;0.000185684866276644
17/09/2026 17:37:10.749000;0.000185031197023086
17/09/2026 17:37:10.759000;0.000185524315851344
17/09/2026 17:37:10.769000;0.000184629821605962
17/09/2026 17:37:10.779000;0.000186120646272671
17/09/2026 17:37:10.789000;0.000186063306776946
17/09/2026 17:37:10.799000;0.000184870646816033
17/09/2026 17:37:10.809000;0.000184492207254358
17/09/2026 17:37:10.819000;0.00018441193223411
17/09/2026 17:37:10.829000;0.000186241059235948
17/09/2026 17:37:10.839000;0.000184492207254358
17/09/2026 17:37:10.849000;0.000184205510815008
17/09/2026 17:37:10.859000;0.000185788077292644
17/09/2026 17:37:10.869000;0.000185031197023086
17/09/2026 17:37:10.879000;0.000186206655529078
17/09/2026 17:37:10.889000;0.000187066748939269
17/09/2026 17:37:10.899000;0.000185231884857284
17/09/2026 17:37:10.909000;0.000185254820615097
17/09/2026 17:37:10.919000;0.000184819041403722
17/09/2026 17:37:10.929000;0.000185971563598009
17/09/2026 17:37:10.939000;0.000185988765442726
17/09/2026 17:37:10.949000;0.000185782343346729
17/09/2026 17:37:10.959000;0.000186086242574416
17/09/2026 17:37:10.969000;0.000184280051872795
17/09/2026 17:37:10.979000;0.000188316754104682
17/09/2026 17:37:10.989000;0.00018582821491596
17/09/2026 17:37:10.999000;0.000185868352542626
17/09/2026 17:37:11.009000;0.000184429134023035
17/09/2026 17:37:11.019000;0.000185375233361563
17/09/2026 17:37:11.029000;0.000187439456561445
17/09/2026 17:37:11.039000;0.000186046104929562
17/09/2026 17:37:11.049000;0.000184589684082676
17/09/2026 17:37:11.059000;0.000186619500173977
17/09/2026 17:37:11.069000;0.000184538078700517
17/09/2026 17:37:11.079000;0.000185174545467538
17/09/2026 17:37:11.089000;0.000186327068513893
17/09/2026 17:37:11.099000;0.000185352297598007
17/09/2026 17:37:11.109000;0.000184280051872795
17/09/2026 17:37:11.119000;0.000184130969768775
17/09/2026 17:37:11.129000;0.000185971563598009
17/09/2026 17:37:11.139000;0.000185742205727242
17/09/2026 17:37:11.149000;0.000184268584016999
17/09/2026 17:37:11.159000;0.000185558719509395
17/09/2026 17:37:11.169000;0.000184864912881059
17/09/2026 17:37:11.179000;0.000187250235732547
17/09/2026 17:37:11.189000;0.000186000233339546
17/09/2026 17:37:11.199000;0.000184417666163684
17/09/2026 17:37:11.209000;0.000185266288494414
17/09/2026 17:37:11.219000;0.000185036930960044
17/09/2026 17:37:11.229000;0.000186229591333385
17/09/2026 17:37:11.239000;0.0001870896847846
17/09/2026 17:37:11.249000;0.000185736471781875
17/09/2026 17:37:11.259000;0.000184755968129529
17/09/2026 17:37:11.269000;0.000184434867952814
17/09/2026 17:37:11.279000;0.000185811013076986
17/09/2026 17:37:11.289000;0.000184704362729524
17/09/2026 17:37:11.299000;0.000185208949100566
17/09/2026 17:37:11.309000;0.000185558719509395
17/09/2026 17:37:11.319000;0.000185277756374004
17/09/2026 17:37:11.329000;0.00018510000427109
17/09/2026 17:37:11.339000;0.000185707802056063
17/09/2026 17:37:11.349000;0.00018516307759041
17/09/2026 17:37:11.359000;0.000186682573692605
17/09/2026 17:37:11.369000;0.000185249086675542
17/09/2026 17:37:11.379000;0.000185919958067548
17/09/2026 17:37:11.389000;0.000185174545467538
17/09/2026 17:37:11.399000;0.000185077068520662
17/09/2026 17:37:11.409000;0.000184480739393503
17/09/2026 17:37:11.419000;0.00018414817154765
17/09/2026 17:37:11.429000;0.000185088536395739
17/09/2026 17:37:11.439000;0.000185805279130798
17/09/2026 17:37:11.449000;0.000184750234195921
17/09/2026 17:37:11.459000;0.000184813307469362
17/09/2026 17:37:11.469000;0.000184704362729524
17/09/2026 17:37:11.479000;0.000186120646272671
17/09/2026 17:37:11.489000;0.000186355738276626
17/09/2026 17:37:11.499000;0.000185340829716639
17/09/2026 17:37:11.509000;0.000184899316491933
17/09/2026 17:37:11.519000;0.000184429134023035
17/09/2026 17:37:11.529000;0.000185656196553909
17/09/2026 17:37:11.539000;0.000186028903082794
17/09/2026 17:37:11.549000;0.000184085098361453
17/09/2026 17:37:11.559000;0.000185277756374004
17/09/2026 17:37:11.569000;0.000184245648306227
17/09/2026 17:37:11.579000;0.000185604591057293
17/09/2026 17:37:11.589000;0.000186430279667733
17/09/2026 17:37:11.599000;0.000184325923298715
17/09/2026 17:37:11.609000;0.000186200921578172
17/09/2026 17:37:11.619000;0.00018472156452891
17/09/2026 17:37:11.629000;0.000185306426074176
17/09/2026 17:37:11.639000;0.000185770875455106
17/09/2026 17:37:11.649000;0.000185552985566216
17/09/2026 17:37:11.659000;0.000185816747023242
17/09/2026 17:37:11.669000;0.000184973857657271
17/09/2026 17:37:11.679000;0.000185088536395739
17/09/2026 17:37:11.689000;0.000184727298462176
17/09/2026 17:37:11.699000;0.000185340829716639
17/09/2026 17:37:11.709000;0.000185725003891345
17/09/2026 17:37:11.719000;0.000184417666163684
17/09/2026 17:37:11.729000;0.000185799545184678
17/09/2026 17:37:11.739000;0.000186716977433525
17/09/2026 17:37:11.749000;0.000184893582556616
17/09/2026 17:37:11.759000;0.000185277756374004
17/09/2026 17:37:11.769000;0.000183637852369378
17/09/2026 17:37:11.779000;0.000185644728665294
17/09/2026 17:37:11.789000;0.000185983031494419
17/09/2026 17:37:11.799000;0.000185547251623105
17/09/2026 17:37:11.809000;0.000184778903864642
17/09/2026 17:37:11.819000;0.000184039226958506
17/09/2026 17:37:11.829000;0.000185294958193902
17/09/2026 17:37:11.839000;0.000186642435997975
17/09/2026 17:37:11.849000;0.000185111472146715
17/09/2026 17:37:11.859000;0.000185426838833564
17/09/2026 17:37:11.869000;0.000185524315851344
17/09/2026 17:37:11.879000;0.000185604591057293
17/09/2026 17:37:11.889000;0.000186527756888924
17/09/2026 17:37:11.899000;0.00018495665584886
17/09/2026 17:37:11.909000;0.000184325923298715
17/09/2026 17:37:11.919000;0.000185036930960044
17/09/2026 17:37:11.929000;0.000185965829649906
17/09/2026 17:37:11.939000;0.000185742205727242
17/09/2026 17:37:11.949000;0.000184927986169542
17/09/2026 17:37:11.959000;0.000185638994721088
17/09/2026 17:37:11.969000;0.000185294958193902
17/09/2026 17:37:11.979000;0.000186206655529078
17/09/2026 17:37:11.989000;0.00018601170123664
17/09/2026 17:37:11.999000;0.000185507114023241
17/09/2026 17:37:12.009000;0.000185484178253394
17/09/2026 17:37:12.019000;0.000185633260776952
17/09/2026 17:37:12.029000;0.000186218123431095
17/09/2026 17:37:12.039000;0.000185151609713554
17/09/2026 17:37:12.049000;0.000185105738208868
17/09/2026 17:37:12.059000;0.000184509409046155
17/09/2026 17:37:12.069000;0.00018516307759041
17/09/2026 17:37:12.079000;0.00018516881152894
17/09/2026 17:37:12.089000;0.000185879820436574
17/09/2026 17:37:12.099000;0.000185048398834164
17/09/2026 17:37:12.109000;0.000184400464375169
17/09/2026 17:37:12.119000;0.000184624087673859
17/09/2026 17:37:12.129000;0.000184543812631595
17/09/2026 17:37:12.139000;0.000185788077292644
17/09/2026 17:37:12.149000;0.000185208949100566
17/09/2026 17:37:12.159000;0.000184991059466298
17/09/2026 17:37:12.169000;0.000184566748356588
17/09/2026 17:37:12.179000;0.000186166517874174
17/09/2026 17:37:12.189000;0.000185518581908574
17/09/2026 17:37:12.199000;0.00018516307759041
17/09/2026 17:37:12.209000;0.000184050694808832
17/09/2026 17:37:12.219000;0.000184509409046155
17/09/2026 17:37:12.229000;0.000185799545184678
17/09/2026 17:37:12.239000;0.000185392435184948
17/09/2026 17:37:12.249000;0.000185478444311104
17/09/2026 17:37:12.259000;0.000184887848621368
17/09/2026 17:37:12.269000;0.000185197481222616
17/09/2026 17:37:12.279000;0.000186562160618767
17/09/2026 17:37:12.289000;0.000186894730134158
17/09/2026 17:37:12.299000;0.000185627526832883
17/09/2026 17:37:12.309000;0.000184526610838567
17/09/2026 17:37:12.319000;0.000184962389784928
17/09/2026 17:37:12.329000;0.000185983031494419
17/09/2026 17:37:12.339000;0.000184704362729524
17/09/2026 17:37:12.349000;0.000186195187627335
17/09/2026 17:37:12.359000;0.000186298398752869
17/09/2026 17:37:12.369000;0.000184589684082676
17/09/2026 17:37:12.379000;0.000185203215161557
17/09/2026 17:37:12.389000;0.000186172251824669
17/09/2026 17:37:12.399000;0.000184755968129529
17/09/2026 17:37:12.409000;0.000185145875775229
17/09/2026 17:37:12.419000;0.000185931425962727
17/09/2026 17:37:12.429000;0.000186401609900555
17/09/2026 17:37:12.439000;0.00018683739054613
17/09/2026 17:37:12.449000;0.000184136703694998
17/09/2026 17:37:12.459000;0.000185157343651948
17/09/2026 17:37:12.469000;0.000184406198304605
17/09/2026 17:37:12.479000;0.000184841977141843
17/09/2026 17:37:12.489000;0.000186562160618767
17/09/2026 17:37:12.499000;0.000184652757335058
17/09/2026 17:37:12.509000;0.00018510000427109
17/09/2026 17:37:12.519000;0.000185598857113567
17/09/2026 17:37:12.529000;0.000188133266904444
17/09/2026 17:37:12.539000;0.000186091976523954
17/09/2026 17:37:12.549000;0.000184434867952814
17/09/2026 17:37:12.559000;0.000185581655282797
17/09/2026 17:37:12.569000;0.00018500826127594
17/09/2026 17:37:12.579000;0.000185421104891957
17/09/2026 17:37:12.589000;0.000186241059235948
17/09/2026 17:37:12.599000;0.00018460688587796
17/09/2026 17:37:12.609000;0.000185444040658795
17/09/2026 17:37:12.619000;0.000185535783737087
17/09/2026 17:37:12.629000;0.00018627546294528
17/09/2026 17:37:12.639000;0.000186940601809504
17/09/2026 17:37:12.649000;0.000184480739393503
17/09/2026 17:37:12.659000;0.000186063306776946
17/09/2026 17:37:12.669000;0.000184486473323896
17/09/2026 17:37:12.679000;0.000186481885252961
17/09/2026 17:37:12.689000;0.000186263995041896
17/09/2026 17:37:12.699000;0.000185048398834164
17/09/2026 17:37:12.709000;0.000186091976523954
17/09/2026 17:37:12.719000;0.000184687160930754
17/09/2026 17:37:12.729000;0.000186407343853854
17/09/2026 17:37:12.739000;0.000184796105666694
17/09/2026 17:37:12.749000;0.000184383262587269
17/09/2026 17:37:12.759000;0.000185214683039643
17/09/2026 17:37:12.769000;0.000184790371732608
17/09/2026 17:37:12.779000;0.000185495646138181
17/09/2026 17:37:12.789000;0.000184205510815008
17/09/2026 17:37:12.799000;0.00018483624320721
17/09/2026 17:37:12.809000;0.000184778903864642
17/09/2026 17:37:12.819000;0.000183339688605762
17/09/2026 17:37:12.829000;0.000184440601882661
17/09/2026 17:37:12.839000;0.000186355738276626
17/09/2026 17:37:12.849000;0.000184446335812576
17/09/2026 17:37:12.859000;0.000185598857113567
17/09/2026 17:37:12.869000;0.000185214683039643
17/09/2026 17:37:12.879000;0.000186332802466303
17/09/2026 17:37:12.889000;0.000186384408041069
17/09/2026 17:37:12.899000;0.00018421124474212
17/09/2026 17:37:12.909000;0.000185874086489566
17/09/2026 17:37:12.919000;0.000184320189370236
17/09/2026 17:37:12.929000;0.000185478444311104
17/09/2026 17:37:12.939000;0.000185902756225292
17/09/2026 17:37:12.949000;0.000185765141509396
17/09/2026 17:37:12.959000;0.000186160783923746
17/09/2026 17:37:12.969000;0.000186212389480052
17/09/2026 17:37:12.979000;0.000186046104929562
17/09/2026 17:37:12.989000;0.000186080508624946
17/09/2026 17:37:12.999000;0.000184446335812576
17/09/2026 17:37:13.009000;0.000186327068513893
17/09/2026 17:37:13.019000;0.000184520876907695
17/09/2026 17:37:13.029000;0.000185335095776057
17/09/2026 17:37:13.039000;0.000187129822516561
17/09/2026 17:37:13.049000;0.000184268584016999
17/09/2026 17:37:13.059000;0.000184343125084564
17/09/2026 17:37:13.069000;0.000185547251623105
17/09/2026 17:37:13.079000;0.00018557018739596
17/09/2026 17:37:13.089000;0.000186934867849847
17/09/2026 17:37:13.099000;0.000184738766328912
17/09/2026 17:37:13.109000;0.00018601170123664
17/09/2026 17:37:13.119000;0.000185002527339324
17/09/2026 17:37:13.129000;0.000186378674088044
17/09/2026 17:37:13.139000;0.000185788077292644
17/09/2026 17:37:13.149000;0.00018441193223411
17/09/2026 17:37:13.159000;0.000185036930960044
17/09/2026 17:37:13.169000;0.000184864912881059
17/09/2026 17:37:13.179000;0.000185552985566216
17/09/2026 17:37:13.189000;0.000185128673960664
17/09/2026 17:37:13.199000;0.000184698628796532
17/09/2026 17:37:13.209000;0.000186103444423236
17/09/2026 17:37:13.219000;0.000185077068520662
17/09/2026 17:37:13.229000;0.00018612638022262
17/09/2026 17:37:13.239000;0.000186642435997975
17/09/2026 17:37:13.249000;0.000187628677464803
17/09/2026 17:37:13.259000;0.000184899316491933
17/09/2026 17:37:13.269000;0.000184796105666694
17/09/2026 17:37:13.279000;0.000186384408041069
17/09/2026 17:37:13.289000;0.000184991059466298
17/09/2026 17:37:13.299000;0.000184692894863609
17/09/2026 17:37:13.309000;0.000185535783737087
17/09/2026 17:37:13.319000;0.000184973857657271
17/09/2026 17:37:13.329000;0.000187009409330728
17/09/2026 17:37:13.339000;0.000185289224253868
17/09/2026 17:37:13.349000;0.000184388996516501
17/09/2026 17:37:13.359000;0.00018483624320721
17/09/2026 17:37:13.369000;0.000185214683039643
17/09/2026 17:37:13.379000;0.000187043813095032
17/09/2026 17:37:13.389000;0.000185277756374004
17/09/2026 17:37:13.399000;0.00018460688587796
17/09/2026 17:37:13.409000;0.000184927986169542
17/09/2026 17:37:13.419000;0.00018511720608463
17/09/2026 17:37:13.429000;0.00018473303239551
17/09/2026 17:37:13.439000;0.000185633260776952
17/09/2026 17:37:13.449000;0.000184985325529887
17/09/2026 17:37:13.459000;0.000185002527339324
17/09/2026 17:37:13.469000;0.000185208949100566
17/09/2026 17:37:13.479000;0.000185965829649906
17/09/2026 17:37:13.489000;0.000186046104929562
17/09/2026 17:37:13.499000;0.000186177985775233
17/09/2026 17:37:13.509000;0.000185501380080677
17/09/2026 17:37:13.519000;0.000183867209236427
17/09/2026 17:37:13.529000;0.000185868352542626
17/09/2026 17:37:13.539000;0.000186401609900555
17/09/2026 17:37:13.549000;0.000184222712596549
17/09/2026 17:37:13.559000;0.000184492207254358
17/09/2026 17:37:13.569000;0.000184320189370236
17/09/2026 17:37:13.579000;0.000187147024402713
17/09/2026 17:37:13.589000;0.000185965829649906
17/09/2026 17:37:13.599000;0.000185713536001089
17/09/2026 17:37:13.609000;0.000185444040658795
17/09/2026 17:37:13.619000;0.000184400464375169
17/09/2026 17:37:13.629000;0.000185277756374004
17/09/2026 17:37:13.639000;0.000185931425962727
17/09/2026 17:37:13.649000;0.000185289224253868
17/09/2026 17:37:13.659000;0.000186504821070395
17/09/2026 17:37:13.669000;0.000184675693065248
17/09/2026 17:37:13.679000;0.000186241059235948
17/09/2026 17:37:13.689000;0.000185512847965873
17/09/2026 17:37:13.699000;0.000184440601882661
17/09/2026 17:37:13.709000;0.000186023169134007
17/09/2026 17:37:13.719000;0.000184016291258673
17/09/2026 17:37:13.729000;0.000186493353161541
17/09/2026 17:37:13.739000;0.000185707802056063
17/09/2026 17:37:13.749000;0.000184727298462176
17/09/2026 17:37:13.759000;0.000184715830595713
17/09/2026 17:37:13.769000;0.000184285785800796
17/09/2026 17:37:13.779000;0.000184968123721066
17/09/2026 17:37:13.789000;0.000185466976426727
17/09/2026 17:37:13.799000;0.000184377528658106
17/09/2026 17:37:13.809000;0.000185587389226319
17/09/2026 17:37:13.819000;0.000185833948862421
17/09/2026 17:37:13.829000;0.00018699794140984
17/09/2026 17:37:13.839000;0.000186321334561551
17/09/2026 17:37:13.849000;0.00018446927153292
17/09/2026 17:37:13.859000;0.000185874086489566
17/09/2026 17:37:13.869000;0.000184085098361453
17/09/2026 17:37:13.879000;0.000185105738208868
17/09/2026 17:37:13.889000;0.000185478444311104
17/09/2026 17:37:13.899000;0.000183924548470283
17/09/2026 17:37:13.909000;0.000186063306776946
17/09/2026 17:37:13.919000;0.00018483624320721
17/09/2026 17:37:13.929000;0.000186980739529022
17/09/2026 17:37:13.939000;0.00018582821491596
17/09/2026 17:37:13.949000;0.000186046104929562
17/09/2026 17:37:13.959000;0.00018605757282775
17/09/2026 17:37:13.969000;0.000183821337854266
17/09/2026 17:37:13.979000;0.000185822480969567
17/09/2026 17:37:13.989000;0.000186808720754679
17/09/2026 17:37:13.999000;0.000184492207254358
17/09/2026 17:37:14.009000;0.000184979591593545
17/09/2026 17:37:14.019000;0.000184778903864642
17/09/2026 17:37:14.029000;0.000185914224120061
17/09/2026 17:37:14.039000;0.000186069040726211
17/09/2026 17:37:14.049000;0.000185019729149376
17/09/2026 17:37:14.059000;0.000185587389226319
17/09/2026 17:37:14.069000;0.0001842169786693
17/09/2026 17:37:14.079000;0.000187147024402713
17/09/2026 17:37:14.089000;0.000185363765479648
17/09/2026 17:37:14.099000;0.000184360326871027
17/09/2026 17:37:14.109000;0.000184950921912859
17/09/2026 17:37:14.119000;0.000185048398834164
17/09/2026 17:37:14.129000;0.000185203215161557
17/09/2026 17:37:14.139000;0.000185369499420571
17/09/2026 17:37:14.149000;0.000184910784362771
17/09/2026 17:37:14.159000;0.000185627526832883
17/09/2026 17:37:14.169000;0.000184853445011314
17/09/2026 17:37:14.179000;0.000185742205727242
17/09/2026 17:37:14.189000;0.000185593123169909
17/09/2026 17:37:14.199000;0.000184520876907695
17/09/2026 17:37:14.209000;0.00018441193223411
17/09/2026 17:37:14.219000;0.000185392435184948
17/09/2026 17:37:14.229000;0.000187078216861798
17/09/2026 17:37:14.239000;0.000185013995212624
17/09/2026 17:37:14.249000;0.000186831656587703
17/09/2026 17:37:14.259000;0.000185742205727242
17/09/2026 17:37:14.269000;0.000184526610838567
17/09/2026 17:37:14.279000;0.000186103444423236
17/09/2026 17:37:14.289000;0.000186189453676566
17/09/2026 17:37:14.299000;0.000186384408041069
17/09/2026 17:37:14.309000;0.000185346563657288
17/09/2026 17:37:14.319000;0.000185621792888883
17/09/2026 17:37:14.329000;0.000185036930960044
17/09/2026 17:37:14.339000;0.000187181428176863
17/09/2026 17:37:14.349000;0.00018354610965319
17/09/2026 17:37:14.359000;0.000185254820615097
17/09/2026 17:37:14.369000;0.000184864912881059
17/09/2026 17:37:14.379000;0.000185977297546179
17/09/2026 17:37:14.389000;0.000186309866657073
17/09/2026 17:37:14.399000;0.000185386701243751
17/09/2026 17:37:14.409000;0.000184887848621368
17/09/2026 17:37:14.419000;0.000184887848621368
17/09/2026 17:37:14.429000;0.000185788077292644
17/09/2026 17:37:14.439000;0.000187244501769197
17/09/2026 17:37:14.449000;0.000184583950151052
17/09/2026 17:37:14.459000;0.000184434867952814
17/09/2026 17:37:14.469000;0.000185260554554721
17/09/2026 17:37:14.479000;0.00018612638022262
17/09/2026 17:37:14.489000;0.000186160783923746
17/09/2026 17:37:14.499000;0.000185983031494419
17/09/2026 17:37:14.509000;0.000186206655529078
17/09/2026 17:37:14.519000;0.000184429134023035
17/09/2026 17:37:14.529000;0.000184864912881059
17/09/2026 17:37:14.539000;0.000185409637008948
17/09/2026 17:37:14.549000;0.000186109178372979
17/09/2026 17:37:14.559000;0.000184440601882661
17/09/2026 17:37:14.569000;0.000183328220772392
17/09/2026 17:37:14.579000;0.000186143582072875
17/09/2026 17:37:14.589000;0.000186820188671054
17/09/2026 17:37:14.599000;0.00018495665584886
17/09/2026 17:37:14.609000;0.000185134407898784
17/09/2026 17:37:14.619000;0.000184710096662585
17/09/2026 17:37:14.629000;0.000186533490843727
17/09/2026 17:37:14.639000;0.000185610325001088
17/09/2026 17:37:14.649000;0.000184624087673859
17/09/2026 17:37:14.659000;0.000186378674088044
17/09/2026 17:37:14.669000;0.000185025463086197
17/09/2026 17:37:14.679000;0.000186160783923746
17/09/2026 17:37:14.689000;0.000186103444423236
17/09/2026 17:37:14.699000;0.000184033493033445
17/09/2026 17:37:14.709000;0.000184503675115488
17/09/2026 17:37:14.719000;0.000185707802056063
17/09/2026 17:37:14.729000;0.000184641289470373
17/09/2026 17:37:14.739000;0.000185914224120061
17/09/2026 17:37:14.749000;0.000184669959132598
17/09/2026 17:37:14.759000;0.000184698628796532
17/09/2026 17:37:14.769000;0.000184480739393503
17/09/2026 17:37:14.779000;0.000185948627806009
17/09/2026 17:37:14.789000;0.000185598857113567
17/09/2026 17:37:14.799000;0.000183299551190164
17/09/2026 17:37:14.809000;0.000184257116161476
17/09/2026 17:37:14.819000;0.00018483624320721
17/09/2026 17:37:14.829000;0.000185329361835544
17/09/2026 17:37:14.839000;0.000186367206182198
17/09/2026 17:37:14.849000;0.000186063306776946
17/09/2026 17:37:14.859000;0.000185610325001088
17/09/2026 17:37:14.869000;0.000184561014425237
17/09/2026 17:37:14.879000;0.000185358031538793
17/09/2026 17:37:14.889000;0.000186223857382205
17/09/2026 17:37:14.899000;0.000183884411005866
17/09/2026 17:37:14.909000;0.000184543812631595
17/09/2026 17:37:14.919000;0.000185025463086197
17/09/2026 17:37:14.929000;0.000185983031494419
17/09/2026 17:37:14.939000;0.000185478444311104
17/09/2026 17:37:14.949000;0.000186315600609278
17/09/2026 17:37:14.959000;0.000185340829716639
17/09/2026 17:37:14.969000;0.000185656196553909
17/09/2026 17:37:14.979000;0.000185742205727242
17/09/2026 17:37:14.989000;0.000186235325284632
17/09/2026 17:37:14.999000;0.000183878677082651
17/09/2026 17:37:15.009000;0.000186774317007195
17/09/2026 17:37:15.019000;0.00018396468593805
17/09/2026 17:37:15.029000;0.000185289224253868
17/09/2026 17:37:15.039000;0.000185312160014416
17/09/2026 17:37:15.049000;0.000185455508542625
17/09/2026 17:37:15.059000;0.000185541517680062
17/09/2026 17:37:15.069000;0.000183763998632717
17/09/2026 17:37:15.079000;0.000186315600609278
17/09/2026 17:37:15.089000;0.000185702068111106
17/09/2026 17:37:15.099000;0.00018351744005797
17/09/2026 17:37:15.109000;0.000185616058944952
17/09/2026 17:37:15.119000;0.000184979591593545
17/09/2026 17:37:15.129000;0.000185065600645858
17/09/2026 17:37:15.139000;0.000185799545184678
17/09/2026 17:37:15.149000;0.000185650462609567
17/09/2026 17:37:15.159000;0.000185983031494419
17/09/2026 17:37:15.169000;0.000185478444311104
17/09/2026 17:37:15.179000;0.000185845416755549
17/09/2026 17:37:15.189000;0.000185558719509395
17/09/2026 17:37:15.199000;0.000184348859013317
17/09/2026 17:37:15.209000;0.000185300692134005
17/09/2026 17:37:15.219000;0.000183855741390477
17/09/2026 17:37:15.229000;0.000186338536418781
17/09/2026 17:37:15.239000;0.000186590830395517
17/09/2026 17:37:15.249000;0.000184893582556616
17/09/2026 17:37:15.259000;0.000186177985775233
17/09/2026 17:37:15.269000;0.000184704362729524
17/09/2026 17:37:15.279000;0.000184658491267503
17/09/2026 17:37:15.289000;0.000185495646138181
17/09/2026 17:37:15.299000;0.000185759407563755
17/09/2026 17:37:15.309000;0.000184916518298293
17/09/2026 17:37:15.319000;0.000184194042960989
17/09/2026 17:37:15.329000;0.000186263995041896
17/09/2026 17:37:15.339000;0.000186143582072875
17/09/2026 17:37:15.349000;0.000186109178372979
17/09/2026 17:37:15.359000;0.000186235325284632
17/09/2026 17:37:15.369000;0.000184595418014369
17/09/2026 17:37:15.379000;0.000183505972220361
17/09/2026 17:37:15.389000;0.000186063306776946
17/09/2026 17:37:15.399000;0.000183993355559935
17/09/2026 17:37:15.409000;0.000184922252233883
17/09/2026 17:37:15.419000;0.000183953218089775
17/09/2026 17:37:15.429000;0.000184050694808832
17/09/2026 17:37:15.439000;0.000185753673618183
17/09/2026 17:37:15.449000;0.000185002527339324
17/09/2026 17:37:15.459000;0.000186424545714161
17/09/2026 17:37:15.469000;0.00018504266489707
17/09/2026 17:37:15.479000;0.000186143582072875
17/09/2026 17:37:15.489000;0.000184538078700517
17/09/2026 17:37:15.499000;0.000184853445011314
17/09/2026 17:37:15.509000;0.000185082802458166
17/09/2026 17:37:15.519000;0.000184813307469362
17/09/2026 17:37:15.529000;0.000186350004323943
17/09/2026 17:37:15.539000;0.000186177985775233
17/09/2026 17:37:15.549000;0.000183941750241773
17/09/2026 17:37:15.559000;0.000184847711076544
17/09/2026 17:37:15.569000;0.000185788077292644
17/09/2026 17:37:15.579000;0.000184331657227263
17/09/2026 17:37:15.589000;0.000185725003891345
17/09/2026 17:37:15.599000;0.000185484178253394
17/09/2026 17:37:15.609000;0.000186235325284632
17/09/2026 17:37:15.619000;0.000184526610838567
17/09/2026 17:37:15.629000;0.000185931425962727
17/09/2026 17:37:15.639000;0.000186453215482706
17/09/2026 17:37:15.649000;0.000184044960883635
17/09/2026 17:37:15.659000;0.000185157343651948
17/09/2026 17:37:15.669000;0.000184388996516501
17/09/2026 17:37:15.679000;0.000185782343346729
17/09/2026 17:37:15.689000;0.000185793811238627
17/09/2026 17:37:15.699000;0.000185283490313902
17/09/2026 17:37:15.709000;0.000185856884648951
17/09/2026 17:37:15.719000;0.000184440601882661
17/09/2026 17:37:15.729000;0.000185759407563755
17/09/2026 17:37:15.739000;0.000185702068111106
17/09/2026 17:37:15.749000;0.000184486473323896
17/09/2026 17:37:15.759000;0.000184962389784928
17/09/2026 17:37:15.769000;0.000184486473323896
17/09/2026 17:37:15.779000;0.000185593123169909
17/09/2026 17:37:15.789000;0.000184784637798591
17/09/2026 17:37:15.799000;0.00018482477533815
17/09/2026 17:37:15.809000;0.000185908490172642
17/09/2026 17:37:15.819000;0.000185134407898784
17/09/2026 17:37:15.829000;0.000185461242484642
17/09/2026 17:37:15.839000;0.000187210097990535
17/09/2026 17:37:15.849000;0.000183236478115278
17/09/2026 17:37:15.859000;0.000185994499391102
17/09/2026 17:37:15.869000;0.000184687160930754
17/09/2026 17:37:15.879000;0.000184916518298293
17/09/2026 17:37:15.889000;0.000186315600609278
17/09/2026 17:37:15.899000;0.000186155049973388
17/09/2026 17:37:15.909000;0.000185455508542625
17/09/2026 17:37:15.919000;0.000184790371732608
17/09/2026 17:37:15.929000;0.000185925692015104
17/09/2026 17:37:15.939000;0.000185770875455106
17/09/2026 17:37:15.949000;0.000184400464375169
17/09/2026 17:37:15.959000;0.000186218123431095
17/09/2026 17:37:15.969000;0.000185071334583225
17/09/2026 17:37:15.979000;0.000185793811238627
17/09/2026 17:37:15.989000;0.000185082802458166
17/09/2026 17:37:15.999000;0.000184297253657003
17/09/2026 17:37:16.009000;0.000185392435184948
17/09/2026 17:37:16.019000;0.000185765141509396
17/09/2026 17:37:16.029000;0.000186286930848938
17/09/2026 17:37:16.039000;0.000186246793187333
17/09/2026 17:37:16.049000;0.000185994499391102
17/09/2026 17:37:16.059000;0.000185375233361563
17/09/2026 17:37:16.069000;0.00018516881152894
17/09/2026 17:37:16.079000;0.000185352297598007
17/09/2026 17:37:16.089000;0.000185352297598007
17/09/2026 17:37:16.099000;0.000183236478115278
17/09/2026 17:37:16.109000;0.000184457803672611
17/09/2026 17:37:16.119000;0.00018557018739596
17/09/2026 17:37:16.129000;0.00018495665584886
17/09/2026 17:37:16.139000;0.000185994499391102
17/09/2026 17:37:16.149000;0.000185105738208868
17/09/2026 17:37:16.159000;0.000185294958193902
17/09/2026 17:37:16.169000;0.000183941750241773
17/09/2026 17:37:16.179000;0.000186585096440031
17/09/2026 17:37:16.189000;0.000186315600609278
17/09/2026 17:37:16.199000;0.000183683723734036
17/09/2026 17:37:16.209000;0.000185432572775239
17/09/2026 17:37:16.219000;0.000184429134023035
17/09/2026 17:37:16.229000;0.000185736471781875
17/09/2026 17:37:16.239000;0.000186028903082794
17/09/2026 17:37:16.249000;0.000184130969768775
17/09/2026 17:37:16.259000;0.000185914224120061
17/09/2026 17:37:16.269000;0.000184452069742559
17/09/2026 17:37:16.279000;0.000185249086675542
17/09/2026 17:37:16.289000;0.000186241059235948
17/09/2026 17:37:16.299000;0.000185891288330797
17/09/2026 17:37:16.309000;0.000185983031494419
17/09/2026 17:37:16.319000;0.000183230744199789
17/09/2026 17:37:16.329000;0.000186218123431095
17/09/2026 17:37:16.339000;0.000185707802056063
17/09/2026 17:37:16.349000;0.000184893582556616
17/09/2026 17:37:16.359000;0.00018627546294528
17/09/2026 17:37:16.369000;0.000184486473323896
17/09/2026 17:37:16.379000;0.000185833948862421
17/09/2026 17:37:16.389000;0.000185960095701872
17/09/2026 17:37:16.399000;0.000185054132771327
17/09/2026 17:37:16.409000;0.000185598857113567
17/09/2026 17:37:16.419000;0.000185134407898784
17/09/2026 17:37:16.429000;0.000184761702063204
17/09/2026 17:37:16.439000;0.000184933720105268
17/09/2026 17:37:16.449000;0.000184710096662585
17/09/2026 17:37:16.459000;0.000185254820615097
17/09/2026 17:37:16.469000;0.000185312160014416
17/09/2026 17:37:16.479000;0.000185180279406205
17/09/2026 17:37:16.489000;0.000185862618595754
17/09/2026 17:37:16.499000;0.000184234180451251
17/09/2026 17:37:16.509000;0.00018594289385818
17/09/2026 17:37:16.519000;0.000184910784362771
17/09/2026 17:37:16.529000;0.000184853445011314
17/09/2026 17:37:16.539000;0.000186005967288059
17/09/2026 17:37:16.549000;0.000185392435184948
17/09/2026 17:37:16.559000;0.000185851150702216
17/09/2026 17:37:16.569000;0.000184624087673859
17/09/2026 17:37:16.579000;0.00018473303239551
17/09/2026 17:37:16.589000;0.000186820188671054
17/09/2026 17:37:16.599000;0.000184916518298293
17/09/2026 17:37:16.609000;0.000186183719725865
17/09/2026 17:37:16.619000;0.000184641289470373
17/09/2026 17:37:16.629000;0.000184790371732608
17/09/2026 17:37:16.639000;0.000184870646816033
17/09/2026 17:37:16.649000;0.000184509409046155
17/09/2026 17:37:16.659000;0.000185885554383651
17/09/2026 17:37:16.669000;0.000185002527339324
17/09/2026 17:37:16.679000;0.000184870646816033
17/09/2026 17:37:16.689000;0.000185191747283744
17/09/2026 17:37:16.699000;0.000183706659418006
17/09/2026 17:37:16.709000;0.000185226150918002
17/09/2026 17:37:16.719000;0.000185403903067546
17/09/2026 17:37:16.729000;0.000185914224120061
17/09/2026 17:37:16.739000;0.000185375233361563
17/09/2026 17:37:16.749000;0.000185392435184948
17/09/2026 17:37:16.759000;0.000185220416978788
17/09/2026 17:37:16.769000;0.000184813307469362
17/09/2026 17:37:16.779000;0.000185077068520662
17/09/2026 17:37:16.789000;0.000185478444311104
17/09/2026 17:37:16.799000;0.000183798402164826
17/09/2026 17:37:16.809000;0.000185707802056063
17/09/2026 17:37:16.819000;0.000185249086675542
17/09/2026 17:37:16.829000;0.000185306426074176
17/09/2026 17:37:16.839000;0.000187015143291275
17/09/2026 17:37:16.849000;0.000185753673618183
17/09/2026 17:37:16.859000;0.000185025463086197
17/09/2026 17:37:16.869000;0.000184033493033445
17/09/2026 17:37:16.879000;0.000185811013076986
17/09/2026 17:37:16.889000;0.000186338536418781
17/09/2026 17:37:16.899000;0.000185598857113567
17/09/2026 17:37:16.909000;0.000184280051872795
17/09/2026 17:37:16.919000;0.000184578216219495
17/09/2026 17:37:16.929000;0.000185616058944952
17/09/2026 17:37:16.939000;0.000185788077292644
17/09/2026 17:37:16.949000;0.000186344270371328
17/09/2026 17:37:16.959000;0.000183809870009409
17/09/2026 17:37:16.969000;0.000183695191575885
17/09/2026 17:37:16.979000;0.000184446335812576
17/09/2026 17:37:16.989000;0.000184996793402777
17/09/2026 17:37:16.999000;0.000185839682808951
17/09/2026 17:37:17.009000;0.000185094270333381
17/09/2026 17:37:17.019000;0.000184578216219495
17/09/2026 17:37:17.029000;0.000185088536395739
17/09/2026 17:37:17.039000;0.000186390141994163
17/09/2026 17:37:17.049000;0.000184882114686188
17/09/2026 17:37:17.059000;0.000185495646138181
17/09/2026 17:37:17.069000;0.000184543812631595
17/09/2026 17:37:17.079000;0.000184062162659432
17/09/2026 17:37:17.089000;0.000184916518298293
17/09/2026 17:37:17.099000;0.000185134407898784
17/09/2026 17:37:17.109000;0.000185363765479648
17/09/2026 17:37:17.119000;0.000183907346699408
17/09/2026 17:37:17.129000;0.000185346563657288
17/09/2026 17:37:17.139000;0.000184538078700517
17/09/2026 17:37:17.149000;0.000186424545714161
17/09/2026 17:37:17.159000;0.000185363765479648
17/09/2026 17:37:17.169000;0.000185048398834164
17/09/2026 17:37:17.179000;0.000184715830595713
17/09/2026 17:37:17.189000;0.000185965829649906
17/09/2026 17:37:17.199000;0.000186504821070395
17/09/2026 17:37:17.209000;0.000185059866708558
17/09/2026 17:37:17.219000;0.000184841977141843
17/09/2026 17:37:17.229000;0.000185403903067546
17/09/2026 17:37:17.239000;0.000186642435997975
17/09/2026 17:37:17.249000;0.00018441193223411
17/09/2026 17:37:17.259000;0.000185931425962727
17/09/2026 17:37:17.269000;0.000184968123721066
17/09/2026 17:37:17.279000;0.000184784637798591
17/09/2026 17:37:17.289000;0.000186888996175048
17/09/2026 17:37:17.299000;0.00018589702227801
17/09/2026 17:37:17.309000;0.000184727298462176
17/09/2026 17:37:17.319000;0.000183872943159505
17/09/2026 17:37:17.329000;0.000184773169930761
17/09/2026 17:37:17.339000;0.000186281196897075
17/09/2026 17:37:17.349000;0.000185656196553909
17/09/2026 17:37:17.359000;0.000185736471781875
17/09/2026 17:37:17.369000;0.000184767435996948
17/09/2026 17:37:17.379000;0.000184429134023035
17/09/2026 17:37:17.389000;0.000186430279667733
17/09/2026 17:37:17.399000;0.000185805279130798
17/09/2026 17:37:17.409000;0.000185157343651948
17/09/2026 17:37:17.419000;0.000184440601882661
17/09/2026 17:37:17.429000;0.000185489912195753
17/09/2026 17:37:17.439000;0.00018473303239551
17/09/2026 17:37:17.449000;0.000186206655529078
17/09/2026 17:37:17.459000;0.000185231884857284
17/09/2026 17:37:17.469000;0.000183305285106473
17/09/2026 17:37:17.479000;0.000185535783737087
17/09/2026 17:37:17.489000;0.000186539224798598
17/09/2026 17:37:17.499000;0.000185289224253868
17/09/2026 17:37:17.509000;0.00018627546294528
17/09/2026 17:37:17.519000;0.000184962389784928
17/09/2026 17:37:17.529000;0.000185329361835544
17/09/2026 17:37:17.539000;0.000185661930498319
17/09/2026 17:37:17.549000;0.000184738766328912
17/09/2026 17:37:17.559000;0.000184750234195921
17/09/2026 17:37:17.569000;0.000183695191575885
17/09/2026 17:37:17.579000;0.000186212389480052
17/09/2026 17:37:17.589000;0.000185747939672678
17/09/2026 17:37:17.599000;0.000187015143291275
17/09/2026 17:37:17.609000;0.000185363765479648
17/09/2026 17:37:17.619000;0.000185048398834164
17/09/2026 17:37:17.629000;0.000184486473323896
17/09/2026 17:37:17.639000;0.000186155049973388
17/09/2026 17:37:17.649000;0.000185965829649906
17/09/2026 17:37:17.659000;0.000185243352736054
17/09/2026 17:37:17.669000;0.000183827071776797
17/09/2026 17:37:17.679000;0.000184658491267503
17/09/2026 17:37:17.689000;0.000186453215482706
17/09/2026 17:37:17.699000;0.000185765141509396
17/09/2026 17:37:17.709000;0.000184916518298293
17/09/2026 17:37:17.719000;0.000185793811238627
17/09/2026 17:37:17.729000;0.000187210097990535
17/09/2026 17:37:17.739000;0.00018594289385818
17/09/2026 17:37:17.749000;0.000185191747283744
17/09/2026 17:37:17.759000;0.00018582821491596
17/09/2026 17:37:17.769000;0.000185696334166217
17/09/2026 17:37:17.779000;0.000185226150918002
17/09/2026 17:37:17.789000;0.00018557018739596
17/09/2026 17:37:17.799000;0.000183809870009409
17/09/2026 17:37:17.809000;0.00018601170123664
17/09/2026 17:37:17.819000;0.000184044960883635
17/09/2026 17:37:17.829000;0.000185346563657288
17/09/2026 17:37:17.839000;0.000185358031538793
17/09/2026 17:37:17.849000;0.000184675693065248
17/09/2026 17:37:17.859000;0.000185237618796635
17/09/2026 17:37:17.869000;0.000184612619809858
17/09/2026 17:37:17.879000;0.000186802986796594
17/09/2026 17:37:17.889000;0.000185713536001089
17/09/2026 17:37:17.899000;0.000184371794729012
17/09/2026 17:37:17.909000;0.000185839682808951
17/09/2026 17:37:17.919000;0.000183890144929149
17/09/2026 17:37:17.929000;0.000185501380080677
17/09/2026 17:37:17.939000;0.00018612638022262
17/09/2026 17:37:17.949000;0.000185145875775229
17/09/2026 17:37:17.959000;0.000185759407563755
17/09/2026 17:37:17.969000;0.000184205510815008
17/09/2026 17:37:17.979000;0.000184228446523866
17/09/2026 17:37:17.989000;0.000185524315851344
17/09/2026 17:37:17.999000;0.000185266288494414
17/09/2026 17:37:18.009000;0.000186493353161541
17/09/2026 17:37:18.019000;0.00018414243762129
17/09/2026 17:37:18.029000;0.000184870646816033
17/09/2026 17:37:18.039000;0.000186263995041896
17/09/2026 17:37:18.049000;0.000184056428734098
17/09/2026 17:37:18.059000;0.000185317893954723
17/09/2026 17:37:18.069000;0.000185237618796635
17/09/2026 17:37:18.079000;0.000184767435996948
17/09/2026 17:37:18.089000;0.000186143582072875
17/09/2026 17:37:18.099000;0.000184090832287129
17/09/2026 17:37:18.109000;0.000185518581908574
17/09/2026 17:37:18.119000;0.000184641289470373
17/09/2026 17:37:18.129000;0.000184039226958506
17/09/2026 17:37:18.139000;0.000185455508542625
17/09/2026 17:37:18.149000;0.000184457803672611
17/09/2026 17:37:18.159000;0.000184044960883635
17/09/2026 17:37:18.169000;0.000184016291258673
17/09/2026 17:37:18.179000;0.000185988765442726
17/09/2026 17:37:18.189000;0.000185312160014416
17/09/2026 17:37:18.199000;0.00018482477533815
17/09/2026 17:37:18.209000;0.000185541517680062
17/09/2026 17:37:18.219000;0.000185111472146715
17/09/2026 17:37:18.229000;0.0001838442735448
17/09/2026 17:37:18.239000;0.000186263995041896
17/09/2026 17:37:18.249000;0.000183947484165739
17/09/2026 17:37:18.259000;0.000186430279667733
17/09/2026 17:37:18.269000;0.000184744500262382
17/09/2026 17:37:18.279000;0.000184257116161476
17/09/2026 17:37:18.289000;0.000186149316023097
17/09/2026 17:37:18.299000;0.00018511720608463
17/09/2026 17:37:18.309000;0.000187158492327156
17/09/2026 17:37:18.319000;0.000184388996516501
17/09/2026 17:37:18.329000;0.000186780050964938
17/09/2026 17:37:18.339000;0.00018593715991042
17/09/2026 17:37:18.349000;0.000186980739529022
17/09/2026 17:37:18.359000;0.000183981887710976
17/09/2026 17:37:18.369000;0.000183551843572439
17/09/2026 17:37:18.379000;0.000184979591593545
17/09/2026 17:37:18.389000;0.000185765141509396
17/09/2026 17:37:18.399000;0.000186292664800869
17/09/2026 17:37:18.409000;0.00018510000427109
17/09/2026 17:37:18.419000;0.000185226150918002
17/09/2026 17:37:18.429000;0.000185122940022613
17/09/2026 17:37:18.439000;0.000184870646816033
17/09/2026 17:37:18.449000;0.000185048398834164
17/09/2026 17:37:18.459000;0.000185094270333381
17/09/2026 17:37:18.469000;0.000184773169930761
17/09/2026 17:37:18.479000;0.000185283490313902
17/09/2026 17:37:18.489000;0.000186757115134376
17/09/2026 17:37:18.499000;0.000184463537602731
17/09/2026 17:37:18.509000;0.000185300692134005
17/09/2026 17:37:18.519000;0.000185283490313902
17/09/2026 17:37:18.529000;0.000185598857113567
17/09/2026 17:37:18.539000;0.00018482477533815
17/09/2026 17:37:18.549000;0.000184394730445801
17/09/2026 17:37:18.559000;0.000185495646138181
17/09/2026 17:37:18.569000;0.000185088536395739
17/09/2026 17:37:18.579000;0.000185874086489566
17/09/2026 17:37:18.589000;0.000185082802458166
17/09/2026 17:37:18.599000;0.000185564453452643
17/09/2026 17:37:18.609000;0.000186711243476534
17/09/2026 17:37:18.619000;0.000184102300138686
17/09/2026 17:37:18.629000;0.000185369499420571
17/09/2026 17:37:18.639000;0.000185948627806009
17/09/2026 17:37:18.649000;0.000184624087673859
17/09/2026 17:37:18.659000;0.000185013995212624
17/09/2026 17:37:18.669000;0.000185512847965873
17/09/2026 17:37:18.679000;0.000184423400093325
17/09/2026 17:37:18.689000;0.000184647023402682
17/09/2026 17:37:18.699000;0.000184612619809858
17/09/2026 17:37:18.709000;0.000186401609900555
17/09/2026 17:37:18.719000;0.000184371794729012
17/09/2026 17:37:18.729000;0.000184945187976927
17/09/2026 17:37:18.739000;0.000185908490172642
17/09/2026 17:37:18.749000;0.000184905050427318
17/09/2026 17:37:18.759000;0.000185352297598007
17/09/2026 17:37:18.769000;0.000183913080622965
17/09/2026 17:37:18.779000;0.000185851150702216
17/09/2026 17:37:18.789000;0.000185874086489566
17/09/2026 17:37:18.799000;0.000184394730445801
17/09/2026 17:37:18.809000;0.000184899316491933
17/09/2026 17:37:18.819000;0.000184268584016999
17/09/2026 17:37:18.829000;0.000184899316491933
17/09/2026 17:37:18.839000;0.000185776609400883
17/09/2026 17:37:18.849000;0.000184755968129529
17/09/2026 17:37:18.859000;0.000186522022934189
17/09/2026 17:37:18.869000;0.000185610325001088
17/09/2026 17:37:18.879000;0.000184388996516501
17/09/2026 17:37:18.889000;0.000185294958193902
17/09/2026 17:37:18.899000;0.000184429134023035
17/09/2026 17:37:18.909000;0.000184406198304605
17/09/2026 17:37:18.919000;0.000184004823409167
17/09/2026 17:37:18.929000;0.000185839682808951
17/09/2026 17:37:18.939000;0.000186441747575083
17/09/2026 17:37:18.949000;0.000186097710473561
17/09/2026 17:37:18.959000;0.000183752530789228
17/09/2026 17:37:18.969000;0.000184658491267503
17/09/2026 17:37:18.979000;0.000186132114172636
17/09/2026 17:37:18.989000;0.000185375233361563
17/09/2026 17:37:18.999000;0.000185249086675542
17/09/2026 17:37:19.009000;0.000185019729149376
17/09/2026 17:37:19.019000;0.000184434867952814
17/09/2026 17:37:19.029000;0.00018446927153292
17/09/2026 17:37:19.039000;0.000185604591057293
17/09/2026 17:37:19.049000;0.000184784637798591
17/09/2026 17:37:19.059000;0.000185340829716639
17/09/2026 17:37:19.069000;0.000185358031538793
17/09/2026 17:37:19.079000;0.000185627526832883
17/09/2026 17:37:19.089000;0.000185507114023241
17/09/2026 17:37:19.099000;0.000185965829649906
17/09/2026 17:37:19.109000;0.000186183719725865
17/09/2026 17:37:19.119000;0.00018346010087266
17/09/2026 17:37:19.129000;0.000186608032262388
17/09/2026 17:37:19.139000;0.000185249086675542
17/09/2026 17:37:19.149000;0.000183156203304661
17/09/2026 17:37:19.159000;0.000185833948862421
17/09/2026 17:37:19.169000;0.000185145875775229
17/09/2026 17:37:19.179000;0.000186051838878622
17/09/2026 17:37:19.189000;0.000185977297546179
17/09/2026 17:37:19.199000;0.000185283490313902
17/09/2026 17:37:19.209000;0.000184807573535071
17/09/2026 17:37:19.219000;0.000184194042960989
17/09/2026 17:37:19.229000;0.000185530049794181
17/09/2026 17:37:19.239000;0.000186504821070395
17/09/2026 17:37:19.249000;0.000184503675115488
17/09/2026 17:37:19.259000;0.000186120646272671
17/09/2026 17:37:19.269000;0.000184073630510306
17/09/2026 17:37:19.279000;0.000186051838878622
17/09/2026 17:37:19.289000;0.000186200921578172
17/09/2026 17:37:19.299000;0.000185558719509395
17/09/2026 17:37:19.309000;0.000185398169126213
17/09/2026 17:37:19.319000;0.000185616058944952
17/09/2026 17:37:19.329000;0.000185025463086197
17/09/2026 17:37:19.339000;0.000186246793187333
17/09/2026 17:37:19.349000;0.000185524315851344
17/09/2026 17:37:19.359000;0.00018516881152894
17/09/2026 17:37:19.369000;0.00018483624320721
17/09/2026 17:37:19.379000;0.000185312160014416
17/09/2026 17:37:19.389000;0.000186390141994163
17/09/2026 17:37:19.399000;0.000184452069742559
17/09/2026 17:37:19.409000;0.000185289224253868
17/09/2026 17:37:19.419000;0.00018473303239551
17/09/2026 17:37:19.429000;0.000185449774600676
17/09/2026 17:37:19.439000;0.000185512847965873
17/09/2026 17:37:19.449000;0.000185530049794181
17/09/2026 17:37:19.459000;0.000185472710368881
17/09/2026 17:37:19.469000;0.000184933720105268
17/09/2026 17:37:19.479000;0.00018601170123664
17/09/2026 17:37:19.489000;0.000186097710473561
17/09/2026 17:37:19.499000;0.000185547251623105
17/09/2026 17:37:19.509000;0.000186229591333385
17/09/2026 17:37:19.519000;0.000184532344769508
17/09/2026 17:37:19.529000;0.000184927986169542
17/09/2026 17:37:19.539000;0.000185805279130798
17/09/2026 17:37:19.549000;0.000183792668242637
17/09/2026 17:37:19.559000;0.000185484178253394
17/09/2026 17:37:19.569000;0.000184750234195921
17/09/2026 17:37:19.579000;0.000185512847965873
17/09/2026 17:37:19.589000;0.000185908490172642
17/09/2026 17:37:19.599000;0.000185094270333381
17/09/2026 17:37:19.609000;0.000186218123431095
17/09/2026 17:37:19.619000;0.000185793811238627
17/09/2026 17:37:19.629000;0.000185277756374004
17/09/2026 17:37:19.639000;0.000186573628529262
17/09/2026 17:37:19.649000;0.000184647023402682
17/09/2026 17:37:19.659000;0.000184830509272646
17/09/2026 17:37:19.669000;0.000185432572775239
17/09/2026 17:37:19.679000;0.000185386701243751
17/09/2026 17:37:19.689000;0.000186533490843727
17/09/2026 17:37:19.699000;0.000186894730134158
17/09/2026 17:37:19.709000;0.000184790371732608
17/09/2026 17:37:19.719000;0.000185426838833564
17/09/2026 17:37:19.729000;0.000186281196897075
17/09/2026 17:37:19.739000;0.000184790371732608
17/09/2026 17:37:19.749000;0.000185902756225292
17/09/2026 17:37:19.759000;0.000185237618796635
17/09/2026 17:37:19.769000;0.000183850007467604
17/09/2026 17:37:19.779000;0.000185919958067548
17/09/2026 17:37:19.789000;0.000185822480969567
17/09/2026 17:37:19.799000;0.000184612619809858
17/09/2026 17:37:19.809000;0.000185558719509395
17/09/2026 17:37:19.819000;0.000185919958067548
17/09/2026 17:37:19.829000;0.000185747939672678
17/09/2026 17:37:19.839000;0.000185816747023242
17/09/2026 17:37:19.849000;0.000185478444311104
17/09/2026 17:37:19.859000;0.000185346563657288
17/09/2026 17:37:19.869000;0.000184486473323896
17/09/2026 17:37:19.879000;0.000186780050964938
17/09/2026 17:37:19.889000;0.000185977297546179
17/09/2026 17:37:19.899000;0.000185329361835544
17/09/2026 17:37:19.909000;0.000185191747283744
17/09/2026 17:37:19.919000;0.000184526610838567
17/09/2026 17:37:19.929000;0.000185788077292644
17/09/2026 17:37:19.939000;0.000185891288330797
17/09/2026 17:37:19.949000;0.000184555280493955
17/09/2026 17:37:19.959000;0.000185140141836973
17/09/2026 17:37:19.969000;0.000185208949100566
17/09/2026 17:37:19.979000;0.000186550692708546
17/09/2026 17:37:19.989000;0.000185885554383651
17/09/2026 17:37:19.999000;0.000184647023402682
17/09/2026 17:37:20.009000;0.000184796105666694
17/09/2026 17:37:20.019000;0.000184062162659432
17/09/2026 17:37:20.029000;0.000184457803672611
17/09/2026 17:37:20.039000;0.000185484178253394
17/09/2026 17:37:20.049000;0.00018371239333917
17/09/2026 17:37:20.059000;0.00018676858304952
17/09/2026 17:37:20.069000;0.000184113767990517
17/09/2026 17:37:20.079000;0.000185065600645858
17/09/2026 17:37:20.089000;0.000185707802056063
17/09/2026 17:37:20.099000;0.000184337391155879
17/09/2026 17:37:20.109000;0.000185690600221396
17/09/2026 17:37:20.119000;0.000185231884857284
17/09/2026 17:37:20.129000;0.000184583950151052
17/09/2026 17:37:20.139000;0.00018511720608463
17/09/2026 17:37:20.149000;0.000185638994721088
17/09/2026 17:37:20.159000;0.000184704362729524
17/09/2026 17:37:20.169000;0.00018414243762129
17/09/2026 17:37:20.179000;0.000185702068111106
17/09/2026 17:37:20.189000;0.000185627526832883
17/09/2026 17:37:20.199000;0.000182955516336748
17/09/2026 17:37:20.209000;0.000185914224120061
17/09/2026 17:37:20.219000;0.000184933720105268
17/09/2026 17:37:20.229000;0.000187341979155441
17/09/2026 17:37:20.239000;0.000185736471781875
17/09/2026 17:37:20.249000;0.000184400464375169
17/09/2026 17:37:20.259000;0.000185180279406205
17/09/2026 17:37:20.269000;0.000184371794729012
17/09/2026 17:37:20.279000;0.000186608032262388
17/09/2026 17:37:20.289000;0.000187536933987209
17/09/2026 17:37:20.299000;0.000184366060799985
17/09/2026 17:37:20.309000;0.000184165373327139
17/09/2026 17:37:20.319000;0.000185031197023086
17/09/2026 17:37:20.329000;0.000186332802466303
17/09/2026 17:37:20.339000;0.000185025463086197
17/09/2026 17:37:20.349000;0.00018601743518529
17/09/2026 17:37:20.359000;0.000184819041403722
17/09/2026 17:37:20.369000;0.000184761702063204
17/09/2026 17:37:20.379000;0.000185839682808951
17/09/2026 17:37:20.389000;0.000186246793187333
17/09/2026 17:37:20.399000;0.000183448633036418
17/09/2026 17:37:20.409000;0.000185438306716983
17/09/2026 17:37:20.419000;0.000184492207254358
17/09/2026 17:37:20.429000;0.000185776609400883
17/09/2026 17:37:20.439000;0.00018627546294528
17/09/2026 17:37:20.449000;0.00018460115194613
17/09/2026 17:37:20.459000;0.000184125235842621
17/09/2026 17:37:20.469000;0.000184165373327139
17/09/2026 17:37:20.479000;0.000185661930498319
17/09/2026 17:37:20.489000;0.000186430279667733
17/09/2026 17:37:20.499000;0.000185845416755549
17/09/2026 17:37:20.509000;0.000185621792888883
17/09/2026 17:37:20.519000;0.000184968123721066
17/09/2026 17:37:20.529000;0.000186917665971284
17/09/2026 17:37:20.539000;0.000185564453452643
17/09/2026 17:37:20.549000;0.000184457803672611
17/09/2026 17:37:20.559000;0.000185988765442726
17/09/2026 17:37:20.569000;0.000183454366954505
17/09/2026 17:37:20.579000;0.000185518581908574
17/09/2026 17:37:20.589000;0.000186734179304908
17/09/2026 17:37:20.599000;0.000185484178253394
17/09/2026 17:37:20.609000;0.000185128673960664
17/09/2026 17:37:20.619000;0.000184096566212873
17/09/2026 17:37:20.629000;0.000185983031494419
17/09/2026 17:37:20.639000;0.000186550692708546
17/09/2026 17:37:20.649000;0.000185702068111106
17/09/2026 17:37:20.659000;0.000184423400093325
17/09/2026 17:37:20.669000;0.000185094270333381
17/09/2026 17:37:20.679000;0.000186745647219505
17/09/2026 17:37:20.689000;0.000186309866657073
17/09/2026 17:37:20.699000;0.000185249086675542
17/09/2026 17:37:20.709000;0.000185868352542626
17/09/2026 17:37:20.719000;0.000184847711076544
17/09/2026 17:37:20.729000;0.000186625234129874
17/09/2026 17:37:20.739000;0.000186975005568886
17/09/2026 17:37:20.749000;0.000184262850089203
17/09/2026 17:37:20.759000;0.000185965829649906
17/09/2026 17:37:20.769000;0.00018567913233196
17/09/2026 17:37:20.779000;0.000186522022934189
17/09/2026 17:37:20.789000;0.000186711243476534
17/09/2026 17:37:20.799000;0.000185977297546179
17/09/2026 17:37:20.809000;0.000185105738208868
17/09/2026 17:37:20.819000;0.000184916518298293
17/09/2026 17:37:20.829000;0.000186309866657073
17/09/2026 17:37:20.839000;0.000186625234129874
17/09/2026 17:37:20.849000;0.00018510000427109
17/09/2026 17:37:20.859000;0.00018516307759041
17/09/2026 17:37:20.869000;0.000184062162659432
17/09/2026 17:37:20.879000;0.000186395875947325
17/09/2026 17:37:20.889000;0.000186281196897075
17/09/2026 17:37:20.899000;0.000184624087673859
17/09/2026 17:37:20.909000;0.000185805279130798
17/09/2026 17:37:20.919000;0.000184199776887964
17/09/2026 17:37:20.929000;0.000185415370950419
17/09/2026 17:37:20.939000;0.000186028903082794
17/09/2026 17:37:20.949000;0.000185891288330797
17/09/2026 17:37:20.959000;0.000185031197023086
17/09/2026 17:37:20.969000;0.000183746796867586
17/09/2026 17:37:20.979000;0.000185111472146715
17/09/2026 17:37:20.989000;0.000186917665971284
17/09/2026 17:37:20.999000;0.000184692894863609
17/09/2026 17:37:21.009000;0.000185535783737087
17/09/2026 17:37:21.019000;0.000185908490172642
17/09/2026 17:37:21.029000;0.000186975005568886
17/09/2026 17:37:21.039000;0.00018601170123664
17/09/2026 17:37:21.049000;0.00018482477533815
17/09/2026 17:37:21.059000;0.000184480739393503
17/09/2026 17:37:21.069000;0.000185266288494414
17/09/2026 17:37:21.079000;0.000186223857382205
17/09/2026 17:37:21.089000;0.000185638994721088
17/09/2026 17:37:21.099000;0.000185266288494414
17/09/2026 17:37:21.109000;0.000185272022434175
17/09/2026 17:37:21.119000;0.000185208949100566
17/09/2026 17:37:21.129000;0.000186539224798598
17/09/2026 17:37:21.139000;0.000186166517874174
17/09/2026 17:37:21.149000;0.000184085098361453
17/09/2026 17:37:21.159000;0.00018460688587796
17/09/2026 17:37:21.169000;0.000184767435996948
17/09/2026 17:37:21.179000;0.00018593715991042
17/09/2026 17:37:21.189000;0.000186367206182198
17/09/2026 17:37:21.199000;0.00018593715991042
17/09/2026 17:37:21.209000;0.00018605757282775
17/09/2026 17:37:21.219000;0.00018510000427109
17/09/2026 17:37:21.229000;0.000186453215482706
17/09/2026 17:37:21.239000;0.00018601170123664
17/09/2026 17:37:21.249000;0.000187198630064861
17/09/2026 17:37:21.259000;0.00018516307759041
17/09/2026 17:37:21.269000;0.00018612638022262
17/09/2026 17:37:21.279000;0.000187680283178641
17/09/2026 17:37:21.289000;0.00018567913233196
17/09/2026 17:37:21.299000;0.000184635555538134
17/09/2026 17:37:21.309000;0.000185960095701872
17/09/2026 17:37:21.319000;0.000185180279406205
17/09/2026 17:37:21.329000;0.000187112620631025
17/09/2026 17:37:21.339000;0.000185157343651948
17/09/2026 17:37:21.349000;0.000184945187976927
17/09/2026 17:37:21.359000;0.000184979591593545
17/09/2026 17:37:21.369000;0.000184509409046155
17/09/2026 17:37:21.379000;0.00018454954656274
17/09/2026 17:37:21.389000;0.000185690600221396
17/09/2026 17:37:21.399000;0.000184618353741824
17/09/2026 17:37:21.409000;0.000184652757335058
17/09/2026 17:37:21.419000;0.000184807573535071
17/09/2026 17:37:21.429000;0.000185530049794181
17/09/2026 17:37:21.439000;0.000186825922629344
17/09/2026 17:37:21.449000;0.00018414817154765
17/09/2026 17:37:21.459000;0.000185587389226319
17/09/2026 17:37:21.469000;0.000184228446523866
17/09/2026 17:37:21.479000;0.000185925692015104
17/09/2026 17:37:21.489000;0.000185421104891957
17/09/2026 17:37:21.499000;0.000184348859013317
17/09/2026 17:37:21.509000;0.000184813307469362
17/09/2026 17:37:21.519000;0.000184595418014369
17/09/2026 17:37:21.529000;0.000185696334166217
17/09/2026 17:37:21.539000;0.000186418811760657
17/09/2026 17:37:21.549000;0.000183907346699408
17/09/2026 17:37:21.559000;0.000185971563598009
17/09/2026 17:37:21.569000;0.000184968123721066
17/09/2026 17:37:21.579000;0.000186992207449499
17/09/2026 17:37:21.589000;0.000185931425962727
17/09/2026 17:37:21.599000;0.000185300692134005
17/09/2026 17:37:21.609000;0.000184475005463177
17/09/2026 17:37:21.619000;0.000184618353741824
17/09/2026 17:37:21.629000;0.000187341979155441
17/09/2026 17:37:21.639000;0.000184933720105268
17/09/2026 17:37:21.649000;0.000185501380080677
17/09/2026 17:37:21.659000;0.000186023169134007
17/09/2026 17:37:21.669000;0.000186292664800869
17/09/2026 17:37:21.679000;0.000185547251623105
17/09/2026 17:37:21.689000;0.000185684866276644
17/09/2026 17:37:21.699000;0.000183850007467604
17/09/2026 17:37:21.709000;0.00018500826127594
17/09/2026 17:37:21.719000;0.000184710096662585
17/09/2026 17:37:21.729000;0.000185019729149376
17/09/2026 17:37:21.739000;0.000185879820436574
17/09/2026 17:37:21.749000;0.000185082802458166
17/09/2026 17:37:21.759000;0.000185627526832883
17/09/2026 17:37:21.769000;0.000184566748356588
17/09/2026 17:37:21.779000;0.000186504821070395
17/09/2026 17:37:21.789000;0.000186097710473561
17/09/2026 17:37:21.799000;0.000185409637008948
17/09/2026 17:37:21.809000;0.000185747939672678
17/09/2026 17:37:21.819000;0.000184761702063204
17/09/2026 17:37:21.829000;0.000185346563657288
17/09/2026 17:37:21.839000;0.000186407343853854
17/09/2026 17:37:21.849000;0.000185805279130798
17/09/2026 17:37:21.859000;0.000184853445011314
17/09/2026 17:37:21.869000;0.000184618353741824
17/09/2026 17:37:21.879000;0.000185868352542626
17/09/2026 17:37:21.889000;0.000185071334583225
17/09/2026 17:37:21.899000;0.000184538078700517
17/09/2026 17:37:21.909000;0.000185237618796635
17/09/2026 17:37:21.919000;0.000184790371732608
17/09/2026 17:37:21.929000;0.000185977297546179
17/09/2026 17:37:21.939000;0.000187083950823165
17/09/2026 17:37:21.949000;0.000185885554383651
17/09/2026 17:37:21.959000;0.000185294958193902
17/09/2026 17:37:21.969000;0.000185272022434175
17/09/2026 17:37:21.979000;0.000186522022934189
17/09/2026 17:37:21.989000;0.000186510555024925
17/09/2026 17:37:21.999000;0.000184583950151052
17/09/2026 17:37:22.009000;0.000184492207254358
17/09/2026 17:37:22.019000;0.0001842169786693
17/09/2026 17:37:22.029000;0.000186676839736024
17/09/2026 17:37:22.039000;0.000187336245190998
17/09/2026 17:37:22.049000;0.000184629821605962
17/09/2026 17:37:22.059000;0.000185891288330797
17/09/2026 17:37:22.069000;0.000184188309034082
17/09/2026 17:37:22.079000;0.000185478444311104
17/09/2026 17:37:22.089000;0.00018683739054613
17/09/2026 17:37:22.099000;0.000184010557333886
17/09/2026 17:37:22.109000;0.000185369499420571
17/09/2026 17:37:22.119000;0.000185140141836973
17/09/2026 17:37:22.129000;0.000185421104891957
17/09/2026 17:37:22.139000;0.000186407343853854
17/09/2026 17:37:22.149000;0.000185082802458166
17/09/2026 17:37:22.159000;0.000185673398387345
17/09/2026 17:37:22.169000;0.000185105738208868
17/09/2026 17:37:22.179000;0.000185386701243751
17/09/2026 17:37:22.189000;0.000186562160618767
17/09/2026 17:37:22.199000;0.000185868352542626
17/09/2026 17:37:22.209000;0.000185231884857284
17/09/2026 17:37:22.219000;0.000184767435996948
17/09/2026 17:37:22.229000;0.000185839682808951
17/09/2026 17:37:22.239000;0.00018589702227801
17/09/2026 17:37:22.249000;0.000184738766328912
17/09/2026 17:37:22.259000;0.000184985325529887
17/09/2026 17:37:22.269000;0.000184383262587269
17/09/2026 17:37:22.279000;0.000186539224798598
17/09/2026 17:37:22.289000;0.000185484178253394
17/09/2026 17:37:22.299000;0.000185782343346729
17/09/2026 17:37:22.309000;0.000184755968129529
17/09/2026 17:37:22.319000;0.000185237618796635
17/09/2026 17:37:22.329000;0.000184939454041064
17/09/2026 17:37:22.339000;0.000185684866276644
17/09/2026 17:37:22.349000;0.000184136703694998
17/09/2026 17:37:22.359000;0.000184658491267503
17/09/2026 17:37:22.369000;0.000183953218089775
17/09/2026 17:37:22.379000;0.000185851150702216
17/09/2026 17:37:22.389000;0.000186155049973388
17/09/2026 17:37:22.399000;0.000185839682808951
17/09/2026 17:37:22.409000;0.000184113767990517
17/09/2026 17:37:22.419000;0.000186200921578172
17/09/2026 17:37:22.429000;0.000185461242484642
17/09/2026 17:37:22.439000;0.000186114912322791
17/09/2026 17:37:22.449000;0.000184773169930761
17/09/2026 17:37:22.459000;0.000185501380080677
17/09/2026 17:37:22.469000;0.000184905050427318
17/09/2026 17:37:22.479000;0.000186510555024925
17/09/2026 17:37:22.489000;0.000185965829649906
17/09/2026 17:37:22.499000;0.000186166517874174
17/09/2026 17:37:22.509000;0.000184979591593545
17/09/2026 17:37:22.519000;0.000185013995212624
17/09/2026 17:37:22.529000;0.000186481885252961
17/09/2026 17:37:22.539000;0.000185386701243751
17/09/2026 17:37:22.549000;0.000185335095776057
17/09/2026 17:37:22.559000;0.000185908490172642
17/09/2026 17:37:22.569000;0.000185610325001088
17/09/2026 17:37:22.579000;0.000186608032262388
17/09/2026 17:37:22.589000;0.00018504266489707
17/09/2026 17:37:22.599000;0.000184538078700517
17/09/2026 17:37:22.609000;0.000185358031538793
17/09/2026 17:37:22.619000;0.000185329361835544
17/09/2026 17:37:22.629000;0.000185581655282797
17/09/2026 17:37:22.639000;0.000186286930848938
17/09/2026 17:37:22.649000;0.000184423400093325
17/09/2026 17:37:22.659000;0.000184268584016999
17/09/2026 17:37:22.669000;0.000184841977141843
17/09/2026 17:37:22.679000;0.000186504821070395
17/09/2026 17:37:22.689000;0.000185289224253868
17/09/2026 17:37:22.699000;0.000184532344769508
17/09/2026 17:37:22.709000;0.000185082802458166
17/09/2026 17:37:22.719000;0.000185226150918002
17/09/2026 17:37:22.729000;0.000185782343346729
17/09/2026 17:37:22.739000;0.000186091976523954
17/09/2026 17:37:22.749000;0.000184102300138686
17/09/2026 17:37:22.759000;0.000186751381176907
17/09/2026 17:37:22.769000;0.000184302987585208
17/09/2026 17:37:22.779000;0.000185249086675542
17/09/2026 17:37:22.789000;0.000186499087115934
17/09/2026 17:37:22.799000;0.000185816747023242
17/09/2026 17:37:22.809000;0.000186613766218148
17/09/2026 17:37:22.819000;0.000185432572775239
17/09/2026 17:37:22.829000;0.000186625234129874
17/09/2026 17:37:22.839000;0.000185426838833564
17/09/2026 17:37:22.849000;0.000185495646138181
17/09/2026 17:37:22.859000;0.000185421104891957
17/09/2026 17:37:22.869000;0.000184417666163684
17/09/2026 17:37:22.879000;0.000186292664800869
17/09/2026 17:37:22.889000;0.000185988765442726
17/09/2026 17:37:22.899000;0.000184010557333886
17/09/2026 17:37:22.909000;0.000185977297546179
17/09/2026 17:37:22.919000;0.000184354592942138
17/09/2026 17:37:22.929000;0.000186539224798598
17/09/2026 17:37:22.939000;0.000186504821070395
17/09/2026 17:37:22.949000;0.000184440601882661
17/09/2026 17:37:22.959000;0.000186258261090306
17/09/2026 17:37:22.969000;0.000186114912322791
17/09/2026 17:37:22.979000;0.000186590830395517
17/09/2026 17:37:22.989000;0.000185719269946183
17/09/2026 17:37:22.999000;0.000184773169930761
17/09/2026 17:37:23.009000;0.000184331657227263
17/09/2026 17:37:23.019000;0.000185690600221396
17/09/2026 17:37:23.029000;0.000186424545714161
17/09/2026 17:37:23.039000;0.000185908490172642
17/09/2026 17:37:23.049000;0.000184583950151052
17/09/2026 17:37:23.059000;0.000184761702063204
17/09/2026 17:37:23.069000;0.000184629821605962
17/09/2026 17:37:23.079000;0.000186344270371328
17/09/2026 17:37:23.089000;0.000186751381176907
17/09/2026 17:37:23.099000;0.000184773169930761
17/09/2026 17:37:23.109000;0.000184108034064567
17/09/2026 17:37:23.119000;0.000184452069742559
17/09/2026 17:37:23.129000;0.000186751381176907
17/09/2026 17:37:23.139000;0.000183030057200767
17/09/2026 17:37:23.149000;0.000184354592942138
17/09/2026 17:37:23.159000;0.000186172251824669
17/09/2026 17:37:23.169000;0.000184979591593545
17/09/2026 17:37:23.179000;0.000187353447084534
17/09/2026 17:37:23.189000;0.00018510000427109
17/09/2026 17:37:23.199000;0.000186206655529078
17/09/2026 17:37:23.209000;0.000184710096662585
17/09/2026 17:37:23.219000;0.000184440601882661
17/09/2026 17:37:23.229000;0.000186728445347712
17/09/2026 17:37:23.239000;0.000183953218089775
17/09/2026 17:37:23.249000;0.000184647023402682
17/09/2026 17:37:23.259000;0.000186585096440031
17/09/2026 17:37:23.269000;0.000184801839600849
17/09/2026 17:37:23.279000;0.000185948627806009
17/09/2026 17:37:23.289000;0.00018472156452891
17/09/2026 17:37:23.299000;0.000183786934320516
17/09/2026 17:37:23.309000;0.000187772026683584
17/09/2026 17:37:23.319000;0.000184939454041064
17/09/2026 17:37:23.329000;0.000185530049794181
17/09/2026 17:37:23.339000;0.00018482477533815
17/09/2026 17:37:23.349000;0.000185386701243751
17/09/2026 17:37:23.359000;0.000184939454041064
17/09/2026 17:37:23.369000;0.000185369499420571
17/09/2026 17:37:23.379000;0.000186023169134007
17/09/2026 17:37:23.389000;0.000184968123721066
17/09/2026 17:37:23.399000;0.000185111472146715
17/09/2026 17:37:23.409000;0.000186246793187333
17/09/2026 17:37:23.419000;0.000183855741390477
17/09/2026 17:37:23.429000;0.000185048398834164
17/09/2026 17:37:23.439000;0.000185254820615097
17/09/2026 17:37:23.449000;0.000184308721513483
17/09/2026 17:37:23.459000;0.000185421104891957
17/09/2026 17:37:23.469000;0.000184658491267503
17/09/2026 17:37:23.479000;0.000185948627806009
17/09/2026 17:37:23.489000;0.000184182575107244
17/09/2026 17:37:23.499000;0.000185375233361563
17/09/2026 17:37:23.509000;0.000184297253657003
17/09/2026 17:37:23.519000;0.000185593123169909
17/09/2026 17:37:23.529000;0.000185249086675542
17/09/2026 17:37:23.539000;0.0001838958788525
17/09/2026 17:37:23.549000;0.00018472156452891
17/09/2026 17:37:23.559000;0.000187594273658654
17/09/2026 17:37:23.569000;0.000185140141836973
17/09/2026 17:37:23.579000;0.000185633260776952
17/09/2026 17:37:23.589000;0.000184171107253772
17/09/2026 17:37:23.599000;0.000183626384528898
17/09/2026 17:37:23.609000;0.000185891288330797
17/09/2026 17:37:23.619000;0.000184790371732608
17/09/2026 17:37:23.629000;0.000185747939672678
17/09/2026 17:37:23.639000;0.000184750234195921
17/09/2026 17:37:23.649000;0.000185380967302623
17/09/2026 17:37:23.659000;0.000186390141994163
17/09/2026 17:37:23.669000;0.000185380967302623
17/09/2026 17:37:23.679000;0.000184497941184889
17/09/2026 17:37:23.689000;0.000184113767990517
17/09/2026 17:37:23.699000;0.000185547251623105
17/09/2026 17:37:23.709000;0.00018335689035633
17/09/2026 17:37:23.719000;0.000185868352542626
17/09/2026 17:37:23.729000;0.000185862618595754
17/09/2026 17:37:23.739000;0.000183110331990325
17/09/2026 17:37:23.749000;0.000184744500262382
17/09/2026 17:37:23.759000;0.000185380967302623
17/09/2026 17:37:23.769000;0.000185352297598007
17/09/2026 17:37:23.779000;0.00018612638022262
17/09/2026 17:37:23.789000;0.000186177985775233
17/09/2026 17:37:23.799000;0.000184108034064567
17/09/2026 17:37:23.809000;0.000184801839600849
17/09/2026 17:37:23.819000;0.000184285785800796
17/09/2026 17:37:23.829000;0.000186086242574416
17/09/2026 17:37:23.839000;0.000185564453452643
17/09/2026 17:37:23.849000;0.000184950921912859
17/09/2026 17:37:23.859000;0.00018510000427109
17/09/2026 17:37:23.869000;0.000184950921912859
17/09/2026 17:37:23.879000;0.000186630968085839
17/09/2026 17:37:23.889000;0.000184297253657003
17/09/2026 17:37:23.899000;0.000184927986169542
17/09/2026 17:37:23.909000;0.000184572482288008
17/09/2026 17:37:23.919000;0.000185650462609567
17/09/2026 17:37:23.929000;0.00018601170123664
17/09/2026 17:37:23.939000;0.000184475005463177
17/09/2026 17:37:23.949000;0.000184991059466298
17/09/2026 17:37:23.959000;0.000184801839600849
17/09/2026 17:37:23.969000;0.000185449774600676
17/09/2026 17:37:23.979000;0.000186430279667733
17/09/2026 17:37:23.989000;0.000183637852369378
17/09/2026 17:37:23.999000;0.000184916518298293
17/09/2026 17:37:24.009000;0.000185535783737087
17/09/2026 17:37:24.019000;0.00018391881454659
17/09/2026 17:37:24.029000;0.000185392435184948
17/09/2026 17:37:24.039000;0.000186550692708546
17/09/2026 17:37:24.049000;0.000184561014425237
17/09/2026 17:37:24.059000;0.000187376382943539
17/09/2026 17:37:24.069000;0.000186470417344654
17/09/2026 17:37:24.079000;0.000186866060339289
17/09/2026 17:37:24.089000;0.000184727298462176
17/09/2026 17:37:24.099000;0.000184647023402682
17/09/2026 17:37:24.109000;0.000187548401920951
17/09/2026 17:37:24.119000;0.000184796105666694
17/09/2026 17:37:24.129000;0.000186762849091914
17/09/2026 17:37:24.139000;0.000187009409330728
17/09/2026 17:37:24.149000;0.00018377546647648
17/09/2026 17:37:24.159000;0.000185466976426727
17/09/2026 17:37:24.169000;0.000186470417344654
17/09/2026 17:37:24.179000;0.000185994499391102
17/09/2026 17:37:24.189000;0.000183139001561272
17/09/2026 17:37:24.199000;0.000183878677082651
17/09/2026 17:37:24.209000;0.000185375233361563
17/09/2026 17:37:24.219000;0.000185593123169909
17/09/2026 17:37:24.229000;0.000185983031494419
17/09/2026 17:37:24.239000;0.000186114912322791
17/09/2026 17:37:24.249000;0.000185088536395739
17/09/2026 17:37:24.259000;0.000184182575107244
17/09/2026 17:37:24.269000;0.000185547251623105
17/09/2026 17:37:24.279000;0.00018446927153292
17/09/2026 17:37:24.289000;0.00018589702227801
17/09/2026 17:37:24.299000;0.000183792668242637
17/09/2026 17:37:24.309000;0.000185638994721088
17/09/2026 17:37:24.319000;0.000184830509272646
17/09/2026 17:37:24.329000;0.000186241059235948
17/09/2026 17:37:24.339000;0.00018557018739596
17/09/2026 17:37:24.349000;0.000183723861181702
17/09/2026 17:37:24.359000;0.000185988765442726
17/09/2026 17:37:24.369000;0.000185369499420571
17/09/2026 17:37:24.379000;0.000184899316491933
17/09/2026 17:37:24.389000;0.000184767435996948
17/09/2026 17:37:24.399000;0.00018460688587796
17/09/2026 17:37:24.409000;0.000186493353161541
17/09/2026 17:37:24.419000;0.000186069040726211
17/09/2026 17:37:24.429000;0.000185346563657288
17/09/2026 17:37:24.439000;0.000184870646816033
17/09/2026 17:37:24.449000;0.000184205510815008
17/09/2026 17:37:24.459000;0.000185725003891345
17/09/2026 17:37:24.469000;0.000185352297598007
17/09/2026 17:37:24.479000;0.000185696334166217
17/09/2026 17:37:24.489000;0.000184704362729524
17/09/2026 17:37:24.499000;0.000183643586289721
17/09/2026 17:37:24.509000;0.000186395875947325
17/09/2026 17:37:24.519000;0.000186504821070395
17/09/2026 17:37:24.529000;0.000185891288330797
17/09/2026 17:37:24.539000;0.000185874086489566
17/09/2026 17:37:24.549000;0.000185403903067546
17/09/2026 17:37:24.559000;0.000185759407563755
17/09/2026 17:37:24.569000;0.00018601170123664
17/09/2026 17:37:24.579000;0.000186739913262172
17/09/2026 17:37:24.589000;0.000184039226958506
17/09/2026 17:37:24.599000;0.000185335095776057
17/09/2026 17:37:24.609000;0.000185329361835544
17/09/2026 17:37:24.619000;0.000185684866276644
17/09/2026 17:37:24.629000;0.000185363765479648
17/09/2026 17:37:24.639000;0.000184538078700517
17/09/2026 17:37:24.649000;0.000183953218089775
17/09/2026 17:37:24.659000;0.000185380967302623
17/09/2026 17:37:24.669000;0.000185065600645858
17/09/2026 17:37:24.679000;0.000186401609900555
17/09/2026 17:37:24.689000;0.000185134407898784
17/09/2026 17:37:24.699000;0.000185478444311104
17/09/2026 17:37:24.709000;0.000184744500262382
17/09/2026 17:37:24.719000;0.000185702068111106
17/09/2026 17:37:24.729000;0.000185312160014416
17/09/2026 17:37:24.739000;0.000184509409046155
17/09/2026 17:37:24.749000;0.000184704362729524
17/09/2026 17:37:24.759000;0.000185466976426727
17/09/2026 17:37:24.769000;0.000185552985566216
17/09/2026 17:37:24.779000;0.000185868352542626
17/09/2026 17:37:24.789000;0.000185438306716983
17/09/2026 17:37:24.799000;0.00018500826127594
17/09/2026 17:37:24.809000;0.00018605757282775
17/09/2026 17:37:24.819000;0.000184016291258673
17/09/2026 17:37:24.829000;0.000185530049794181
17/09/2026 17:37:24.839000;0.000183723861181702
17/09/2026 17:37:24.849000;0.000185031197023086
17/09/2026 17:37:24.859000;0.000187038079134144
17/09/2026 17:37:24.869000;0.000185380967302623
17/09/2026 17:37:24.879000;0.000185988765442726
17/09/2026 17:37:24.889000;0.000183976153786599
17/09/2026 17:37:24.899000;0.000185208949100566
17/09/2026 17:37:24.909000;0.000185369499420571
17/09/2026 17:37:24.919000;0.000186378674088044
17/09/2026 17:37:24.929000;0.000186470417344654
17/09/2026 17:37:24.939000;0.00018567913233196
17/09/2026 17:37:24.949000;0.000185392435184948
17/09/2026 17:37:24.959000;0.000185575921339344
17/09/2026 17:37:24.969000;0.000185501380080677
17/09/2026 17:37:24.979000;0.000185656196553909
17/09/2026 17:37:24.989000;0.0001838442735448
17/09/2026 17:37:24.999000;0.000185914224120061
17/09/2026 17:37:25.009000;0.0001870896847846
17/09/2026 17:37:25.019000;0.000184566748356588
17/09/2026 17:37:25.029000;0.000186005967288059
17/09/2026 17:37:25.039000;0.000184268584016999
17/09/2026 17:37:25.049000;0.000184079364435845
17/09/2026 17:37:25.059000;0.000185535783737087
17/09/2026 17:37:25.069000;0.000185352297598007
17/09/2026 17:37:25.079000;0.000185856884648951
17/09/2026 17:37:25.089000;0.00018510000427109
17/09/2026 17:37:25.099000;0.000185667664442798
17/09/2026 17:37:25.109000;0.000185633260776952
17/09/2026 17:37:25.119000;0.000185105738208868
17/09/2026 17:37:25.129000;0.000186269728993554
17/09/2026 17:37:25.139000;0.000185833948862421
17/09/2026 17:37:25.149000;0.000185180279406205
17/09/2026 17:37:25.159000;0.000185661930498319
17/09/2026 17:37:25.169000;0.000185466976426727
17/09/2026 17:37:25.179000;0.00018593715991042
17/09/2026 17:37:25.189000;0.000185621792888883
17/09/2026 17:37:25.199000;0.000184612619809858
17/09/2026 17:37:25.209000;0.000186051838878622
17/09/2026 17:37:25.219000;0.000184979591593545
17/09/2026 17:37:25.229000;0.000185839682808951
17/09/2026 17:37:25.239000;0.000185392435184948
17/09/2026 17:37:25.249000;0.000185524315851344
17/09/2026 17:37:25.259000;0.000186281196897075
17/09/2026 17:37:25.269000;0.000186132114172636
17/09/2026 17:37:25.279000;0.000186051838878622
17/09/2026 17:37:25.289000;0.000185352297598007
17/09/2026 17:37:25.299000;0.000184767435996948
17/09/2026 17:37:25.309000;0.000186562160618767
17/09/2026 17:37:25.319000;0.000184813307469362
17/09/2026 17:37:25.329000;0.000185879820436574
17/09/2026 17:37:25.339000;0.00018441193223411
17/09/2026 17:37:25.349000;0.00018582821491596
17/09/2026 17:37:25.359000;0.000185702068111106
17/09/2026 17:37:25.369000;0.000183609182768689
17/09/2026 17:37:25.379000;0.000184973857657271
17/09/2026 17:37:25.389000;0.000183907346699408
17/09/2026 17:37:25.399000;0.000186590830395517
17/09/2026 17:37:25.409000;0.000186722711390584
17/09/2026 17:37:25.419000;0.000184698628796532
17/09/2026 17:37:25.429000;0.000185317893954723
17/09/2026 17:37:25.439000;0.000183139001561272
17/09/2026 17:37:25.449000;0.000185140141836973
17/09/2026 17:37:25.459000;0.000186877528257032
17/09/2026 17:37:25.469000;0.00018460115194613
17/09/2026 17:37:25.479000;0.000186235325284632
17/09/2026 17:37:25.489000;0.000184257116161476
17/09/2026 17:37:25.499000;0.000185358031538793
17/09/2026 17:37:25.509000;0.000185449774600676
17/09/2026 17:37:25.519000;0.000186699775562757
17/09/2026 17:37:25.529000;0.000185059866708558
17/09/2026 17:37:25.539000;0.000184669959132598
17/09/2026 17:37:25.549000;0.000186028903082794
17/09/2026 17:37:25.559000;0.000185856884648951
17/09/2026 17:37:25.569000;0.000185558719509395
17/09/2026 17:37:25.579000;0.000185644728665294
17/09/2026 17:37:25.589000;0.000184027759108453
17/09/2026 17:37:25.599000;0.00018500826127594
17/09/2026 17:37:25.609000;0.000185765141509396
17/09/2026 17:37:25.619000;0.000185702068111106
17/09/2026 17:37:25.629000;0.000185788077292644
17/09/2026 17:37:25.639000;0.000184595418014369
17/09/2026 17:37:25.649000;0.000184033493033445
17/09/2026 17:37:25.659000;0.000185994499391102
17/09/2026 17:37:25.669000;0.000183741062946012
17/09/2026 17:37:25.679000;0.000186476151298773
17/09/2026 17:37:25.689000;0.000184922252233883
17/09/2026 17:37:25.699000;0.000186562160618767
17/09/2026 17:37:25.709000;0.000184176841180474
17/09/2026 17:37:25.719000;0.000184291519728865
17/09/2026 17:37:25.729000;0.000185696334166217
17/09/2026 17:37:25.739000;0.000185226150918002
17/09/2026 17:37:25.749000;0.000184698628796532
17/09/2026 17:37:25.759000;0.000186757115134376
17/09/2026 17:37:25.769000;0.00018414817154765
17/09/2026 17:37:25.779000;0.000185874086489566
17/09/2026 17:37:25.789000;0.000184847711076544
17/09/2026 17:37:25.799000;0.000186630968085839
17/09/2026 17:37:25.809000;0.00018589702227801
17/09/2026 17:37:25.819000;0.000184583950151052
17/09/2026 17:37:25.829000;0.000185530049794181
17/09/2026 17:37:25.839000;0.0001842169786693
17/09/2026 17:37:25.849000;0.000186350004323943
17/09/2026 17:37:25.859000;0.000185638994721088
17/09/2026 17:37:25.869000;0.000185375233361563
17/09/2026 17:37:25.879000;0.000186189453676566
17/09/2026 17:37:25.889000;0.000184979591593545
17/09/2026 17:37:25.899000;0.000184927986169542
17/09/2026 17:37:25.909000;0.000187393584838511
17/09/2026 17:37:25.919000;0.00018557018739596
17/09/2026 17:37:25.929000;0.000186516288979523
17/09/2026 17:37:25.939000;0.00018511720608463
17/09/2026 17:37:25.949000;0.000185352297598007
17/09/2026 17:37:25.959000;0.000185432572775239
17/09/2026 17:37:25.969000;0.000185105738208868
17/09/2026 17:37:25.979000;0.000185891288330797
17/09/2026 17:37:25.989000;0.000184538078700517
17/09/2026 17:37:25.999000;0.000185638994721088
17/09/2026 17:37:26.009000;0.000186699775562757
17/09/2026 17:37:26.019000;0.000185300692134005
17/09/2026 17:37:26.029000;0.000186109178372979
17/09/2026 17:37:26.039000;0.000184417666163684
17/09/2026 17:37:26.049000;0.000185340829716639
17/09/2026 17:37:26.059000;0.000186143582072875
17/09/2026 17:37:26.069000;0.000185254820615097
17/09/2026 17:37:26.079000;0.000185495646138181
17/09/2026 17:37:26.089000;0.000185186013344941
17/09/2026 17:37:26.099000;0.000186114912322791
17/09/2026 17:37:26.109000;0.000186086242574416
17/09/2026 17:37:26.119000;0.000185082802458166
17/09/2026 17:37:26.129000;0.000184973857657271
17/09/2026 17:37:26.139000;0.000184962389784928
17/09/2026 17:37:26.149000;0.000187043813095032
17/09/2026 17:37:26.159000;0.000187204364027664
17/09/2026 17:37:26.169000;0.000185289224253868
17/09/2026 17:37:26.179000;0.000185237618796635
17/09/2026 17:37:26.189000;0.000185782343346729
17/09/2026 17:37:26.199000;0.000186034637031648
17/09/2026 17:37:26.209000;0.000187072482900499
17/09/2026 17:37:26.219000;0.000185598857113567
17/09/2026 17:37:26.229000;0.000185105738208868
17/09/2026 17:37:26.239000;0.000185461242484642
17/09/2026 17:37:26.249000;0.000186625234129874
17/09/2026 17:37:26.259000;0.000186086242574416
17/09/2026 17:37:26.269000;0.000183448633036418
17/09/2026 17:37:26.279000;0.000184635555538134
17/09/2026 17:37:26.289000;0.000184102300138686
17/09/2026 17:37:26.299000;0.000187204364027664
17/09/2026 17:37:26.309000;0.000184893582556616
17/09/2026 17:37:26.319000;0.000184887848621368
17/09/2026 17:37:26.329000;0.000185730737836576
17/09/2026 17:37:26.339000;0.000184371794729012
17/09/2026 17:37:26.349000;0.000185335095776057
17/09/2026 17:37:26.359000;0.000185444040658795
17/09/2026 17:37:26.369000;0.000184945187976927
17/09/2026 17:37:26.379000;0.000184996793402777
17/09/2026 17:37:26.389000;0.000184916518298293
17/09/2026 17:37:26.399000;0.000185851150702216
17/09/2026 17:37:26.409000;0.000185965829649906
17/09/2026 17:37:26.419000;0.000184205510815008
17/09/2026 17:37:26.429000;0.000184893582556616
17/09/2026 17:37:26.439000;0.000184927986169542
17/09/2026 17:37:26.449000;0.000186705509519611
17/09/2026 17:37:26.459000;0.000185948627806009
17/09/2026 17:37:26.469000;0.000184847711076544
17/09/2026 17:37:26.479000;0.000185048398834164
17/09/2026 17:37:26.489000;0.000184486473323896
17/09/2026 17:37:26.499000;0.000186000233339546
17/09/2026 17:37:26.509000;0.000185512847965873
17/09/2026 17:37:26.519000;0.000185725003891345
17/09/2026 17:37:26.529000;0.000185289224253868
17/09/2026 17:37:26.539000;0.000185954361753906
17/09/2026 17:37:26.549000;0.00018567913233196
17/09/2026 17:37:26.559000;0.000186332802466303
17/09/2026 17:37:26.569000;0.000184664225200017
17/09/2026 17:37:26.579000;0.000186200921578172
17/09/2026 17:37:26.589000;0.000184337391155879
17/09/2026 17:37:26.599000;0.000186952069729025
17/09/2026 17:37:26.609000;0.000186080508624946
17/09/2026 17:37:26.619000;0.000186590830395517
17/09/2026 17:37:26.629000;0.000185421104891957
17/09/2026 17:37:26.639000;0.000185501380080677
17/09/2026 17:37:26.649000;0.000186000233339546
17/09/2026 17:37:26.659000;0.000184784637798591
17/09/2026 17:37:26.669000;0.000183253679862154
17/09/2026 17:37:26.679000;0.000185667664442798
17/09/2026 17:37:26.689000;0.000185077068520662
17/09/2026 17:37:26.699000;0.000186390141994163
17/09/2026 17:37:26.709000;0.000186361472229378
17/09/2026 17:37:26.719000;0.000185094270333381
17/09/2026 17:37:26.729000;0.000185065600645858
17/09/2026 17:37:26.739000;0.000185088536395739
17/09/2026 17:37:26.749000;0.000185495646138181
17/09/2026 17:37:26.759000;0.000185358031538793
17/09/2026 17:37:26.769000;0.000184337391155879
17/09/2026 17:37:26.779000;0.000184457803672611
17/09/2026 17:37:26.789000;0.000184807573535071
17/09/2026 17:37:26.799000;0.000187296107441806
17/09/2026 17:37:26.809000;0.000186028903082794
17/09/2026 17:37:26.819000;0.000186453215482706
17/09/2026 17:37:26.829000;0.000185507114023241
17/09/2026 17:37:26.839000;0.000185237618796635
17/09/2026 17:37:26.849000;0.000185994499391102
17/09/2026 17:37:26.859000;0.00018678578492275
17/09/2026 17:37:26.869000;0.000185140141836973
17/09/2026 17:37:26.879000;0.000184377528658106
17/09/2026 17:37:26.889000;0.000184102300138686
17/09/2026 17:37:26.899000;0.00018460115194613
17/09/2026 17:37:26.909000;0.000186590830395517
17/09/2026 17:37:26.919000;0.000185541517680062
17/09/2026 17:37:26.929000;0.000185237618796635
17/09/2026 17:37:26.939000;0.000185346563657288
17/09/2026 17:37:26.949000;0.000185518581908574
17/09/2026 17:37:26.959000;0.000184652757335058
17/09/2026 17:37:26.969000;0.000185220416978788
17/09/2026 17:37:26.979000;0.000185667664442798
17/09/2026 17:37:26.989000;0.000185478444311104
17/09/2026 17:37:26.999000;0.000187273171586629
17/09/2026 17:37:27.009000;0.000186132114172636
17/09/2026 17:37:27.019000;0.000185621792888883
17/09/2026 17:37:27.029000;0.000186114912322791
17/09/2026 17:37:27.039000;0.000185283490313902
17/09/2026 17:37:27.049000;0.00018557018739596
17/09/2026 17:37:27.059000;0.000186493353161541
17/09/2026 17:37:27.069000;0.000186751381176907
17/09/2026 17:37:27.079000;0.000185598857113567
17/09/2026 17:37:27.089000;0.000185908490172642
17/09/2026 17:37:27.099000;0.000185048398834164
17/09/2026 17:37:27.109000;0.000186757115134376
17/09/2026 17:37:27.119000;0.000184618353741824
17/09/2026 17:37:27.129000;0.000185988765442726
17/09/2026 17:37:27.139000;0.000183133267646946
17/09/2026 17:37:27.149000;0.000187055281017014
17/09/2026 17:37:27.159000;0.000186814454712833
17/09/2026 17:37:27.169000;0.000184561014425237
17/09/2026 17:37:27.179000;0.000185335095776057
17/09/2026 17:37:27.189000;0.000185214683039643
17/09/2026 17:37:27.199000;0.000188798408338425
17/09/2026 17:37:27.209000;0.000187192896102126
17/09/2026 17:37:27.219000;0.000185455508542625
17/09/2026 17:37:27.229000;0.000184090832287129
17/09/2026 17:37:27.239000;0.000185111472146715
17/09/2026 17:37:27.249000;0.000185512847965873
17/09/2026 17:37:27.259000;0.000185719269946183
17/09/2026 17:37:27.269000;0.000185793811238627
17/09/2026 17:37:27.279000;0.000185002527339324
17/09/2026 17:37:27.289000;0.000185891288330797
17/09/2026 17:37:27.299000;0.00018567913233196
17/09/2026 17:37:27.309000;0.000186223857382205
17/09/2026 17:37:27.319000;0.000186074774675544
17/09/2026 17:37:27.329000;0.000186401609900555
17/09/2026 17:37:27.339000;0.000185140141836973
17/09/2026 17:37:27.349000;0.000186648169954146
17/09/2026 17:37:27.359000;0.000186470417344654
17/09/2026 17:37:27.369000;0.000185449774600676
17/09/2026 17:37:27.379000;0.000185707802056063
17/09/2026 17:37:27.389000;0.000185650462609567
17/09/2026 17:37:27.399000;0.000186063306776946
17/09/2026 17:37:27.409000;0.000186430279667733
17/09/2026 17:37:27.419000;0.000186000233339546
17/09/2026 17:37:27.429000;0.000184337391155879
17/09/2026 17:37:27.439000;0.000185025463086197
17/09/2026 17:37:27.449000;0.000187215831953474
17/09/2026 17:37:27.459000;0.000186659637866692
17/09/2026 17:37:27.469000;0.000184870646816033
17/09/2026 17:37:27.479000;0.000185466976426727
17/09/2026 17:37:27.489000;0.000184343125084564
17/09/2026 17:37:27.499000;0.000186390141994163
17/09/2026 17:37:27.509000;0.000186814454712833
17/09/2026 17:37:27.519000;0.000184285785800796
17/09/2026 17:37:27.529000;0.000185375233361563
17/09/2026 17:37:27.539000;0.000184463537602731
17/09/2026 17:37:27.549000;0.000185449774600676
17/09/2026 17:37:27.559000;0.000186292664800869
17/09/2026 17:37:27.569000;0.000186183719725865
17/09/2026 17:37:27.579000;0.000187255969695965
17/09/2026 17:37:27.589000;0.000186636702041873
17/09/2026 17:37:27.599000;0.000187789228592709
17/09/2026 17:37:27.609000;0.00018694633576923
17/09/2026 17:37:27.619000;0.000184784637798591
17/09/2026 17:37:27.629000;0.000185971563598009
17/09/2026 17:37:27.639000;0.000182187172719495
17/09/2026 17:37:27.649000;0.000183465834790883
17/09/2026 17:37:27.659000;0.000182926846776741
17/09/2026 17:37:27.669000;0.000182674554722382
17/09/2026 17:37:27.679000;0.000184027759108453
17/09/2026 17:37:27.689000;0.00018414243762129
17/09/2026 17:37:27.699000;0.000186149316023097
17/09/2026 17:37:27.709000;0.000186023169134007
17/09/2026 17:37:27.719000;0.000184320189370236
17/09/2026 17:37:27.729000;0.000184807573535071
17/09/2026 17:37:27.739000;0.000184257116161476
17/09/2026 17:37:27.749000;0.000185931425962727
17/09/2026 17:37:27.759000;0.000183999089484517
17/09/2026 17:37:27.769000;0.000184641289470373
17/09/2026 17:37:27.779000;0.000186602298306696
17/09/2026 17:37:27.789000;0.000185048398834164
17/09/2026 17:37:27.799000;0.000187737622867179
17/09/2026 17:37:27.809000;0.000185793811238627
17/09/2026 17:37:27.819000;0.000186378674088044
17/09/2026 17:37:27.829000;0.000185931425962727
17/09/2026 17:37:27.839000;0.000184520876907695
17/09/2026 17:37:27.849000;0.000184343125084564
17/09/2026 17:37:27.859000;0.000182548408744841
17/09/2026 17:37:27.869000;0.00018027778680788
17/09/2026 17:37:27.879000;0.000179991092881221
17/09/2026 17:37:27.889000;0.000180432601599349
17/09/2026 17:37:27.899000;0.000181218144087118
17/09/2026 17:37:27.909000;0.000182548408744841
17/09/2026 17:37:27.919000;0.000182634417362302
17/09/2026 17:37:27.929000;0.000184566748356588
17/09/2026 17:37:27.939000;0.000186808720754679
17/09/2026 17:37:27.949000;0.000185948627806009
17/09/2026 17:37:27.959000;0.000184314455441825
17/09/2026 17:37:27.969000;0.000183827071776797
17/09/2026 17:37:27.979000;0.00018299565372363
17/09/2026 17:37:27.989000;0.000180014028389064
17/09/2026 17:37:27.999000;0.000179629858777001
17/09/2026 17:37:28.009000;0.000177301912170395
17/09/2026 17:37:28.019000;0.000175696438318449
17/09/2026 17:37:28.029000;0.000178861520473641
17/09/2026 17:37:28.039000;0.000178385610050715
17/09/2026 17:37:28.049000;0.000180174576974592
17/09/2026 17:37:28.059000;0.000182588546097741
17/09/2026 17:37:28.069000;0.000183035791113863
17/09/2026 17:37:28.079000;0.000184910784362771
17/09/2026 17:37:28.089000;0.000187072482900499
17/09/2026 17:37:28.099000;0.000187491062254977
17/09/2026 17:37:28.109000;0.000188007119494894
17/09/2026 17:37:28.119000;0.00018844290159546
17/09/2026 17:37:28.129000;0.000188666526774079
17/09/2026 17:37:28.139000;0.000186883262216006
17/09/2026 17:37:28.149000;0.000186177985775233
17/09/2026 17:37:28.159000;0.000186103444423236
17/09/2026 17:37:28.169000;0.000185386701243751
17/09/2026 17:37:28.179000;0.000186332802466303
17/09/2026 17:37:28.189000;0.000186149316023097
17/09/2026 17:37:28.199000;0.000187473860356517
17/09/2026 17:37:28.209000;0.000186848858463188
17/09/2026 17:37:28.219000;0.000186229591333385
17/09/2026 17:37:28.229000;0.000186659637866692
17/09/2026 17:37:28.239000;0.000185564453452643
17/09/2026 17:37:28.249000;0.00018516881152894
17/09/2026 17:37:28.259000;0.000183798402164826
17/09/2026 17:37:28.269000;0.000182450932330315
17/09/2026 17:37:28.279000;0.000185197481222616
17/09/2026 17:37:28.289000;0.000182938314600539
17/09/2026 17:37:28.299000;0.000184010557333886
17/09/2026 17:37:28.309000;0.000184950921912859
17/09/2026 17:37:28.319000;0.000185472710368881
17/09/2026 17:37:28.329000;0.000186292664800869
17/09/2026 17:37:28.339000;0.00018589702227801
17/09/2026 17:37:28.349000;0.000187192896102126
17/09/2026 17:37:28.359000;0.000187095418746103
17/09/2026 17:37:28.369000;0.000186241059235948
17/09/2026 17:37:28.379000;0.000185237618796635
17/09/2026 17:37:28.389000;0.000184704362729524
17/09/2026 17:37:28.399000;0.000186682573692605
17/09/2026 17:37:28.409000;0.000183173405048665
17/09/2026 17:37:28.419000;0.000184669959132598
17/09/2026 17:37:28.429000;0.000184830509272646
17/09/2026 17:37:28.439000;0.000182273181272344
17/09/2026 17:37:28.449000;0.000181137869613441
17/09/2026 17:37:28.459000;0.000177582870645593
17/09/2026 17:37:28.469000;0.000174773293280793
17/09/2026 17:37:28.479000;0.000174371926425896
17/09/2026 17:37:28.489000;0.000172869670599721
17/09/2026 17:37:28.499000;0.000175495754463853
17/09/2026 17:37:28.509000;0.000178035844859456
17/09/2026 17:37:28.519000;0.000178001441739632
17/09/2026 17:37:28.529000;0.000183798402164826
17/09/2026 17:37:28.539000;0.00018645894943662
17/09/2026 17:37:28.549000;0.000192043853014641
17/09/2026 17:37:28.559000;0.000191854630373896
17/09/2026 17:37:28.569000;0.000192944095082841
17/09/2026 17:37:28.579000;0.000191338569004864
17/09/2026 17:37:28.589000;0.00018685459242182
17/09/2026 17:37:28.599000;0.000182267447368342
17/09/2026 17:37:28.609000;0.00017696934928946
17/09/2026 17:37:28.619000;0.000171476361184994
17/09/2026 17:37:28.629000;0.000163781696307889
17/09/2026 17:37:28.639000;0.000157560689908364
17/09/2026 17:37:28.649000;0.000156144490481536
17/09/2026 17:37:28.659000;0.000157692562941766
17/09/2026 17:37:28.669000;0.000165048842040028
17/09/2026 17:37:28.679000;0.000171659842029366
17/09/2026 17:37:28.689000;0.000174807696169658
17/09/2026 17:37:28.699000;0.000170455750266015
17/09/2026 17:37:28.709000;0.000158535404487758
17/09/2026 17:37:28.719000;0.00015022745945336
17/09/2026 17:37:28.729000;0.000146386015110974
17/09/2026 17:37:28.739000;0.000140549371848616
17/09/2026 17:37:28.749000;0.000140824575440394
17/09/2026 17:37:28.759000;0.000139660694659032
17/09/2026 17:37:28.769000;0.000140446170542308
17/09/2026 17:37:28.779000;0.000142894340833816
17/09/2026 17:37:28.789000;0.000143186746081313
17/09/2026 17:37:28.799000;0.000144614374254853
17/09/2026 17:37:28.809000;0.000142756738425933
17/09/2026 17:37:28.819000;0.000140962177295349
17/09/2026 17:37:28.829000;0.000137052006589633
17/09/2026 17:37:28.839000;0.000136564670826919
17/09/2026 17:37:28.849000;0.000135612934173351
17/09/2026 17:37:28.859000;0.000136128935739678
17/09/2026 17:37:28.869000;0.00013717814063221
17/09/2026 17:37:28.879000;0.000141386449929348
17/09/2026 17:37:28.889000;0.00014383462500825
17/09/2026 17:37:28.899000;0.000149029154865029
17/09/2026 17:37:28.909000;0.000154172138715268
17/09/2026 17:37:28.919000;0.000158409264842652
17/09/2026 17:37:28.929000;0.000160049082810044
17/09/2026 17:37:28.939000;0.000158414998462166
17/09/2026 17:37:28.949000;0.000155341788205033
17/09/2026 17:37:28.959000;0.000147246037297502
17/09/2026 17:37:28.969000;0.000137934945582515
17/09/2026 17:37:28.979000;0.000128239905610235
17/09/2026 17:37:28.989000;0.000111436014922328
17/09/2026 17:37:28.999000;9.15025806320209e-05
17/09/2026 17:37:29.009000;7.15011816959849e-05
17/09/2026 17:37:29.019000;5.60062588854307e-05
17/09/2026 17:37:29.029000;4.73561473696046e-05
17/09/2026 17:37:29.039000;3.89068182481669e-05
17/09/2026 17:37:29.049000;3.74852360826424e-05
17/09/2026 17:37:29.059000;3.48083165597821e-05
17/09/2026 17:37:29.069000;3.55019066972141e-05
17/09/2026 17:37:29.079000;3.8310670376687e-05
17/09/2026 17:37:29.089000;3.62700159509064e-05
17/09/2026 17:37:29.099000;3.72272881563767e-05
17/09/2026 17:37:29.109000;3.39599597355525e-05
17/09/2026 17:37:29.119000;3.35128533629779e-05
17/09/2026 17:37:29.129000;3.52382276841035e-05
17/09/2026 17:37:29.139000;3.20683586931923e-05
17/09/2026 17:37:29.149000;2.96895376439017e-05
17/09/2026 17:37:29.159000;2.27594971465631e-05
17/09/2026 17:37:29.169000;1.82312368036843e-05
17/09/2026 17:37:29.179000;1.27400618595067e-05
17/09/2026 17:37:29.189000;1.31298300381938e-05
17/09/2026 17:37:29.199000;8.80800643598509e-06
17/09/2026 17:37:29.209000;9.06020727639958e-06
17/09/2026 17:37:29.219000;3.50035580274398e-06
17/09/2026 17:37:29.229000;3.25962141799189e-06
17/09/2026 17:37:29.239000;-8.55771562775961e-07
17/09/2026 17:37:29.249000;-1.79577281677094e-06
17/09/2026 17:37:29.259000;-3.20577125171629e-06
17/09/2026 17:37:29.269000;-5.97417078276262e-06
17/09/2026 17:37:29.279000;-3.50955086089735e-06
17/09/2026 17:37:29.289000;-6.50148317175566e-06
17/09/2026 17:37:29.299000;-5.88246422128988e-06
17/09/2026 17:37:29.309000;-1.09262991251699e-05
17/09/2026 17:37:29.319000;-8.47316784970876e-06
17/09/2026 17:37:29.329000;-8.79413900870823e-06
17/09/2026 17:37:29.339000;-8.35280360983766e-06
17/09/2026 17:37:29.349000;-1.02327749636472e-05
17/09/2026 17:37:29.359000;-1.11727578837828e-05
17/09/2026 17:37:29.369000;-1.19866440495778e-05
17/09/2026 17:37:29.379000;-8.60499531594409e-06
17/09/2026 17:37:29.389000;-1.18834754569318e-05
17/09/2026 17:37:29.399000;-1.22789549418461e-05
17/09/2026 17:37:29.409000;-1.4307931531051e-05
17/09/2026 17:37:29.419000;-1.42104949979244e-05
17/09/2026 17:37:29.429000;-1.24680971891951e-05
17/09/2026 17:37:29.439000;-1.27489446313152e-05
17/09/2026 17:37:29.449000;-1.32647864445337e-05
17/09/2026 17:37:29.459000;-1.42162265592432e-05
17/09/2026 17:37:29.469000;-1.38837958898024e-05
17/09/2026 17:37:29.479000;-2.56161667937899e-05
17/09/2026 17:37:29.489000;-2.97771636107441e-05
17/09/2026 17:37:29.499000;-3.00809264306617e-05
17/09/2026 17:37:29.509000;-3.115842318739e-05
17/09/2026 17:37:29.519000;-2.74846078359901e-05
17/09/2026 17:37:29.529000;-2.42578170603891e-05
17/09/2026 17:37:29.539000;-1.93287520411538e-05
17/09/2026 17:37:29.549000;-1.68813951692181e-05
17/09/2026 17:37:29.559000;-1.74201586413703e-05
17/09/2026 17:37:29.569000;-1.79130693742525e-05
17/09/2026 17:37:29.579000;-2.07845509218597e-05
17/09/2026 17:37:29.589000;-2.42979371497133e-05
17/09/2026 17:37:29.599000;-3.01955538599969e-05
17/09/2026 17:37:29.609000;-3.51130448423268e-05
17/09/2026 17:37:29.619000;-3.6798047664201e-05
17/09/2026 17:37:29.629000;-3.1846185811979e-05
17/09/2026 17:37:29.639000;-2.6928661413607e-05
17/09/2026 17:37:29.649000;-1.81996451494206e-05
17/09/2026 17:37:29.659000;-1.31501549783168e-05
17/09/2026 17:37:29.669000;-1.58898395412876e-05
17/09/2026 17:37:29.679000;-1.13962901369838e-05
17/09/2026 17:37:29.689000;-1.05766713671347e-05
17/09/2026 17:37:29.699000;-1.05709397624257e-05
17/09/2026 17:37:29.709000;-9.90607315248266e-06
17/09/2026 17:37:29.719000;-1.12587318396213e-05
17/09/2026 17:37:29.729000;-6.18051048211719e-06
17/09/2026 17:37:29.739000;-6.77660244945982e-06
17/09/2026 17:37:29.749000;-5.24624946943117e-06
17/09/2026 17:37:29.759000;-9.332911543861e-06
17/09/2026 17:37:29.769000;-6.94855191807611e-06
17/09/2026 17:37:29.779000;-6.06587732674231e-06
17/09/2026 17:37:29.789000;-6.50148317175566e-06
17/09/2026 17:37:29.799000;-5.60734443191296e-06
17/09/2026 17:37:29.809000;-4.8966175806578e-06
17/09/2026 17:37:29.819000;-7.4873265215006e-06
17/09/2026 17:37:29.829000;-7.41854681851265e-06
17/09/2026 17:37:29.839000;-6.0945356181485e-06
17/09/2026 17:37:29.849000;-6.95428356597083e-06
17/09/2026 17:37:29.859000;-4.40942518049408e-06
17/09/2026 17:37:29.869000;-8.68523810378064e-06
17/09/2026 17:37:29.879000;-5.44112614953782e-06
17/09/2026 17:37:29.889000;-9.18962103493739e-06
17/09/2026 17:37:29.899000;-5.44112614953782e-06
17/09/2026 17:37:29.909000;-9.3615696405209e-06
17/09/2026 17:37:29.919000;-7.80829833867355e-06
17/09/2026 17:37:29.929000;-9.05206210619161e-06
17/09/2026 17:37:29.939000;-7.13769626252274e-06
17/09/2026 17:37:29.949000;-8.39865665715133e-06
17/09/2026 17:37:29.959000;-6.70782264479352e-06
17/09/2026 17:37:29.969000;-7.75098195846615e-06
17/09/2026 17:37:29.979000;-8.10061177144064e-06
17/09/2026 17:37:29.989000;-5.50417447030714e-06
17/09/2026 17:37:29.999000;-5.89392754243062e-06
17/09/2026 17:37:30.009000;-5.61307609579746e-06
17/09/2026 17:37:30.019000;-3.21150294423221e-06
17/09/2026 17:37:30.029000;-1.95052894458475e-06
17/09/2026 17:37:30.039000;-2.04223625607885e-06
17/09/2026 17:37:30.049000;-1.25699183502977e-06
17/09/2026 17:37:30.059000;-1.12516235393777e-06
17/09/2026 17:37:30.069000;-1.54930925111475e-06
17/09/2026 17:37:30.079000;8.2362549646195e-07
17/09/2026 17:37:30.089000;8.06430275003962e-07
17/09/2026 17:37:30.099000;1.36814116072603e-06
17/09/2026 17:37:30.109000;5.37038552454361e-07
17/09/2026 17:37:30.119000;8.12162015421625e-07
17/09/2026 17:37:30.129000;2.17058642163063e-06
17/09/2026 17:37:30.139000;2.2909533262851e-06
17/09/2026 17:37:30.149000;2.11326885857743e-06
17/09/2026 17:37:30.159000;2.1606137798055e-07
17/09/2026 17:37:30.169000;7.37649395322002e-07
17/09/2026 17:37:30.179000;2.62912717205935e-06
17/09/2026 17:37:30.189000;2.00436550760237e-06
17/09/2026 17:37:30.199000;1.09301737959614e-06
17/09/2026 17:37:30.209000;-1.32004070451286e-06
17/09/2026 17:37:30.219000;1.58744047946101e-07
17/09/2026 17:37:30.229000;3.13500854721762e-07
17/09/2026 17:37:30.239000;7.26185916331692e-07
17/09/2026 17:37:30.249000;1.31655543977158e-06
17/09/2026 17:37:30.259000;-4.75982835976524e-08
17/09/2026 17:37:30.269000;-1.4002847082602e-06
17/09/2026 17:37:30.279000;5.88624189768125e-07
17/09/2026 17:37:30.289000;-5.80648896852853e-07
17/09/2026 17:37:30.299000;-1.73845571975382e-06
17/09/2026 17:37:30.309000;-7.46868859673922e-07
17/09/2026 17:37:30.319000;-1.32004070451286e-06
17/09/2026 17:37:30.329000;-4.4881923030365e-07
17/09/2026 17:37:30.339000;-1.51491897609447e-06
17/09/2026 17:37:30.349000;-4.54550955687891e-07
17/09/2026 17:37:30.359000;-3.61272125053934e-06
17/09/2026 17:37:30.369000;-2.53516275565017e-06
17/09/2026 17:37:30.379000;-2.78162581591378e-06
17/09/2026 17:37:30.389000;-3.63564800078647e-06
17/09/2026 17:37:30.399000;-4.09418277613063e-06
17/09/2026 17:37:30.409000;-3.88211049689275e-06
17/09/2026 17:37:30.419000;-4.59283884791363e-06
17/09/2026 17:37:30.429000;-3.18857617375853e-06
17/09/2026 17:37:30.439000;-5.91112252362925e-06
17/09/2026 17:37:30.449000;-4.20308472100785e-06
17/09/2026 17:37:30.459000;-5.69331938300552e-06
17/09/2026 17:37:30.469000;-5.3551511533458e-06
17/09/2026 17:37:30.479000;-3.7101599315389e-06
17/09/2026 17:37:30.489000;-5.52136946544559e-06
17/09/2026 17:37:30.499000;-5.40100448656153e-06
17/09/2026 17:37:30.509000;-6.27221698673743e-06
17/09/2026 17:37:30.519000;-5.91685418389213e-06
17/09/2026 17:37:30.529000;-1.75565084957646e-06
17/09/2026 17:37:30.539000;3.26459459237827e-08
17/09/2026 17:37:30.549000;-3.99101248980795e-06
17/09/2026 17:37:30.559000;-1.40601642230108e-06
17/09/2026 17:37:30.569000;-4.81637416047455e-06
17/09/2026 17:37:30.579000;-4.37355779330167e-07
17/09/2026 17:37:30.589000;-2.5638212575213e-06
17/09/2026 17:37:30.599000;-5.07429939197303e-06
17/09/2026 17:37:30.609000;-9.80290411335948e-06
17/09/2026 17:37:30.619000;-1.03531387328496e-05
17/09/2026 17:37:30.629000;-1.06282558064409e-05
17/09/2026 17:37:30.639000;-8.90303988896809e-06
17/09/2026 17:37:30.649000;-7.91146780582711e-06
17/09/2026 17:37:30.659000;-1.66062816739736e-05
17/09/2026 17:37:30.669000;-3.6259305907635e-05
17/09/2026 17:37:30.679000;-4.29304910676104e-05
17/09/2026 17:37:30.689000;-3.77265160831809e-05
17/09/2026 17:37:30.699000;-1.88702317957659e-05
17/09/2026 17:37:30.709000;-4.11710950341791e-06
17/09/2026 17:37:30.719000;-3.41784382929568e-06
17/09/2026 17:37:30.729000;-1.28565041309252e-06
17/09/2026 17:37:30.739000;-3.09686908093045e-06
17/09/2026 17:37:30.749000;-1.30857727431271e-06
17/09/2026 17:37:30.759000;-3.0223570551269e-06
17/09/2026 17:37:30.769000;-3.05101552795646e-06
17/09/2026 17:37:30.779000;-2.29443127248778e-06
17/09/2026 17:37:30.789000;-2.9707717997287e-06
17/09/2026 17:37:30.799000;-3.9566223894471e-06
17/09/2026 17:37:30.809000;-9.02340399108219e-06
17/09/2026 17:37:30.819000;-5.10295774248683e-06
17/09/2026 17:37:30.829000;-3.05101552795646e-06
17/09/2026 17:37:30.839000;-4.1228411850689e-06
17/09/2026 17:37:30.849000;-4.98832433018173e-06
17/09/2026 17:37:30.859000;-8.49609436817237e-06
17/09/2026 17:37:30.869000;-6.04868235107861e-06
17/09/2026 17:37:30.879000;-6.86830884037505e-06
17/09/2026 17:37:30.889000;-6.85684554246729e-06
17/09/2026 17:37:30.899000;-5.876732560617e-06
17/09/2026 17:37:30.909000;-3.06247891660996e-06
17/09/2026 17:37:30.919000;-3.41211213923975e-06
17/09/2026 17:37:30.929000;1.90692568816655e-06
17/09/2026 17:37:30.939000;-5.46258552542435e-07
17/09/2026 17:37:30.949000;4.03914271969727e-06
17/09/2026 17:37:30.959000;-3.80038520362735e-07
17/09/2026 17:37:30.969000;4.66390702835406e-06
17/09/2026 17:37:30.979000;5.42770289660333e-07
17/09/2026 17:37:30.989000;5.00208254326605e-06
17/09/2026 17:37:30.999000;9.26796838124984e-07
17/09/2026 17:37:31.009000;2.57754131580335e-06
17/09/2026 17:37:31.019000;2.89852006687976e-06
17/09/2026 17:37:31.029000;3.95889782145819e-06
17/09/2026 17:37:31.039000;2.92144712872819e-06
17/09/2026 17:37:31.049000;3.48316048554984e-06
17/09/2026 17:37:31.059000;4.54927131457166e-06
17/09/2026 17:37:31.069000;4.62378452542096e-06
17/09/2026 17:37:31.079000;4.79000634508526e-06
17/09/2026 17:37:31.089000;3.15071780734671e-06
17/09/2026 17:37:31.099000;5.95356069188285e-06
17/09/2026 17:37:31.109000;8.35088977775612e-07
17/09/2026 17:37:31.119000;5.03647328692136e-06
17/09/2026 17:37:31.129000;3.28828026699858e-06
17/09/2026 17:37:31.139000;5.34025829605136e-06
17/09/2026 17:37:31.149000;3.95316604352505e-06
17/09/2026 17:37:31.159000;3.32267088806165e-06
17/09/2026 17:37:31.169000;2.8412024170421e-06
17/09/2026 17:37:31.179000;5.63257990115514e-06
17/09/2026 17:37:31.189000;5.88477907582932e-06
17/09/2026 17:37:31.199000;6.36051878821505e-06
17/09/2026 17:37:31.209000;4.17670543355344e-06
17/09/2026 17:37:31.219000;5.73575227480424e-06
17/09/2026 17:37:31.229000;5.12818194869575e-06
17/09/2026 17:37:31.239000;5.05940045072492e-06
17/09/2026 17:37:31.249000;5.15110911687274e-06
17/09/2026 17:37:31.259000;3.93023893247584e-06
17/09/2026 17:37:31.269000;3.94170248786378e-06
17/09/2026 17:37:31.279000;5.17976807863156e-06
17/09/2026 17:37:31.289000;5.01354612421115e-06
17/09/2026 17:37:31.299000;3.76974918574517e-06
17/09/2026 17:37:31.309000;3.07620482480298e-06
17/09/2026 17:37:31.319000;3.74682208344278e-06
17/09/2026 17:37:31.329000;3.57486885102536e-06
17/09/2026 17:37:31.339000;1.53436185478691e-06
17/09/2026 17:37:31.349000;3.97036137752948e-06
17/09/2026 17:37:31.359000;2.93864242583202e-06
17/09/2026 17:37:31.369000;4.04487449865543e-06
17/09/2026 17:37:31.379000;5.4491624026692e-06
17/09/2026 17:37:31.389000;2.80681183041949e-06
17/09/2026 17:37:31.399000;4.21109611816759e-06
17/09/2026 17:37:31.409000;2.51449194345162e-06
17/09/2026 17:37:31.419000;4.95622822221906e-06
17/09/2026 17:37:31.429000;4.42317206098169e-06
17/09/2026 17:37:31.439000;3.12205896654015e-06
17/09/2026 17:37:31.449000;3.03608245437055e-06
17/09/2026 17:37:31.459000;3.46023339691434e-06
17/09/2026 17:37:31.469000;3.46596516897071e-06
17/09/2026 17:37:31.479000;4.15951009216889e-06
17/09/2026 17:37:31.489000;4.05060627768192e-06
17/09/2026 17:37:31.499000;3.93597071013564e-06
17/09/2026 17:37:31.509000;4.15951009216889e-06
17/09/2026 17:37:31.519000;4.6524434557458e-06
17/09/2026 17:37:31.529000;4.62951631134924e-06
17/09/2026 17:37:31.539000;2.86412947615715e-06
17/09/2026 17:37:31.549000;3.74682208344278e-06
17/09/2026 17:37:31.559000;2.75522595509823e-06
17/09/2026 17:37:31.569000;4.53780774469679e-06
17/09/2026 17:37:31.579000;5.4147716294932e-06
17/09/2026 17:37:31.589000;2.9730330218847e-06
17/09/2026 17:37:31.599000;3.85572582911681e-06
17/09/2026 17:37:31.609000;3.8901164907706e-06
17/09/2026 17:37:31.619000;3.18510841856962e-06
17/09/2026 17:37:31.629000;4.70976132152048e-06
17/09/2026 17:37:31.639000;4.66390702835406e-06
17/09/2026 17:37:31.649000;4.05633805677675e-06
17/09/2026 17:37:31.659000;3.30547557722261e-06
17/09/2026 17:37:31.669000;5.26574497415809e-06
17/09/2026 17:37:31.679000;5.34599009052149e-06
17/09/2026 17:37:31.689000;1.83814465104316e-06
17/09/2026 17:37:31.699000;3.74682208344278e-06
17/09/2026 17:37:31.709000;3.36852505330584e-06
17/09/2026 17:37:31.719000;4.70976132152048e-06
17/09/2026 17:37:31.729000;5.60965271001765e-06
17/09/2026 17:37:31.739000;3.32840265847799e-06
17/09/2026 17:37:31.749000;3.0246189205763e-06
17/09/2026 17:37:31.759000;3.70096788211804e-06
17/09/2026 17:37:31.769000;4.0792651738394e-06
17/09/2026 17:37:31.779000;5.21415883499714e-06
17/09/2026 17:37:31.789000;4.11365585148341e-06
17/09/2026 17:37:31.799000;3.71243143203922e-06
17/09/2026 17:37:31.809000;4.56646666989648e-06
17/09/2026 17:37:31.819000;3.68950433247021e-06
17/09/2026 17:37:31.829000;3.56913707767063e-06
17/09/2026 17:37:31.839000;4.52061239039699e-06
17/09/2026 17:37:31.849000;4.10792407170524e-06
17/09/2026 17:37:31.859000;2.30241684258579e-06
17/09/2026 17:37:31.869000;4.81293349713525e-06
17/09/2026 17:37:31.879000;4.48048989942251e-06
17/09/2026 17:37:31.889000;3.12205896654015e-06
17/09/2026 17:37:31.899000;3.71243143203922e-06
17/09/2026 17:37:31.909000;3.71816320710231e-06
17/09/2026 17:37:31.919000;5.35172188505996e-06
17/09/2026 17:37:31.929000;3.98755671214891e-06
17/09/2026 17:37:31.939000;2.9615694895938e-06
17/09/2026 17:37:31.949000;4.32573175131505e-06
17/09/2026 17:37:31.959000;2.9615694895938e-06
17/09/2026 17:37:31.969000;3.97609315566762e-06
17/09/2026 17:37:31.979000;4.17670543355344e-06
17/09/2026 17:37:31.989000;2.56034603161464e-06
17/09/2026 17:37:31.999000;3.89584826795206e-06
17/09/2026 17:37:32.009000;3.1965719561906e-06
17/09/2026 17:37:32.019000;3.70669965704447e-06
17/09/2026 17:37:32.029000;4.68110238777895e-06
17/09/2026 17:37:32.039000;2.46290609949578e-06
17/09/2026 17:37:32.049000;4.0792651738394e-06
17/09/2026 17:37:32.059000;3.25388964839556e-06
17/09/2026 17:37:32.069000;4.5550030996116e-06
17/09/2026 17:37:32.079000;4.13085119122799e-06
17/09/2026 17:37:32.089000;3.25388964839556e-06
17/09/2026 17:37:32.099000;3.93023893247584e-06
17/09/2026 17:37:32.109000;3.24242610940789e-06
17/09/2026 17:37:32.119000;3.3971839088043e-06
17/09/2026 17:37:32.129000;4.7040295346355e-06
17/09/2026 17:37:32.139000;4.46329454717275e-06
17/09/2026 17:37:32.149000;4.11365585148341e-06
17/09/2026 17:37:32.159000;3.39145213756794e-06
17/09/2026 17:37:32.169000;4.73842025697037e-06
17/09/2026 17:37:32.179000;3.540478211922e-06
17/09/2026 17:37:32.189000;2.3654661871255e-06
17/09/2026 17:37:32.199000;3.12205896654015e-06
17/09/2026 17:37:32.209000;4.03914271969727e-06
17/09/2026 17:37:32.219000;3.59206417149955e-06
17/09/2026 17:37:32.229000;4.446099195538e-06
17/09/2026 17:37:32.239000;3.16791311265066e-06
17/09/2026 17:37:32.249000;3.93597071013564e-06
17/09/2026 17:37:32.259000;2.9329106600624e-06
17/09/2026 17:37:32.269000;4.30280462249885e-06
17/09/2026 17:37:32.279000;3.29401203700492e-06
17/09/2026 17:37:32.289000;2.82400712342326e-06
17/09/2026 17:37:32.299000;4.11365585148341e-06
17/09/2026 17:37:32.309000;3.72962675743349e-06
17/09/2026 17:37:32.319000;3.04754598843815e-06
17/09/2026 17:37:32.329000;4.45756276322617e-06
17/09/2026 17:37:32.339000;3.95316604352505e-06
17/09/2026 17:37:32.349000;3.91877537736124e-06
17/09/2026 17:37:32.359000;4.17097365302359e-06
17/09/2026 17:37:32.369000;3.32267088806165e-06
17/09/2026 17:37:32.379000;4.73268846974372e-06
17/09/2026 17:37:32.389000;3.47169694109542e-06
17/09/2026 17:37:32.399000;3.37425682426887e-06
17/09/2026 17:37:32.409000;4.0104838259315e-06
17/09/2026 17:37:32.419000;6.58979110686657e-06
17/09/2026 17:37:32.429000;3.3971839088043e-06
17/09/2026 17:37:32.439000;3.64365013661223e-06
17/09/2026 17:37:32.449000;3.24242610940789e-06
17/09/2026 17:37:32.459000;3.01315538705538e-06
17/09/2026 17:37:32.469000;4.22255968025231e-06
17/09/2026 17:37:32.479000;5.23135421410244e-06
17/09/2026 17:37:32.489000;3.4487698530066e-06
17/09/2026 17:37:32.499000;3.28254849706058e-06
17/09/2026 17:37:32.509000;2.90425183223936e-06
17/09/2026 17:37:32.519000;4.45756276322617e-06
17/09/2026 17:37:32.529000;5.28294035510844e-06
17/09/2026 17:37:32.539000;4.51488060576706e-06
17/09/2026 17:37:32.549000;4.04487449865543e-06
17/09/2026 17:37:32.559000;2.59473660060701e-06
17/09/2026 17:37:32.569000;7.20309509668096e-06
17/09/2026 17:37:32.579000;4.0792651738394e-06
17/09/2026 17:37:32.589000;4.17097365302359e-06
17/09/2026 17:37:32.599000;3.15071780734671e-06
17/09/2026 17:37:32.609000;3.11632719858384e-06
17/09/2026 17:37:32.619000;4.0678016151714e-06
17/09/2026 17:37:32.629000;4.0964605123539e-06
17/09/2026 17:37:32.639000;2.87559300612468e-06
17/09/2026 17:37:32.649000;4.05060627768192e-06
17/09/2026 17:37:32.659000;3.09913189512491e-06
17/09/2026 17:37:32.669000;5.17976807863156e-06
17/09/2026 17:37:32.679000;3.34559797013704e-06
17/09/2026 17:37:32.689000;4.58939381128625e-06
17/09/2026 17:37:32.699000;4.47475811527092e-06
17/09/2026 17:37:32.709000;3.91304359990645e-06
17/09/2026 17:37:32.719000;5.59245731738204e-06
17/09/2026 17:37:32.729000;4.53207595986185e-06
17/09/2026 17:37:32.739000;4.74988383162867e-06
17/09/2026 17:37:32.749000;2.73803066455449e-06
17/09/2026 17:37:32.759000;4.01621560454799e-06
17/09/2026 17:37:32.769000;2.97876478813265e-06
17/09/2026 17:37:32.779000;4.07353339447123e-06
17/09/2026 17:37:32.789000;2.07314656850608e-06
17/09/2026 17:37:32.799000;2.76668948246906e-06
17/09/2026 17:37:32.809000;3.10486366287622e-06
17/09/2026 17:37:32.819000;3.03608245437055e-06
17/09/2026 17:37:32.829000;4.446099195538e-06
17/09/2026 17:37:32.839000;3.32267088806165e-06
17/09/2026 17:37:32.849000;3.66657723399454e-06
17/09/2026 17:37:32.859000;3.21949903225257e-06
17/09/2026 17:37:32.869000;5.0192779147862e-06
17/09/2026 17:37:32.879000;4.69256596107056e-06
17/09/2026 17:37:32.889000;4.21109611816759e-06
17/09/2026 17:37:32.899000;3.44303808115523e-06
17/09/2026 17:37:32.909000;2.5718095543388e-06
17/09/2026 17:37:32.919000;3.91877537736124e-06
17/09/2026 17:37:32.929000;4.5034170367122e-06
17/09/2026 17:37:32.939000;2.8412024170421e-06
17/09/2026 17:37:32.949000;4.06206983593991e-06
17/09/2026 17:37:32.959000;3.69523610725996e-06
17/09/2026 17:37:32.969000;4.42317206098169e-06
17/09/2026 17:37:32.979000;4.06206983593991e-06
17/09/2026 17:37:32.989000;3.32267088806165e-06
17/09/2026 17:37:32.999000;4.03914271969727e-06
17/09/2026 17:37:33.009000;3.08766835982725e-06
17/09/2026 17:37:33.019000;4.46329454717275e-06
17/09/2026 17:37:33.029000;5.00781433370443e-06
17/09/2026 17:37:33.039000;4.01621560454799e-06
17/09/2026 17:37:33.049000;3.15071780734671e-06
17/09/2026 17:37:33.059000;4.01621560454799e-06
17/09/2026 17:37:33.069000;4.0104838259315e-06
17/09/2026 17:37:33.079000;3.91877537736124e-06
17/09/2026 17:37:33.089000;3.07620482480298e-06
17/09/2026 17:37:33.099000;2.90425183223936e-06
17/09/2026 17:37:33.109000;3.99328849049205e-06
17/09/2026 17:37:33.119000;4.18243721415163e-06
17/09/2026 17:37:33.129000;4.29134105850076e-06
17/09/2026 17:37:33.139000;3.46023339691434e-06
17/09/2026 17:37:33.149000;4.0964605123539e-06
17/09/2026 17:37:33.159000;2.92144712872819e-06
17/09/2026 17:37:33.169000;5.07086403303671e-06
17/09/2026 17:37:33.179000;4.7842745572436e-06
17/09/2026 17:37:33.189000;3.09340012744194e-06
17/09/2026 17:37:33.199000;3.51755112055313e-06
17/09/2026 17:37:33.209000;3.94743426566025e-06
17/09/2026 17:37:33.219000;4.0792651738394e-06
17/09/2026 17:37:33.229000;3.68377255774879e-06
17/09/2026 17:37:33.239000;4.58939381128625e-06
17/09/2026 17:37:33.249000;2.96730125570508e-06
17/09/2026 17:37:33.259000;3.33413442896268e-06
17/09/2026 17:37:33.269000;4.618052739561e-06
17/09/2026 17:37:33.279000;5.821729269758e-06
17/09/2026 17:37:33.289000;2.97876478813265e-06
17/09/2026 17:37:33.299000;4.39451314432384e-06
17/09/2026 17:37:33.309000;4.27987749477601e-06
17/09/2026 17:37:33.319000;5.28867214889522e-06
17/09/2026 17:37:33.329000;4.9504964323957e-06
17/09/2026 17:37:33.339000;4.29707284046564e-06
17/09/2026 17:37:33.349000;4.06206983593991e-06
17/09/2026 17:37:33.359000;4.15377831184404e-06
17/09/2026 17:37:33.369000;5.84465647100906e-06
17/09/2026 17:37:33.379000;5.08232761562184e-06
17/09/2026 17:37:33.389000;4.01621560454799e-06
17/09/2026 17:37:33.399000;3.03035068743926e-06
17/09/2026 17:37:33.409000;3.70669965704447e-06
17/09/2026 17:37:33.419000;4.8645195932453e-06
17/09/2026 17:37:33.429000;3.91304359990645e-06
17/09/2026 17:37:33.439000;3.63218658833108e-06
17/09/2026 17:37:33.449000;4.23975502389191e-06
17/09/2026 17:37:33.459000;3.2997438070796e-06
17/09/2026 17:37:33.469000;3.74682208344278e-06
17/09/2026 17:37:33.479000;4.49768525228728e-06
17/09/2026 17:37:33.489000;3.65511368516672e-06
17/09/2026 17:37:33.499000;2.77242124625697e-06
17/09/2026 17:37:33.509000;2.85839771127588e-06
17/09/2026 17:37:33.519000;4.57793024045469e-06
17/09/2026 17:37:33.529000;3.4946240302776e-06
17/09/2026 17:37:33.539000;3.04754598843815e-06
17/09/2026 17:37:33.549000;5.26001318064465e-06
17/09/2026 17:37:33.559000;2.64059069642347e-06
17/09/2026 17:37:33.569000;4.38878136119727e-06
17/09/2026 17:37:33.579000;4.97915538219588e-06
17/09/2026 17:37:33.589000;4.02767916198596e-06
17/09/2026 17:37:33.599000;3.79840806516069e-06
17/09/2026 17:37:33.609000;3.58633239793981e-06
17/09/2026 17:37:33.619000;4.02767916198596e-06
17/09/2026 17:37:33.629000;4.94476464264066e-06
17/09/2026 17:37:33.639000;2.51449194345162e-06
17/09/2026 17:37:33.649000;3.76401741006707e-06
17/09/2026 17:37:33.659000;3.34559797013704e-06
17/09/2026 17:37:33.669000;3.89584826795206e-06
17/09/2026 17:37:33.679000;3.95889782145819e-06
17/09/2026 17:37:33.689000;3.08766835982725e-06
17/09/2026 17:37:33.699000;3.78694451318948e-06
17/09/2026 17:37:33.709000;3.99902026890353e-06
17/09/2026 17:37:33.719000;5.63257990115514e-06
17/09/2026 17:37:33.729000;4.44036741179642e-06
17/09/2026 17:37:33.739000;2.61193188602567e-06
17/09/2026 17:37:33.749000;4.29707284046564e-06
17/09/2026 17:37:33.759000;3.43157453765749e-06
17/09/2026 17:37:33.769000;4.48622168364243e-06
17/09/2026 17:37:33.779000;3.70669965704447e-06
17/09/2026 17:37:33.789000;2.726567137867e-06
17/09/2026 17:37:33.799000;2.94437419166996e-06
17/09/2026 17:37:33.809000;2.70364008531204e-06
17/09/2026 17:37:33.819000;4.52634417509525e-06
17/09/2026 17:37:33.829000;5.11671836501726e-06
17/09/2026 17:37:33.839000;3.03035068743926e-06
17/09/2026 17:37:33.849000;3.68950433247021e-06
17/09/2026 17:37:33.859000;2.37119794613002e-06
17/09/2026 17:37:33.869000;6.16563740332674e-06
17/09/2026 17:37:33.879000;5.655507093386e-06
17/09/2026 17:37:33.889000;3.08766835982725e-06
17/09/2026 17:37:33.899000;3.81560339363001e-06
17/09/2026 17:37:33.909000;3.94170248786378e-06
17/09/2026 17:37:33.919000;4.19390077555301e-06
17/09/2026 17:37:33.929000;4.52061239039699e-06
17/09/2026 17:37:33.939000;3.34559797013704e-06
17/09/2026 17:37:33.949000;4.12511941124482e-06
17/09/2026 17:37:33.959000;3.3971839088043e-06
17/09/2026 17:37:33.969000;4.34292709864472e-06
17/09/2026 17:37:33.979000;4.49768525228728e-06
17/09/2026 17:37:33.989000;2.89278830158849e-06
17/09/2026 17:37:33.999000;1.9527797183822e-06
17/09/2026 17:37:34.009000;1.66046035068569e-06
17/09/2026 17:37:34.019000;4.1996325563562e-06
17/09/2026 17:37:34.029000;4.8989103270604e-06
17/09/2026 17:37:34.039000;3.21949903225257e-06
17/09/2026 17:37:34.049000;4.62378452542096e-06
17/09/2026 17:37:34.059000;3.33413442896268e-06
17/09/2026 17:37:34.069000;4.18816899481815e-06
17/09/2026 17:37:34.079000;3.3570615115848e-06
17/09/2026 17:37:34.089000;3.0016918538078e-06
17/09/2026 17:37:34.099000;4.83586065027859e-06
17/09/2026 17:37:34.109000;3.46596516897071e-06
17/09/2026 17:37:34.119000;4.64671166954417e-06
17/09/2026 17:37:34.129000;5.70136148112783e-06
17/09/2026 17:37:34.139000;1.91265744170433e-06
17/09/2026 17:37:34.149000;4.446099195538e-06
17/09/2026 17:37:34.159000;3.70669965704447e-06
17/09/2026 17:37:34.169000;4.11938763132992e-06
17/09/2026 17:37:34.179000;3.87865293661268e-06
17/09/2026 17:37:34.189000;4.11365585148341e-06
17/09/2026 17:37:34.199000;3.19084018734595e-06
17/09/2026 17:37:34.209000;2.77242124625697e-06
17/09/2026 17:37:34.219000;5.30586753066559e-06
17/09/2026 17:37:34.229000;4.85878780451529e-06
17/09/2026 17:37:34.239000;2.99022832083356e-06
17/09/2026 17:37:34.249000;4.35439066387284e-06
17/09/2026 17:37:34.259000;3.04754598843815e-06
17/09/2026 17:37:34.269000;4.10792407170524e-06
17/09/2026 17:37:34.279000;4.34865888122461e-06
17/09/2026 17:37:34.289000;3.55767353116617e-06
17/09/2026 17:37:34.299000;5.12818194869575e-06
17/09/2026 17:37:34.309000;3.73535853270159e-06
17/09/2026 17:37:34.319000;4.14804653158753e-06
17/09/2026 17:37:34.329000;3.92450715488438e-06
17/09/2026 17:37:34.339000;3.4487698530066e-06
17/09/2026 17:37:34.349000;4.47475811527092e-06
17/09/2026 17:37:34.359000;2.9730330218847e-06
17/09/2026 17:37:34.369000;3.73535853270159e-06
17/09/2026 17:37:34.379000;4.90464211626881e-06
17/09/2026 17:37:34.389000;3.0246189205763e-06
17/09/2026 17:37:34.399000;5.4147716294932e-06
17/09/2026 17:37:34.409000;4.23975502389191e-06
17/09/2026 17:37:34.419000;4.23975502389191e-06
17/09/2026 17:37:34.429000;5.64977529522578e-06
17/09/2026 17:37:34.439000;4.00475204738335e-06
17/09/2026 17:37:34.449000;3.01315538705538e-06
17/09/2026 17:37:34.459000;2.32534387600722e-06
17/09/2026 17:37:34.469000;4.25121858665998e-06
17/09/2026 17:37:34.479000;4.00475204738335e-06
17/09/2026 17:37:34.489000;2.81827535902034e-06
17/09/2026 17:37:34.499000;4.54927131457166e-06
17/09/2026 17:37:34.509000;3.21949903225257e-06
17/09/2026 17:37:34.519000;3.55767353116617e-06
17/09/2026 17:37:34.529000;3.72389498223374e-06
17/09/2026 17:37:34.539000;4.09072873278073e-06
17/09/2026 17:37:34.549000;4.21682789917578e-06
17/09/2026 17:37:34.559000;3.59206417149955e-06
17/09/2026 17:37:34.569000;5.74721587324305e-06
17/09/2026 17:37:34.579000;4.31426818677028e-06
17/09/2026 17:37:34.589000;3.70096788211804e-06
17/09/2026 17:37:34.599000;4.32573175131505e-06
17/09/2026 17:37:34.609000;3.09340012744194e-06
17/09/2026 17:37:34.619000;4.90464211626881e-06
17/09/2026 17:37:34.629000;4.5836620258363e-06
17/09/2026 17:37:34.639000;4.25121858665998e-06
17/09/2026 17:37:34.649000;3.48316048554984e-06
17/09/2026 17:37:34.659000;3.14498603904873e-06
17/09/2026 17:37:34.669000;3.90158004520185e-06
17/09/2026 17:37:34.679000;3.70669965704447e-06
17/09/2026 17:37:34.689000;3.92450715488438e-06
17/09/2026 17:37:34.699000;3.8041398412488e-06
17/09/2026 17:37:34.709000;5.49501677073054e-06
17/09/2026 17:37:34.719000;5.24854959382276e-06
17/09/2026 17:37:34.729000;6.15990559908472e-06
17/09/2026 17:37:34.739000;3.84426227577891e-06
17/09/2026 17:37:34.749000;4.05060627768192e-06
17/09/2026 17:37:34.759000;4.21682789917578e-06
17/09/2026 17:37:34.769000;3.13352250265777e-06
17/09/2026 17:37:34.779000;5.0192779147862e-06
17/09/2026 17:37:34.789000;3.3971839088043e-06
17/09/2026 17:37:34.799000;4.23975502389191e-06
17/09/2026 17:37:34.809000;3.18510841856962e-06
17/09/2026 17:37:34.819000;5.05366865967153e-06
17/09/2026 17:37:34.829000;4.73842025697037e-06
17/09/2026 17:37:34.839000;3.1965719561906e-06
17/09/2026 17:37:34.849000;3.62645481429301e-06
17/09/2026 17:37:34.859000;6.95662704412822e-06
17/09/2026 17:37:34.869000;2.31961211754937e-06
17/09/2026 17:37:34.879000;7.77054527939836e-06
17/09/2026 17:37:34.889000;2.08461007961337e-06
17/09/2026 17:37:34.899000;5.57526192536145e-06
17/09/2026 17:37:34.909000;2.82400712342326e-06
17/09/2026 17:37:34.919000;5.2198906279639e-06
17/09/2026 17:37:34.929000;5.86758367335349e-06
17/09/2026 17:37:34.939000;3.79267628914092e-06
17/09/2026 17:37:34.949000;4.81866528531858e-06
17/09/2026 17:37:34.959000;1.58021584946885e-06
17/09/2026 17:37:34.969000;4.72122489549543e-06
17/09/2026 17:37:34.979000;3.2997438070796e-06
17/09/2026 17:37:34.989000;1.94704796436607e-06
17/09/2026 17:37:34.999000;3.4946240302776e-06
17/09/2026 17:37:35.009000;2.39412498283143e-06
17/09/2026 17:37:35.019000;3.55194175801645e-06
17/09/2026 17:37:35.029000;5.59818911485891e-06
17/09/2026 17:37:35.039000;2.21644047699324e-06
17/09/2026 17:37:35.049000;4.64671166954417e-06
17/09/2026 17:37:35.059000;4.33146353368994e-06
17/09/2026 17:37:35.069000;3.8041398412488e-06
17/09/2026 17:37:35.079000;5.50074856704571e-06
17/09/2026 17:37:35.089000;3.64938191085531e-06
17/09/2026 17:37:35.099000;2.26802629450375e-06
17/09/2026 17:37:35.109000;2.76095771874948e-06
17/09/2026 17:37:35.119000;5.1339137406375e-06
17/09/2026 17:37:35.129000;4.30280462249885e-06
17/09/2026 17:37:35.139000;1.96424322661945e-06
17/09/2026 17:37:35.149000;2.61915246928193e-07
17/09/2026 17:37:35.159000;2.65778598348216e-06
17/09/2026 17:37:35.169000;3.55767353116617e-06
17/09/2026 17:37:35.179000;4.95622822221906e-06
17/09/2026 17:37:35.189000;1.62606984852417e-06
17/09/2026 17:37:35.199000;1.49997136164544e-06
17/09/2026 17:37:35.209000;1.81521764085539e-06
17/09/2026 17:37:35.219000;1.86680341531539e-06
17/09/2026 17:37:35.229000;2.66351774597173e-06
17/09/2026 17:37:35.239000;-5.34795103892241e-07
17/09/2026 17:37:35.249000;-7.1821024949444e-07
17/09/2026 17:37:35.259000;2.38266146434406e-06
17/09/2026 17:37:35.269000;2.90425183223936e-06
17/09/2026 17:37:35.279000;3.11632719858384e-06
17/09/2026 17:37:35.289000;2.54888250916388e-06
17/09/2026 17:37:35.299000;2.61766364796857e-06
17/09/2026 17:37:35.309000;4.3601224465894e-06
17/09/2026 17:37:35.319000;4.40597671078198e-06
17/09/2026 17:37:35.329000;4.3601224465894e-06
17/09/2026 17:37:35.339000;3.82706694628457e-06
17/09/2026 17:37:35.349000;3.13352250265777e-06
17/09/2026 17:37:35.359000;4.5836620258363e-06
17/09/2026 17:37:35.369000;6.05673313441352e-06
17/09/2026 17:37:35.379000;7.70176340339791e-06
17/09/2026 17:37:35.389000;6.29173711394015e-06
17/09/2026 17:37:35.399000;9.95437495845104e-06
17/09/2026 17:37:35.409000;8.02274557558902e-06
17/09/2026 17:37:35.419000;6.80186809896258e-06
17/09/2026 17:37:35.429000;1.0676588531085e-05
17/09/2026 17:37:35.439000;5.57526192536145e-06
17/09/2026 17:37:35.449000;4.75561561906032e-06
17/09/2026 17:37:35.459000;5.67270248827665e-06
17/09/2026 17:37:35.469000;7.81066804494289e-06
17/09/2026 17:37:35.479000;8.02847740203999e-06
17/09/2026 17:37:35.489000;5.96502429551512e-06
17/09/2026 17:37:35.499000;9.50155906546648e-06
17/09/2026 17:37:35.509000;8.37238711415202e-06
17/09/2026 17:37:35.519000;7.14004511772188e-06
17/09/2026 17:37:35.529000;4.26841393132459e-06
17/09/2026 17:37:35.539000;2.42851553993359e-06
17/09/2026 17:37:35.549000;3.68950433247021e-06
17/09/2026 17:37:35.559000;4.8645195932453e-06
17/09/2026 17:37:35.569000;4.59512559680453e-06
17/09/2026 17:37:35.579000;4.66390702835406e-06
17/09/2026 17:37:35.589000;3.68950433247021e-06
17/09/2026 17:37:35.599000;3.55767353116617e-06
17/09/2026 17:37:35.609000;2.97876478813265e-06
17/09/2026 17:37:35.619000;3.9818249338741e-06
17/09/2026 17:37:35.629000;3.16791311265066e-06
17/09/2026 17:37:35.639000;3.66657723399454e-06
17/09/2026 17:37:35.649000;4.03341094080745e-06
17/09/2026 17:37:35.659000;3.37425682426887e-06
17/09/2026 17:37:35.669000;3.58633239793981e-06
17/09/2026 17:37:35.679000;5.59818911485891e-06
17/09/2026 17:37:35.689000;4.26841393132459e-06
17/09/2026 17:37:35.699000;5.58672551997351e-06
17/09/2026 17:37:35.709000;2.32534387600722e-06
17/09/2026 17:37:35.719000;5.34025829605136e-06
17/09/2026 17:37:35.729000;3.24242610940789e-06
17/09/2026 17:37:35.739000;3.51755112055313e-06
17/09/2026 17:37:35.749000;3.24815787886756e-06
17/09/2026 17:37:35.759000;3.98755671214891e-06
17/09/2026 17:37:35.769000;4.0678016151714e-06
17/09/2026 17:37:35.779000;4.45183097934792e-06
17/09/2026 17:37:35.789000;2.37692970520287e-06
17/09/2026 17:37:35.799000;4.07353339447123e-06
17/09/2026 17:37:35.809000;3.78694451318948e-06
17/09/2026 17:37:35.819000;3.86718938272811e-06
17/09/2026 17:37:35.829000;6.98528611351465e-06
17/09/2026 17:37:35.839000;1.96997498084058e-06
17/09/2026 17:37:35.849000;5.15110911687274e-06
17/09/2026 17:37:35.859000;7.08272696220701e-06
17/09/2026 17:37:35.869000;4.5550030996116e-06
17/09/2026 17:37:35.879000;7.20309509668096e-06
17/09/2026 17:37:35.889000;1.55728885158121e-06
17/09/2026 17:37:35.899000;5.85038827149267e-06
17/09/2026 17:37:35.909000;2.45144257936838e-06
17/09/2026 17:37:35.919000;3.65511368516672e-06
17/09/2026 17:37:35.929000;1.11594435534357e-06
17/09/2026 17:37:35.939000;-1.3601627080607e-06
17/09/2026 17:37:35.949000;3.98755671214891e-06
17/09/2026 17:37:35.959000;3.11059543069586e-06
17/09/2026 17:37:35.969000;4.87598317091033e-06
17/09/2026 17:37:35.979000;6.05673313441352e-06
17/09/2026 17:37:35.989000;-1.91613869826447e-06
17/09/2026 17:37:35.999000;1.0242364589139e-06
17/09/2026 17:37:36.009000;1.8553399094015e-06
17/09/2026 17:37:36.019000;4.03341094080745e-06
17/09/2026 17:37:36.029000;3.07769120249141e-07
17/09/2026 17:37:36.039000;2.79534830209198e-06
17/09/2026 17:37:36.049000;6.12551477506759e-06
17/09/2026 17:37:36.059000;1.66046035068569e-06
17/09/2026 17:37:36.069000;6.27454169690896e-06
17/09/2026 17:37:36.079000;3.93023893247584e-06
17/09/2026 17:37:36.089000;3.54620998493506e-06
17/09/2026 17:37:36.099000;4.3199999690085e-06
17/09/2026 17:37:36.109000;4.34865888122461e-06
17/09/2026 17:37:36.119000;4.69829774781887e-06
17/09/2026 17:37:36.129000;5.1339137406375e-06
17/09/2026 17:37:36.139000;3.23096257069356e-06
17/09/2026 17:37:36.149000;2.83547065243417e-06
17/09/2026 17:37:36.159000;3.17364488122198e-06
17/09/2026 17:37:36.169000;5.33452650164956e-06
17/09/2026 17:37:36.179000;3.52328289329284e-06
17/09/2026 17:37:36.189000;3.65511368516672e-06
17/09/2026 17:37:36.199000;3.16218134414768e-06
17/09/2026 17:37:36.209000;3.48316048554984e-06
17/09/2026 17:37:36.219000;4.19390077555301e-06
17/09/2026 17:37:36.229000;4.80146992097359e-06
17/09/2026 17:37:36.239000;2.29668508440128e-06
17/09/2026 17:37:36.249000;6.34478094249282e-07
17/09/2026 17:37:36.259000;3.8901164907706e-06
17/09/2026 17:37:36.269000;1.31082369334053e-06
17/09/2026 17:37:36.279000;4.62951631134924e-06
17/09/2026 17:37:36.289000;9.15333354624638e-07
17/09/2026 17:37:36.299000;6.10258756042287e-06
17/09/2026 17:37:36.309000;9.62765965104606e-06
17/09/2026 17:37:36.319000;6.02807412037856e-06
17/09/2026 17:37:36.329000;6.38344601516007e-06
17/09/2026 17:37:36.339000;4.26841393132459e-06
17/09/2026 17:37:36.349000;3.51755112055313e-06
17/09/2026 17:37:36.359000;2.75522595509823e-06
17/09/2026 17:37:36.369000;1.48277611599723e-06
17/09/2026 17:37:36.379000;4.26841393132459e-06
17/09/2026 17:37:36.389000;-7.98454353691976e-07
17/09/2026 17:37:36.399000;3.72389498223374e-06
17/09/2026 17:37:36.409000;1.36240941367998e-06
17/09/2026 17:37:36.419000;5.66123889161455e-06
17/09/2026 17:37:36.429000;6.45795951028242e-06
17/09/2026 17:37:36.439000;3.30547557722261e-06
17/09/2026 17:37:36.449000;5.89051087679127e-06
17/09/2026 17:37:36.459000;3.40864745148203e-06
17/09/2026 17:37:36.469000;4.83012886189026e-06
17/09/2026 17:37:36.479000;3.51181934788174e-06
17/09/2026 17:37:36.489000;2.49729666151799e-06
17/09/2026 17:37:36.499000;6.17282879556345e-07
17/09/2026 17:37:36.509000;3.75255385891587e-06
17/09/2026 17:37:36.519000;4.06206983593991e-06
17/09/2026 17:37:36.529000;4.97915538219588e-06
17/09/2026 17:37:36.539000;2.07314656850608e-06
17/09/2026 17:37:36.549000;4.17097365302359e-06
17/09/2026 17:37:36.559000;3.94170248786378e-06
17/09/2026 17:37:36.569000;4.8989103270604e-06
17/09/2026 17:37:36.579000;3.14498603904873e-06
17/09/2026 17:37:36.589000;2.74376242800073e-06
17/09/2026 17:37:36.599000;4.15377831184404e-06
17/09/2026 17:37:36.609000;4.42317206098169e-06
17/09/2026 17:37:36.619000;5.34599009052149e-06
17/09/2026 17:37:36.629000;3.65511368516672e-06
17/09/2026 17:37:36.639000;3.21376726313458e-06
17/09/2026 17:37:36.649000;4.17670543355344e-06
17/09/2026 17:37:36.659000;4.1996325563562e-06
17/09/2026 17:37:36.669000;3.99902026890353e-06
17/09/2026 17:37:36.679000;4.48048989942251e-06
17/09/2026 17:37:36.689000;4.64671166954417e-06
17/09/2026 17:37:36.699000;7.26041326654629e-06
17/09/2026 17:37:36.709000;4.27987749477601e-06
17/09/2026 17:37:36.719000;5.01354612421115e-06
17/09/2026 17:37:36.729000;6.38344601516007e-06
17/09/2026 17:37:36.739000;2.30241684258579e-06
17/09/2026 17:37:36.749000;7.90810906092002e-06
17/09/2026 17:37:36.759000;1.36240941367998e-06
17/09/2026 17:37:36.769000;2.92717889436113e-06
17/09/2026 17:37:36.779000;3.58060062444842e-06
17/09/2026 17:37:36.789000;-3.89357386572968e-06
17/09/2026 17:37:36.799000;-2.11101672821949e-06
17/09/2026 17:37:36.809000;-8.21381238145604e-07
17/09/2026 17:37:36.819000;1.91265744170433e-06
17/09/2026 17:37:36.829000;4.6065891680461e-06
17/09/2026 17:37:36.839000;1.09301737959614e-06
17/09/2026 17:37:36.849000;3.78121273730637e-06
17/09/2026 17:37:36.859000;3.01888715378167e-06
17/09/2026 17:37:36.869000;3.80987161740524e-06
17/09/2026 17:37:36.879000;2.1648546650178e-06
17/09/2026 17:37:36.889000;3.03608245437055e-06
17/09/2026 17:37:36.899000;3.75255385891587e-06
17/09/2026 17:37:36.909000;3.74682208344278e-06
17/09/2026 17:37:36.919000;4.21682789917578e-06
17/09/2026 17:37:36.929000;3.75255385891587e-06
17/09/2026 17:37:36.939000;4.0964605123539e-06
17/09/2026 17:37:36.949000;4.50914882120546e-06
17/09/2026 17:37:36.959000;3.50035580274398e-06
17/09/2026 17:37:36.969000;5.11098657328052e-06
17/09/2026 17:37:36.979000;4.49768525228728e-06
17/09/2026 17:37:36.989000;3.60352771882401e-06
17/09/2026 17:37:36.999000;4.82439707357025e-06
17/09/2026 17:37:37.009000;2.38266146434406e-06
17/09/2026 17:37:37.019000;5.48355317830519e-06
17/09/2026 17:37:37.029000;2.95583772355085e-06
17/09/2026 17:37:37.039000;3.85572582911681e-06
17/09/2026 17:37:37.049000;4.16524187256207e-06
17/09/2026 17:37:37.059000;5.20269524926861e-06
17/09/2026 17:37:37.069000;2.37692970520287e-06
17/09/2026 17:37:37.079000;2.76095771874948e-06
17/09/2026 17:37:37.089000;6.17282879556345e-07
17/09/2026 17:37:37.099000;3.20230372510359e-06
17/09/2026 17:37:37.109000;3.97036137752948e-06
17/09/2026 17:37:37.119000;5.94782889016922e-06
17/09/2026 17:37:37.129000;6.26880989136857e-06
17/09/2026 17:37:37.139000;4.8989103270604e-06
17/09/2026 17:37:37.149000;1.83814465104316e-06
17/09/2026 17:37:37.159000;1.58021584946885e-06
17/09/2026 17:37:37.169000;3.540478211922e-06
17/09/2026 17:37:37.179000;1.07582214850307e-06
17/09/2026 17:37:37.189000;1.93134445146766e-07
17/09/2026 17:37:37.199000;2.69217655944457e-06
17/09/2026 17:37:37.209000;1.82668114581261e-06
17/09/2026 17:37:37.219000;1.98143848948784e-06
17/09/2026 17:37:37.229000;-5.33300137652484e-08
17/09/2026 17:37:37.239000;1.0242364589139e-06
17/09/2026 17:37:37.249000;3.402915680109e-06
17/09/2026 17:37:37.259000;4.98488717236092e-06
17/09/2026 17:37:37.269000;5.56953012815792e-06
17/09/2026 17:37:37.279000;5.2084270420987e-06
17/09/2026 17:37:37.289000;2.34253915179076e-06
17/09/2026 17:37:37.299000;4.66390702835406e-06
17/09/2026 17:37:37.309000;3.01315538705538e-06
17/09/2026 17:37:37.319000;4.66390702835406e-06
17/09/2026 17:37:37.329000;4.8874467488487e-06
17/09/2026 17:37:37.339000;3.58060062444842e-06
17/09/2026 17:37:37.349000;4.04487449865543e-06
17/09/2026 17:37:37.359000;3.48889225787955e-06
17/09/2026 17:37:37.369000;4.17097365302359e-06
17/09/2026 17:37:37.379000;4.95622822221906e-06
17/09/2026 17:37:37.389000;3.48316048554984e-06
17/09/2026 17:37:37.399000;1.35667766670226e-06
17/09/2026 17:37:37.409000;3.91877537736124e-06
17/09/2026 17:37:37.419000;4.46329454717275e-06
17/09/2026 17:37:37.429000;4.1996325563562e-06
17/09/2026 17:37:37.439000;4.01621560454799e-06
17/09/2026 17:37:37.449000;4.01621560454799e-06
17/09/2026 17:37:37.459000;3.73535853270159e-06
17/09/2026 17:37:37.469000;4.69829774781887e-06
17/09/2026 17:37:37.479000;3.28828026699858e-06
17/09/2026 17:37:37.489000;2.35400266932146e-06
17/09/2026 17:37:37.499000;2.21070871983375e-06
17/09/2026 17:37:37.509000;3.48316048554984e-06
17/09/2026 17:37:37.519000;6.4694231259417e-06
17/09/2026 17:37:37.529000;6.37198240155089e-06
17/09/2026 17:37:37.539000;2.9099835976673e-06
17/09/2026 17:37:37.549000;5.47208958615319e-06
17/09/2026 17:37:37.559000;5.18549987118832e-06
17/09/2026 17:37:37.569000;5.01354612421115e-06
17/09/2026 17:37:37.579000;4.1021922919954e-06
17/09/2026 17:37:37.589000;3.79840806516069e-06
17/09/2026 17:37:37.599000;5.89624267782155e-06
17/09/2026 17:37:37.609000;4.87598317091033e-06
17/09/2026 17:37:37.619000;2.15912290847332e-06
17/09/2026 17:37:37.629000;1.82668114581261e-06
17/09/2026 17:37:37.639000;1.06435866144936e-06
17/09/2026 17:37:37.649000;7.16297238184122e-06
17/09/2026 17:37:37.659000;2.61193188602567e-06
17/09/2026 17:37:37.669000;2.543150748041e-06
17/09/2026 17:37:37.679000;4.80146992097359e-06
17/09/2026 17:37:37.689000;1.9298527027277e-06
17/09/2026 17:37:37.699000;5.87331547411043e-06
17/09/2026 17:37:37.709000;1.90692568816655e-06
17/09/2026 17:37:37.719000;1.20192052413403e-06
17/09/2026 17:37:37.729000;5.35172188505996e-06
17/09/2026 17:37:37.739000;-1.03345486751021e-06
17/09/2026 17:37:37.749000;9.72650774859723e-07
17/09/2026 17:37:37.759000;1.70631435739442e-06
17/09/2026 17:37:37.769000;3.10486366287622e-06
17/09/2026 17:37:37.779000;2.95583772355085e-06
17/09/2026 17:37:37.789000;1.11021261130421e-06
17/09/2026 17:37:37.799000;5.7701430709407e-06
17/09/2026 17:37:37.809000;3.87865293661268e-06
17/09/2026 17:37:37.819000;4.9906189625943e-06
17/09/2026 17:37:37.829000;3.03608245437055e-06
17/09/2026 17:37:37.839000;3.73535853270159e-06
17/09/2026 17:37:37.849000;2.78388477403781e-06
17/09/2026 17:37:37.859000;3.56340530438423e-06
17/09/2026 17:37:37.869000;4.25695036814651e-06
17/09/2026 17:37:37.879000;3.67230900851096e-06
17/09/2026 17:37:37.889000;2.17631817831178e-06
17/09/2026 17:37:37.899000;6.13697838279996e-06
17/09/2026 17:37:37.909000;2.82400712342326e-06
17/09/2026 17:37:37.919000;4.66390702835406e-06
17/09/2026 17:37:37.929000;6.13697838279996e-06
17/09/2026 17:37:37.939000;2.79534830209198e-06
17/09/2026 17:37:37.949000;4.56646666989648e-06
17/09/2026 17:37:37.959000;4.28560927660422e-06
17/09/2026 17:37:37.969000;5.23135421410244e-06
17/09/2026 17:37:37.979000;6.1942964255619e-06
17/09/2026 17:37:37.989000;5.50648036342922e-06
17/09/2026 17:37:37.999000;4.56073488471987e-06
17/09/2026 17:37:38.009000;5.07086403303671e-06
17/09/2026 17:37:38.019000;3.31120734743395e-06
17/09/2026 17:37:38.029000;3.55767353116617e-06
17/09/2026 17:37:38.039000;7.77771573940658e-07
17/09/2026 17:37:38.049000;5.23135421410244e-06
17/09/2026 17:37:38.059000;9.15333354624638e-07
17/09/2026 17:37:38.069000;3.78694451318948e-06
17/09/2026 17:37:38.079000;4.17670543355344e-06
17/09/2026 17:37:38.089000;3.16791311265066e-06
17/09/2026 17:37:38.099000;4.77281098176529e-06
17/09/2026 17:37:38.109000;3.43157453765749e-06
17/09/2026 17:37:38.119000;2.58900483893745e-06
17/09/2026 17:37:38.129000;6.20576003493437e-06
17/09/2026 17:37:38.139000;2.1361958829787e-06
17/09/2026 17:37:38.149000;7.83503314016652e-07
17/09/2026 17:37:38.159000;3.40864745148203e-06
17/09/2026 17:37:38.169000;5.75867947195521e-06
17/09/2026 17:37:38.179000;2.81254359468575e-06
17/09/2026 17:37:38.189000;4.25121858665998e-06
17/09/2026 17:37:38.199000;7.94823183794489e-06
17/09/2026 17:37:38.209000;1.24204274149796e-06
17/09/2026 17:37:38.219000;4.42890384451827e-06
17/09/2026 17:37:38.229000;3.76974918574517e-06
17/09/2026 17:37:38.239000;1.6547286001546e-06
17/09/2026 17:37:38.249000;3.58060062444842e-06
17/09/2026 17:37:38.259000;2.04448779193366e-06
17/09/2026 17:37:38.269000;2.67498127115586e-06
17/09/2026 17:37:38.279000;2.95583772355085e-06
17/09/2026 17:37:38.289000;1.37387290784042e-06
17/09/2026 17:37:38.299000;2.33680739312791e-06
17/09/2026 17:37:38.309000;3.47742871328846e-06
17/09/2026 17:37:38.319000;1.91838919531046e-06
17/09/2026 17:37:38.329000;3.95316604352505e-06
17/09/2026 17:37:38.339000;1.87826692150262e-06
17/09/2026 17:37:38.349000;6.7460026425782e-07
17/09/2026 17:37:38.359000;5.0307414961413e-06
17/09/2026 17:37:38.369000;5.74721587324305e-06
17/09/2026 17:37:38.379000;5.29440394275034e-06
17/09/2026 17:37:38.389000;5.66123889161455e-06
17/09/2026 17:37:38.399000;5.5294075496466e-06
17/09/2026 17:37:38.409000;4.34865888122461e-06
17/09/2026 17:37:38.419000;3.60352771882401e-06
17/09/2026 17:37:38.429000;3.82133516992313e-06
17/09/2026 17:37:38.439000;4.0104838259315e-06
17/09/2026 17:37:38.449000;6.15990559908472e-06
17/09/2026 17:37:38.459000;4.38878136119727e-06
17/09/2026 17:37:38.469000;6.33185975607131e-06
17/09/2026 17:37:38.479000;6.1771010120158e-06
17/09/2026 17:37:38.489000;3.14498603904873e-06
17/09/2026 17:37:38.499000;3.23096257069356e-06
17/09/2026 17:37:38.509000;4.17097365302359e-06
17/09/2026 17:37:38.519000;1.90119393469709e-06
17/09/2026 17:37:38.529000;6.05100133146986e-06
17/09/2026 17:37:38.539000;8.6947942335661e-07
17/09/2026 17:37:38.549000;2.45717433939791e-06
17/09/2026 17:37:38.559000;2.00436550760237e-06
17/09/2026 17:37:38.569000;3.07620482480298e-06
17/09/2026 17:37:38.579000;2.94437419166996e-06
17/09/2026 17:37:38.589000;1.75216836847652e-06
17/09/2026 17:37:38.599000;3.12779073456479e-06
17/09/2026 17:37:38.609000;1.07009040494205e-06
17/09/2026 17:37:38.619000;2.726567137867e-06
17/09/2026 17:37:38.629000;4.06206983593991e-06
17/09/2026 17:37:38.639000;-2.13818430714466e-07
17/09/2026 17:37:38.649000;2.05021954711146e-06
17/09/2026 17:37:38.659000;2.41132026107501e-06
17/09/2026 17:37:38.669000;6.49808216628565e-06
17/09/2026 17:37:38.679000;4.00475204738335e-06
17/09/2026 17:37:38.689000;-3.31467339783386e-06
17/09/2026 17:37:38.699000;3.37425682426887e-06
17/09/2026 17:37:38.709000;-1.113698919091e-06
17/09/2026 17:37:38.719000;5.46635779017969e-06
17/09/2026 17:37:38.729000;-1.22260153909947e-06
17/09/2026 17:37:38.739000;-3.13699093619525e-06
17/09/2026 17:37:38.749000;3.47742871328846e-06
17/09/2026 17:37:38.759000;-2.17979719052008e-06
17/09/2026 17:37:38.769000;2.69790832234414e-06
17/09/2026 17:37:38.779000;2.64632245870803e-06
17/09/2026 17:37:38.789000;-2.01357772311611e-06
17/09/2026 17:37:38.799000;7.3191765579268e-07
17/09/2026 17:37:38.809000;4.5679423874575e-07
17/09/2026 17:37:38.819000;-2.82599164435536e-07
17/09/2026 17:37:38.829000;1.74070486529599e-06
17/09/2026 17:37:38.839000;-1.60089465903272e-06
17/09/2026 17:37:38.849000;-7.29673693771233e-07
17/09/2026 17:37:38.859000;1.49997136164544e-06
17/09/2026 17:37:38.869000;9.32528579977658e-07
17/09/2026 17:37:38.879000;3.53622997943451e-07
17/09/2026 17:37:38.889000;-4.43087504851075e-07
17/09/2026 17:37:38.899000;5.65697239167558e-07
17/09/2026 17:37:38.909000;4.68257711312681e-07
17/09/2026 17:37:38.919000;2.31388035915986e-06
17/09/2026 17:37:38.929000;3.03608245437055e-06
17/09/2026 17:37:38.939000;-1.56501145096918e-07
17/09/2026 17:37:38.949000;3.07620482480298e-06
17/09/2026 17:37:38.959000;1.33375067947472e-06
17/09/2026 17:37:38.969000;1.75216836847652e-06
17/09/2026 17:37:38.979000;4.21109611816759e-06
17/09/2026 17:37:38.989000;-4.18665533617227e-08
17/09/2026 17:37:38.999000;1.7235096110377e-06
17/09/2026 17:37:39.009000;1.76363187193039e-06
17/09/2026 17:37:39.019000;2.26229453672924e-06
17/09/2026 17:37:39.029000;2.48583314057058e-06
17/09/2026 17:37:39.039000;8.99632609248136e-08
17/09/2026 17:37:39.049000;1.247774487109e-06
17/09/2026 17:37:39.059000;-1.62232873966175e-07
17/09/2026 17:37:39.069000;2.65205422106093e-06
17/09/2026 17:37:39.079000;1.98717024391397e-06
17/09/2026 17:37:39.089000;7.26185916331692e-07
17/09/2026 17:37:39.099000;1.7750953756576e-06
17/09/2026 17:37:39.109000;1.75939246238932e-07
17/09/2026 17:37:39.119000;7.83503314016652e-07
17/09/2026 17:37:39.129000;1.56302060095062e-06
17/09/2026 17:37:39.139000;2.10329644669604e-07
17/09/2026 17:37:39.149000;1.63753334897134e-06
17/09/2026 17:37:39.159000;4.39599030407857e-07
17/09/2026 17:37:39.169000;1.61460634835034e-06
17/09/2026 17:37:39.179000;1.73497311380823e-06
17/09/2026 17:37:39.189000;1.36240941367998e-06
17/09/2026 17:37:39.199000;2.64059069642347e-06
17/09/2026 17:37:39.209000;5.65697239167558e-07
17/09/2026 17:37:39.219000;1.66046035068569e-06
17/09/2026 17:37:39.229000;9.32528579977658e-07
17/09/2026 17:37:39.239000;1.98143848948784e-06
17/09/2026 17:37:39.249000;1.32801893283867e-06
17/09/2026 17:37:39.259000;-9.34521230250775e-08
17/09/2026 17:37:39.269000;5.14111604313811e-07
17/09/2026 17:37:39.279000;1.94704796436607e-06
17/09/2026 17:37:39.289000;4.10940351211377e-07
17/09/2026 17:37:39.299000;1.73497311380823e-06
17/09/2026 17:37:39.309000;-7.62569337522957e-08
17/09/2026 17:37:39.319000;1.90692568816655e-06
17/09/2026 17:37:39.329000;1.99290199840844e-06
17/09/2026 17:37:39.339000;9.32528579977658e-07
17/09/2026 17:37:39.349000;2.85839771127588e-06
17/09/2026 17:37:39.359000;8.35088977775612e-07
17/09/2026 17:37:39.369000;8.58015941222942e-07
17/09/2026 17:37:39.379000;2.02729252681024e-06
17/09/2026 17:37:39.389000;2.65205422106093e-06
17/09/2026 17:37:39.399000;8.58015941222942e-07
17/09/2026 17:37:39.409000;1.33375067947472e-06
17/09/2026 17:37:39.419000;2.08461007961337e-06
17/09/2026 17:37:39.429000;1.4713126192401e-06
17/09/2026 17:37:39.439000;-2.4820879880498e-07
17/09/2026 17:37:39.449000;8.58015941222942e-07
17/09/2026 17:37:39.459000;1.83814465104316e-06
17/09/2026 17:37:39.469000;2.15339115199716e-06
17/09/2026 17:37:39.479000;1.49997136164544e-06
17/09/2026 17:37:39.489000;1.19045703407363e-06
17/09/2026 17:37:39.499000;2.9615694895938e-06
17/09/2026 17:37:39.509000;5.25575078247419e-07
17/09/2026 17:37:39.519000;2.45717433939791e-06
17/09/2026 17:37:39.529000;2.13046412677588e-06
17/09/2026 17:37:39.539000;3.36427793295582e-07
17/09/2026 17:37:39.549000;8.63747682255609e-07
17/09/2026 17:37:39.559000;1.53012315318492e-07
17/09/2026 17:37:39.569000;3.01888715378167e-06
17/09/2026 17:37:39.579000;2.14192763924985e-06
17/09/2026 17:37:39.589000;7.84997973779378e-08
17/09/2026 17:37:39.599000;8.00698534654634e-07
17/09/2026 17:37:39.609000;1.05862691802501e-06
17/09/2026 17:37:39.619000;1.26496972435212e-06
17/09/2026 17:37:39.629000;1.7235096110377e-06
17/09/2026 17:37:39.639000;1.16753005477283e-06
17/09/2026 17:37:39.649000;6.34478094249282e-07
17/09/2026 17:37:39.659000;1.41972688721554e-06
17/09/2026 17:37:39.669000;8.52284200258609e-07
17/09/2026 17:37:39.679000;1.18472528914593e-06
17/09/2026 17:37:39.689000;8.29357237084614e-07
17/09/2026 17:37:39.699000;5.59965501688251e-07
17/09/2026 17:37:39.709000;9.38260321898666e-07
17/09/2026 17:37:39.719000;1.95851147246666e-06
17/09/2026 17:37:39.729000;1.03569994501094e-06
17/09/2026 17:37:39.739000;7.27680657070004e-08
17/09/2026 17:37:39.749000;2.29668508440128e-06
17/09/2026 17:37:39.759000;2.25083102138524e-06
17/09/2026 17:37:39.769000;2.86986124110675e-06
17/09/2026 17:37:39.779000;2.05595130235766e-06
17/09/2026 17:37:39.789000;4.85452920675582e-07
17/09/2026 17:37:39.799000;8.17893755907621e-07
17/09/2026 17:37:39.809000;-3.05526073489198e-07
17/09/2026 17:37:39.819000;1.83241289839372e-06
17/09/2026 17:37:39.829000;2.9730330218847e-06
17/09/2026 17:37:39.839000;1.30085385491391e-07
17/09/2026 17:37:39.849000;4.10940351211377e-07
17/09/2026 17:37:39.859000;1.41972688721554e-06
17/09/2026 17:37:39.869000;2.37119794613002e-06
17/09/2026 17:37:39.879000;3.0016918538078e-06
17/09/2026 17:37:39.889000;1.14460307656538e-06
17/09/2026 17:37:39.899000;1.68911910436614e-06
17/09/2026 17:37:39.909000;8.75211164525945e-07
17/09/2026 17:37:39.919000;1.94131621041828e-06
17/09/2026 17:37:39.929000;1.16179831011847e-06
17/09/2026 17:37:39.939000;8.17893755907621e-07
17/09/2026 17:37:39.949000;1.37387290784042e-06
17/09/2026 17:37:39.959000;9.32528579977658e-07
17/09/2026 17:37:39.969000;2.28522156823726e-06
17/09/2026 17:37:39.979000;2.18204993506128e-06
17/09/2026 17:37:39.989000;1.59167934882268e-06
17/09/2026 17:37:39.999000;1.44838562654584e-06
17/09/2026 17:37:40.009000;1.28789670829968e-06
17/09/2026 17:37:40.019000;1.86680341531539e-06
17/09/2026 17:37:40.029000;2.95010595757624e-06
17/09/2026 17:37:40.039000;2.02729252681024e-06
17/09/2026 17:37:40.049000;2.543150748041e-06
17/09/2026 17:37:40.059000;1.31082369334053e-06
17/09/2026 17:37:40.069000;2.83547065243417e-06
17/09/2026 17:37:40.079000;9.43992063888007e-07
17/09/2026 17:37:40.089000;1.56302060095062e-06
17/09/2026 17:37:40.099000;1.36814116072603e-06
17/09/2026 17:37:40.109000;4.05208615577082e-07
17/09/2026 17:37:40.119000;2.02156077190577e-06
17/09/2026 17:37:40.129000;2.50876018273874e-06
17/09/2026 17:37:40.139000;4.41094083773193e-08
17/09/2026 17:37:40.149000;1.14460307656538e-06
17/09/2026 17:37:40.159000;1.11021261130421e-06
17/09/2026 17:37:40.169000;2.04448779193366e-06
17/09/2026 17:37:40.179000;2.48583314057058e-06
17/09/2026 17:37:40.189000;1.15033482101474e-06
17/09/2026 17:37:40.199000;2.25083102138524e-06
17/09/2026 17:37:40.209000;2.6914214799515e-08
17/09/2026 17:37:40.219000;3.6092594925888e-06
17/09/2026 17:37:40.229000;2.17058642163063e-06
17/09/2026 17:37:40.239000;1.26496972435212e-06
17/09/2026 17:37:40.249000;1.20765226926673e-06
17/09/2026 17:37:40.259000;1.82668114581261e-06
17/09/2026 17:37:40.269000;1.49997136164544e-06
17/09/2026 17:37:40.279000;1.56302060095062e-06
17/09/2026 17:37:40.289000;8.12162015421625e-07
17/09/2026 17:37:40.299000;1.04716343138131e-06
17/09/2026 17:37:40.309000;1.36240941367998e-06
17/09/2026 17:37:40.319000;2.14192763924985e-06
17/09/2026 17:37:40.329000;2.62912717205935e-06
17/09/2026 17:37:40.339000;1.59167934882268e-06
17/09/2026 17:37:40.349000;7.26185916331692e-07
17/09/2026 17:37:40.359000;1.76363187193039e-06
17/09/2026 17:37:40.369000;2.10329644669604e-07
17/09/2026 17:37:40.379000;2.35973442818931e-06
17/09/2026 17:37:40.389000;5.59965501688251e-07
17/09/2026 17:37:40.399000;6.17282879556345e-07
17/09/2026 17:37:40.409000;4.91184657266549e-07
17/09/2026 17:37:40.419000;1.41399513955448e-06
17/09/2026 17:37:40.429000;3.11059543069586e-06
17/09/2026 17:37:40.439000;8.63747682255609e-07
17/09/2026 17:37:40.449000;7.54844614319972e-07
17/09/2026 17:37:40.459000;9.61187290266035e-07
17/09/2026 17:37:40.469000;3.42159528109871e-07
17/09/2026 17:37:40.479000;2.13046412677588e-06
17/09/2026 17:37:40.489000;6.68868525480171e-07
17/09/2026 17:37:40.499000;1.0070412302808e-06
17/09/2026 17:37:40.509000;1.7292413623888e-06
17/09/2026 17:37:40.519000;2.3310756345334e-06
17/09/2026 17:37:40.529000;2.26802629450375e-06
17/09/2026 17:37:40.539000;1.75790012016929e-06
17/09/2026 17:37:40.549000;1.7292413623888e-06
17/09/2026 17:37:40.559000;1.11594435534357e-06
17/09/2026 17:37:40.569000;2.49729666151799e-06
17/09/2026 17:37:40.579000;2.1877816918791e-06
17/09/2026 17:37:40.589000;1.1289018883857e-07
17/09/2026 17:37:40.599000;2.05595130235766e-06
17/09/2026 17:37:40.609000;1.64326509929742e-06
17/09/2026 17:37:40.619000;2.05021954711146e-06
17/09/2026 17:37:40.629000;1.36814116072603e-06
17/09/2026 17:37:40.639000;2.56183513070576e-07
17/09/2026 17:37:40.649000;8.29357237084614e-07
17/09/2026 17:37:40.659000;8.6947942335661e-07
17/09/2026 17:37:40.669000;1.45411737461691e-06
17/09/2026 17:37:40.679000;1.99290199840844e-06
17/09/2026 17:37:40.689000;1.37960465502314e-06
17/09/2026 17:37:40.699000;2.96305651508902e-07
17/09/2026 17:37:40.709000;4.73989447698648e-07
17/09/2026 17:37:40.719000;1.61460634835034e-06
17/09/2026 17:37:40.729000;2.66924950852963e-06
17/09/2026 17:37:40.739000;1.89546218129597e-06
17/09/2026 17:37:40.749000;2.09034183526951e-06
17/09/2026 17:37:40.759000;4.05208615577082e-07
17/09/2026 17:37:40.769000;1.74070486529599e-06
17/09/2026 17:37:40.779000;2.95010595757624e-06
17/09/2026 17:37:40.789000;1.05289517466899e-06
17/09/2026 17:37:40.799000;1.15033482101474e-06
17/09/2026 17:37:40.809000;1.56302060095062e-06
17/09/2026 17:37:40.819000;1.9527797183822e-06
17/09/2026 17:37:40.829000;2.56607779294253e-06
17/09/2026 17:37:40.839000;4.28135558524264e-07
17/09/2026 17:37:40.849000;1.08728563583012e-06
17/09/2026 17:37:40.859000;7.49112874585648e-07
17/09/2026 17:37:40.869000;2.26229453672924e-06
17/09/2026 17:37:40.879000;9.15333354624638e-07
17/09/2026 17:37:40.889000;7.20454176939038e-07
17/09/2026 17:37:40.899000;2.24509926381574e-06
17/09/2026 17:37:40.909000;4.51062502564785e-07
17/09/2026 17:37:40.919000;3.57486885102536e-06
17/09/2026 17:37:40.929000;1.9527797183822e-06
17/09/2026 17:37:40.939000;9.61187290266035e-07
17/09/2026 17:37:40.949000;2.73378714848427e-07
17/09/2026 17:37:40.959000;2.10329644669604e-07
17/09/2026 17:37:40.969000;1.82094939329983e-06
17/09/2026 17:37:40.979000;2.11900061457525e-06
17/09/2026 17:37:40.989000;5.88624189768125e-07
17/09/2026 17:37:40.999000;1.87253516837484e-06
17/09/2026 17:37:41.009000;9.72650774859723e-07
17/09/2026 17:37:41.019000;2.3654661871255e-06
17/09/2026 17:37:41.029000;1.07009040494205e-06
17/09/2026 17:37:41.039000;1.08728563583012e-06
17/09/2026 17:37:41.049000;1.31655543977158e-06
17/09/2026 17:37:41.059000;1.76363187193039e-06
17/09/2026 17:37:41.069000;2.34827091052194e-06
17/09/2026 17:37:41.079000;2.60620012415112e-06
17/09/2026 17:37:41.089000;-5.7491717297195e-07
17/09/2026 17:37:41.099000;1.36814116072603e-06
17/09/2026 17:37:41.109000;1.39106814959358e-06
17/09/2026 17:37:41.119000;1.75216836847652e-06
17/09/2026 17:37:41.129000;1.74643661685209e-06
17/09/2026 17:37:41.139000;-5.90617438645107e-08
17/09/2026 17:37:41.149000;1.61460634835034e-06
17/09/2026 17:37:41.159000;6.80332003103804e-07
17/09/2026 17:37:41.169000;1.64899684969184e-06
17/09/2026 17:37:41.179000;1.26496972435212e-06
17/09/2026 17:37:41.189000;-3.51379888316509e-07
17/09/2026 17:37:41.199000;1.02996820192825e-06
17/09/2026 17:37:41.209000;1.08728563583012e-06
17/09/2026 17:37:41.219000;1.24204274149796e-06
17/09/2026 17:37:41.229000;1.67765560268895e-06
17/09/2026 17:37:41.239000;1.52289835679972e-06
17/09/2026 17:37:41.249000;1.68911910436614e-06
17/09/2026 17:37:41.259000;5.25575078247419e-07
17/09/2026 17:37:41.269000;2.6004683623449e-06
17/09/2026 17:37:41.279000;1.32801893283867e-06
17/09/2026 17:37:41.289000;2.23936750631457e-06
17/09/2026 17:37:41.299000;1.74070486529599e-06
17/09/2026 17:37:41.309000;1.41399513955448e-06
17/09/2026 17:37:41.319000;1.86680341531539e-06
17/09/2026 17:37:41.329000;1.0987491234305e-06
17/09/2026 17:37:41.339000;-1.50769416159328e-07
17/09/2026 17:37:41.349000;1.32801893283867e-06
17/09/2026 17:37:41.359000;1.13313958787165e-06
17/09/2026 17:37:41.369000;1.0070412302808e-06
17/09/2026 17:37:41.379000;1.64326509929742e-06
17/09/2026 17:37:41.389000;1.23057925048088e-06
17/09/2026 17:37:41.399000;1.07582214850307e-06
17/09/2026 17:37:41.409000;-6.09307515232361e-07
17/09/2026 17:37:41.419000;2.81827535902034e-06
17/09/2026 17:37:41.429000;1.83241289839372e-06
17/09/2026 17:37:41.439000;2.22217223422107e-06
17/09/2026 17:37:41.449000;1.6547286001546e-06
17/09/2026 17:37:41.459000;2.67646980854143e-07
17/09/2026 17:37:41.469000;1.12740784362729e-06
17/09/2026 17:37:41.479000;3.01315538705538e-06
17/09/2026 17:37:41.489000;1.60314284844984e-06
17/09/2026 17:37:41.499000;-4.83209581584093e-07
17/09/2026 17:37:41.509000;1.25923797853608e-06
17/09/2026 17:37:41.519000;1.9527797183822e-06
17/09/2026 17:37:41.529000;1.57448409989444e-06
17/09/2026 17:37:41.539000;2.70364008531204e-06
17/09/2026 17:37:41.549000;1.04143168816195e-06
17/09/2026 17:37:41.559000;4.39599030407857e-07
17/09/2026 17:37:41.569000;1.37387290784042e-06
17/09/2026 17:37:41.579000;1.82094939329983e-06
17/09/2026 17:37:41.589000;4.79721184152948e-07
17/09/2026 17:37:41.599000;1.37387290784042e-06
17/09/2026 17:37:41.609000;1.35817117845666e-07
17/09/2026 17:37:41.619000;1.81521764085539e-06
17/09/2026 17:37:41.629000;1.74070486529599e-06
17/09/2026 17:37:41.639000;1.89546218129597e-06
17/09/2026 17:37:41.649000;1.22484750507484e-06
17/09/2026 17:37:41.659000;1.35817117845666e-07
17/09/2026 17:37:41.669000;3.61499126642187e-06
17/09/2026 17:37:41.679000;2.15912290847332e-06
17/09/2026 17:37:41.689000;3.25388964839556e-06
17/09/2026 17:37:41.699000;7.54844614319972e-07
17/09/2026 17:37:41.709000;8.40820718534944e-07
17/09/2026 17:37:41.719000;1.87826692150262e-06
17/09/2026 17:37:41.729000;2.35400266932146e-06
17/09/2026 17:37:41.739000;2.73378714848427e-07
17/09/2026 17:37:41.749000;5.77160714331174e-07
17/09/2026 17:37:41.759000;6.80332003103804e-07
17/09/2026 17:37:41.769000;1.39679989698131e-06
17/09/2026 17:37:41.779000;1.37960465502314e-06
17/09/2026 17:37:41.789000;3.53622997943451e-07
17/09/2026 17:37:41.799000;1.76936362375983e-06
17/09/2026 17:37:41.809000;2.79110448911045e-07
17/09/2026 17:37:41.819000;3.4946240302776e-06
17/09/2026 17:37:41.829000;1.51143485908591e-06
17/09/2026 17:37:41.839000;2.1606137798055e-07
17/09/2026 17:37:41.849000;1.28789670829968e-06
17/09/2026 17:37:41.859000;1.2821649622103e-06
17/09/2026 17:37:41.869000;8.40820718534944e-07
17/09/2026 17:37:41.879000;1.62606984852417e-06
17/09/2026 17:37:41.889000;4.98411397065881e-08
17/09/2026 17:37:41.899000;2.2909533262851e-06
17/09/2026 17:37:41.909000;7.66308093993674e-07
17/09/2026 17:37:41.919000;4.28135558524264e-07
17/09/2026 17:37:41.929000;1.05289517466899e-06
17/09/2026 17:37:41.939000;-2.42477070960728e-07
17/09/2026 17:37:41.949000;9.8984600226276e-07
17/09/2026 17:37:41.959000;3.82281673723242e-07
17/09/2026 17:37:41.969000;1.70631435739442e-06
17/09/2026 17:37:41.979000;1.53436185478691e-06
17/09/2026 17:37:41.989000;-1.10647311682856e-07
17/09/2026 17:37:41.999000;2.81254359468575e-06
17/09/2026 17:37:42.009000;1.08155389213243e-06
17/09/2026 17:37:42.019000;1.12740784362729e-06
17/09/2026 17:37:42.029000;1.79802238393207e-06
17/09/2026 17:37:42.039000;1.16753005477283e-06
17/09/2026 17:37:42.049000;1.89546218129597e-06
17/09/2026 17:37:42.059000;3.76549938430616e-07
17/09/2026 17:37:42.069000;1.12167609945127e-06
17/09/2026 17:37:42.079000;2.53168722600024e-06
17/09/2026 17:37:42.089000;2.69217655944457e-06
17/09/2026 17:37:42.099000;1.84387640376094e-06
17/09/2026 17:37:42.109000;1.39679989698131e-06
17/09/2026 17:37:42.119000;5.25575078247419e-07
17/09/2026 17:37:42.129000;3.2252308014389e-06
17/09/2026 17:37:42.139000;1.91838919531046e-06
17/09/2026 17:37:42.149000;2.37692970520287e-06
17/09/2026 17:37:42.159000;1.81670979139876e-07
17/09/2026 17:37:42.169000;-4.37355779330167e-07
17/09/2026 17:37:42.179000;1.12740784362729e-06
17/09/2026 17:37:42.189000;3.76549938430616e-07
17/09/2026 17:37:42.199000;1.58021584946885e-06
17/09/2026 17:37:42.209000;3.26459459237827e-08
17/09/2026 17:37:42.219000;1.00130948753979e-06
17/09/2026 17:37:42.229000;2.3654661871255e-06
17/09/2026 17:37:42.239000;1.12167609945127e-06
17/09/2026 17:37:42.249000;1.73497311380823e-06
17/09/2026 17:37:42.259000;1.21911575973714e-06
17/09/2026 17:37:42.269000;2.23363574888174e-06
17/09/2026 17:37:42.279000;1.5057031103315e-06
17/09/2026 17:37:42.289000;4.51062502564785e-07
17/09/2026 17:37:42.299000;9.61187290266035e-07
17/09/2026 17:37:42.309000;3.30696058549626e-07
17/09/2026 17:37:42.319000;5.59965501688251e-07
17/09/2026 17:37:42.329000;1.17326179949553e-06
17/09/2026 17:37:42.339000;1.05862691802501e-06
17/09/2026 17:37:42.349000;1.06435866144936e-06
17/09/2026 17:37:42.359000;7.37649395322002e-07
17/09/2026 17:37:42.369000;9.49723805945682e-07
17/09/2026 17:37:42.379000;1.62606984852417e-06
17/09/2026 17:37:42.389000;4.62525974995049e-07
17/09/2026 17:37:42.399000;5.94355927589101e-07
17/09/2026 17:37:42.409000;1.58744047946101e-07
17/09/2026 17:37:42.419000;-4.54550955687891e-07
17/09/2026 17:37:42.429000;3.60352771882401e-06
17/09/2026 17:37:42.439000;1.38533640227419e-06
17/09/2026 17:37:42.449000;4.10940351211377e-07
17/09/2026 17:37:42.459000;1.25350623278837e-06
17/09/2026 17:37:42.469000;1.2821649622103e-06
17/09/2026 17:37:42.479000;1.35094591979287e-06
17/09/2026 17:37:42.489000;2.10753710264795e-06
17/09/2026 17:37:42.499000;1.08728563583012e-06
17/09/2026 17:37:42.509000;9.95577744867106e-07
17/09/2026 17:37:42.519000;2.1606137798055e-07
17/09/2026 17:37:42.529000;2.543150748041e-06
17/09/2026 17:37:42.539000;2.67498127115586e-06
17/09/2026 17:37:42.549000;2.10753710264795e-06
17/09/2026 17:37:42.559000;3.83776771163841e-08
17/09/2026 17:37:42.569000;-1.08504033077824e-06
17/09/2026 17:37:42.579000;2.01582901706964e-06
17/09/2026 17:37:42.589000;1.03569994501094e-06
17/09/2026 17:37:42.599000;2.15912290847332e-06
17/09/2026 17:37:42.609000;1.19618877906966e-06
17/09/2026 17:37:42.619000;-7.4761705110836e-09
17/09/2026 17:37:42.629000;1.36240941367998e-06
17/09/2026 17:37:42.639000;1.82094939329983e-06
17/09/2026 17:37:42.649000;1.88973042796319e-06
17/09/2026 17:37:42.659000;1.2821649622103e-06
17/09/2026 17:37:42.669000;9.43992063888007e-07
17/09/2026 17:37:42.679000;2.01009726230184e-06
17/09/2026 17:37:42.689000;2.33256578323393e-07
17/09/2026 17:37:42.699000;1.40826339196175e-06
17/09/2026 17:37:42.709000;1.79802238393207e-06
17/09/2026 17:37:42.719000;2.33256578323393e-07
17/09/2026 17:37:42.729000;4.14231475139935e-06
17/09/2026 17:37:42.739000;1.9298527027277e-06
17/09/2026 17:37:42.749000;1.62033809840309e-06
17/09/2026 17:37:42.759000;1.45411737461691e-06
17/09/2026 17:37:42.769000;1.36814116072603e-06
17/09/2026 17:37:42.779000;1.35094591979287e-06
17/09/2026 17:37:42.789000;6.2301461771899e-07
17/09/2026 17:37:42.799000;1.35667766670226e-06
17/09/2026 17:37:42.809000;5.54233764277278e-07
17/09/2026 17:37:42.819000;-5.23331654968765e-07
17/09/2026 17:37:42.829000;1.40253164443736e-06
17/09/2026 17:37:42.839000;1.247774487109e-06
17/09/2026 17:37:42.849000;8.75211164525945e-07
17/09/2026 17:37:42.859000;1.84387640376094e-06
17/09/2026 17:37:42.869000;5.31306815316723e-07
17/09/2026 17:37:42.879000;8.86674647069617e-07
17/09/2026 17:37:42.889000;2.33680739312791e-06
17/09/2026 17:37:42.899000;1.00130948753979e-06
17/09/2026 17:37:42.909000;7.37649395322002e-07
17/09/2026 17:37:42.919000;1.36814116072603e-06
17/09/2026 17:37:42.929000;2.95010595757624e-06
17/09/2026 17:37:42.939000;9.15333354624638e-07
17/09/2026 17:37:42.949000;1.62606984852417e-06
17/09/2026 17:37:42.959000;6.57405048129873e-07
17/09/2026 17:37:42.969000;2.96305651508902e-07
17/09/2026 17:37:42.979000;1.80948588847928e-06
17/09/2026 17:37:42.989000;1.68911910436614e-06
17/09/2026 17:37:42.999000;1.97570673513004e-06
17/09/2026 17:37:43.009000;2.56183513070576e-07
17/09/2026 17:37:43.019000;6.40209832616929e-07
17/09/2026 17:37:43.029000;1.90119393469709e-06
17/09/2026 17:37:43.039000;9.66919032528712e-07
17/09/2026 17:37:43.049000;1.88973042796319e-06
17/09/2026 17:37:43.059000;-5.57722000919242e-07
17/09/2026 17:37:43.069000;6.86063742018122e-07
17/09/2026 17:37:43.079000;1.64326509929742e-06
17/09/2026 17:37:43.089000;1.94704796436607e-06
17/09/2026 17:37:43.099000;2.56607779294253e-06
17/09/2026 17:37:43.109000;1.06435866144936e-06
17/09/2026 17:37:43.119000;6.63136786770855e-07
17/09/2026 17:37:43.129000;2.726567137867e-06
17/09/2026 17:37:43.139000;6.63136786770855e-07
17/09/2026 17:37:43.149000;1.70058260631666e-06
17/09/2026 17:37:43.159000;8.58015941222942e-07
17/09/2026 17:37:43.169000;6.00087665478412e-07
17/09/2026 17:37:43.179000;4.91184657266549e-07
17/09/2026 17:37:43.189000;8.4655245936261e-07
17/09/2026 17:37:43.199000;2.52022370423282e-06
17/09/2026 17:37:43.209000;2.38988311907728e-07
17/09/2026 17:37:43.219000;5.14111604313811e-07
17/09/2026 17:37:43.229000;1.75216836847652e-06
17/09/2026 17:37:43.239000;1.66619210128511e-06
17/09/2026 17:37:43.249000;2.11900061457525e-06
17/09/2026 17:37:43.259000;1.07582214850307e-06
17/09/2026 17:37:43.269000;-4.75982835976524e-08
17/09/2026 17:37:43.279000;2.45144257936838e-06
17/09/2026 17:37:43.289000;1.90692568816655e-06
17/09/2026 17:37:43.299000;1.5859475991116e-06
17/09/2026 17:37:43.309000;6.63136786770855e-07
17/09/2026 17:37:43.319000;1.39679989698131e-06
17/09/2026 17:37:43.329000;2.60620012415112e-06
17/09/2026 17:37:43.339000;1.4598491227563e-06
17/09/2026 17:37:43.349000;2.1648546650178e-06
17/09/2026 17:37:43.359000;-1.02199143047677e-06
17/09/2026 17:37:43.369000;4.68257711312681e-07
17/09/2026 17:37:43.379000;1.59167934882268e-06
17/09/2026 17:37:43.389000;1.07582214850307e-06
17/09/2026 17:37:43.399000;2.57754131580335e-06
17/09/2026 17:37:43.409000;8.17893755907621e-07
17/09/2026 17:37:43.419000;-4.43087504851075e-07
17/09/2026 17:37:43.429000;3.00742362039742e-06
17/09/2026 17:37:43.439000;9.09601612976966e-07
17/09/2026 17:37:43.449000;1.21338401446777e-06
17/09/2026 17:37:43.459000;2.15339115199716e-06
17/09/2026 17:37:43.469000;4.96916393925904e-07
17/09/2026 17:37:43.479000;3.20230372510359e-06
17/09/2026 17:37:43.489000;1.2707014702365e-06
17/09/2026 17:37:43.499000;2.1648546650178e-06
17/09/2026 17:37:43.509000;1.90119393469709e-06
17/09/2026 17:37:43.519000;-9.91838526460041e-08
17/09/2026 17:37:43.529000;1.04143168816195e-06
17/09/2026 17:37:43.539000;7.3191765579268e-07
17/09/2026 17:37:43.549000;9.95577744867106e-07
17/09/2026 17:37:43.559000;8.4655245936261e-07
17/09/2026 17:37:43.569000;1.98866178252711e-07
17/09/2026 17:37:43.579000;1.95851147246666e-06
17/09/2026 17:37:43.589000;2.20497696274258e-06
17/09/2026 17:37:43.599000;3.10486366287622e-06
17/09/2026 17:37:43.609000;-9.13088765026541e-07
17/09/2026 17:37:43.619000;6.13046025701268e-08
17/09/2026 17:37:43.629000;1.91838919531046e-06
17/09/2026 17:37:43.639000;1.35667766670226e-06
17/09/2026 17:37:43.649000;1.2707014702365e-06
17/09/2026 17:37:43.659000;1.27643321618926e-06
17/09/2026 17:37:43.669000;1.18472528914593e-06
17/09/2026 17:37:43.679000;9.26796838124984e-07
17/09/2026 17:37:43.689000;8.52284200258609e-07
17/09/2026 17:37:43.699000;2.74376242800073e-06
17/09/2026 17:37:43.709000;6.2301461771899e-07
17/09/2026 17:37:43.719000;4.62525974995049e-07
17/09/2026 17:37:43.729000;8.63747682255609e-07
17/09/2026 17:37:43.739000;2.48010138019938e-06
17/09/2026 17:37:43.749000;4.79721184152948e-07
17/09/2026 17:37:43.759000;2.14765939558934e-06
17/09/2026 17:37:43.769000;2.33256578323393e-07
17/09/2026 17:37:43.779000;1.93558445653882e-06
17/09/2026 17:37:43.789000;7.14722437614717e-07
17/09/2026 17:37:43.799000;2.39412498283143e-06
17/09/2026 17:37:43.809000;8.4655245936261e-07
17/09/2026 17:37:43.819000;2.79110448911045e-07
17/09/2026 17:37:43.829000;2.90573917241282e-07
17/09/2026 17:37:43.839000;1.17326179949553e-06
17/09/2026 17:37:43.849000;1.7235096110377e-06
17/09/2026 17:37:43.859000;-1.04915582198597e-07
17/09/2026 17:37:43.869000;-5.69185449022714e-07
17/09/2026 17:37:43.879000;1.2707014702365e-06
17/09/2026 17:37:43.889000;2.34253915179076e-06
17/09/2026 17:37:43.899000;1.40253164443736e-06
17/09/2026 17:37:43.909000;6.86063742018122e-07
17/09/2026 17:37:43.919000;-4.08697150700621e-07
17/09/2026 17:37:43.929000;2.47436961989651e-06
17/09/2026 17:37:43.939000;1.4713126192401e-06
17/09/2026 17:37:43.949000;1.40826339196175e-06
17/09/2026 17:37:43.959000;4.33867294431893e-07
17/09/2026 17:37:43.969000;1.70207513406321e-07
17/09/2026 17:37:43.979000;2.69217655944457e-06
17/09/2026 17:37:43.989000;7.14722437614717e-07
17/09/2026 17:37:43.999000;1.83814465104316e-06
17/09/2026 17:37:44.009000;-3.68575067749245e-07
17/09/2026 17:37:44.019000;1.37387290784042e-06
17/09/2026 17:37:44.029000;1.36240941367998e-06
17/09/2026 17:37:44.039000;1.4942396130277e-06
17/09/2026 17:37:44.049000;1.19618877906966e-06
17/09/2026 17:37:44.059000;2.67646980854143e-07
17/09/2026 17:37:44.069000;1.11021261130421e-06
17/09/2026 17:37:44.079000;1.82094939329983e-06
17/09/2026 17:37:44.089000;6.2301461771899e-07
17/09/2026 17:37:44.099000;2.37119794613002e-06
17/09/2026 17:37:44.109000;2.45717433939791e-06
17/09/2026 17:37:44.119000;7.37649395322002e-07
17/09/2026 17:37:44.129000;3.0016918538078e-06
17/09/2026 17:37:44.139000;1.7292413623888e-06
17/09/2026 17:37:44.149000;1.84960815654705e-06
17/09/2026 17:37:44.159000;3.36427793295582e-07
17/09/2026 17:37:44.169000;1.73497311380823e-06
17/09/2026 17:37:44.179000;1.53012315318492e-07
17/09/2026 17:37:44.189000;1.12167609945127e-06
17/09/2026 17:37:44.199000;2.97876478813265e-06
17/09/2026 17:37:44.209000;1.83241289839372e-06
17/09/2026 17:37:44.219000;1.13313958787165e-06
17/09/2026 17:37:44.229000;2.66924950852963e-06
17/09/2026 17:37:44.239000;2.39985674217762e-06
17/09/2026 17:37:44.249000;1.88399867469874e-06
17/09/2026 17:37:44.259000;7.49112874585648e-07
17/09/2026 17:37:44.269000;1.23631099595525e-06
17/09/2026 17:37:44.279000;1.59167934882268e-06
17/09/2026 17:37:44.289000;1.64475780642044e-07
17/09/2026 17:37:44.299000;2.29668508440128e-06
17/09/2026 17:37:44.309000;2.09034183526951e-06
17/09/2026 17:37:44.319000;6.34478094249282e-07
17/09/2026 17:37:44.329000;1.17326179949553e-06
17/09/2026 17:37:44.339000;1.51143485908591e-06
17/09/2026 17:37:44.349000;1.94131621041828e-06
17/09/2026 17:37:44.359000;9.32528579977658e-07
17/09/2026 17:37:44.369000;1.20765226926673e-06
17/09/2026 17:37:44.379000;2.1877816918791e-06
17/09/2026 17:37:44.389000;2.71510361145285e-06
17/09/2026 17:37:44.399000;1.29362845445739e-06
17/09/2026 17:37:44.409000;1.80948588847928e-06
17/09/2026 17:37:44.419000;1.12740784362729e-06
17/09/2026 17:37:44.429000;2.66351774597173e-06
17/09/2026 17:37:44.439000;2.22790399151724e-06
17/09/2026 17:37:44.449000;2.10753710264795e-06
17/09/2026 17:37:44.459000;-1.30284555911016e-06
17/09/2026 17:37:44.469000;-3.68575067749245e-07
17/09/2026 17:37:44.479000;5.82892452015483e-07
17/09/2026 17:37:44.489000;8.2362549646195e-07
17/09/2026 17:37:44.499000;1.74643661685209e-06
17/09/2026 17:37:44.509000;5.37038552454361e-07
17/09/2026 17:37:44.519000;3.24964323872004e-07
17/09/2026 17:37:44.529000;4.5679423874575e-07
17/09/2026 17:37:44.539000;2.48010138019938e-06
17/09/2026 17:37:44.549000;9.95577744867106e-07
17/09/2026 17:37:44.559000;2.07887832402556e-06
17/09/2026 17:37:44.569000;1.07582214850307e-06
17/09/2026 17:37:44.579000;2.19351344876526e-06
17/09/2026 17:37:44.589000;1.4598491227563e-06
17/09/2026 17:37:44.599000;2.23936750631457e-06
17/09/2026 17:37:44.609000;4.85452920675582e-07
17/09/2026 17:37:44.619000;7.54844614319972e-07
17/09/2026 17:37:44.629000;2.05021954711146e-06
17/09/2026 17:37:44.639000;8.00698534654634e-07
17/09/2026 17:37:44.649000;2.78961653803073e-06
17/09/2026 17:37:44.659000;1.59741109860209e-06
17/09/2026 17:37:44.669000;5.59965501688251e-07
17/09/2026 17:37:44.679000;3.01888715378167e-06
17/09/2026 17:37:44.689000;1.29936020068344e-06
17/09/2026 17:37:44.699000;1.71204610854051e-06
17/09/2026 17:37:44.709000;-3.39916435019683e-07
17/09/2026 17:37:44.719000;7.03258959171077e-07
17/09/2026 17:37:44.729000;2.21070871983375e-06
17/09/2026 17:37:44.739000;1.19045703407363e-06
17/09/2026 17:37:44.749000;2.32534387600722e-06
17/09/2026 17:37:44.759000;1.44265387854311e-06
17/09/2026 17:37:44.769000;1.247774487109e-06
17/09/2026 17:37:44.779000;3.83853049921246e-06
17/09/2026 17:37:44.789000;1.73497311380823e-06
17/09/2026 17:37:44.799000;2.07887832402556e-06
17/09/2026 17:37:44.809000;2.11900061457525e-06
17/09/2026 17:37:44.819000;1.35094591979287e-06
17/09/2026 17:37:44.829000;1.84960815654705e-06
17/09/2026 17:37:44.839000;3.98729098578116e-09
17/09/2026 17:37:44.849000;2.6004683623449e-06
17/09/2026 17:37:44.859000;4.98411397065881e-08
17/09/2026 17:37:44.869000;6.86063742018122e-07
17/09/2026 17:37:44.879000;6.86063742018122e-07
17/09/2026 17:37:44.889000;9.09601612976966e-07
17/09/2026 17:37:44.899000;2.81827535902034e-06
17/09/2026 17:37:44.909000;1.71204610854051e-06
17/09/2026 17:37:44.919000;-6.47934738954394e-08
17/09/2026 17:37:44.929000;6.7460026425782e-07
17/09/2026 17:37:44.939000;2.1877816918791e-06
17/09/2026 17:37:44.949000;1.98143848948784e-06
17/09/2026 17:37:44.959000;1.4770443675845e-06
17/09/2026 17:37:44.969000;1.87402712109154e-07
17/09/2026 17:37:44.979000;1.4885078644783e-06
17/09/2026 17:37:44.989000;9.84114259726747e-07
17/09/2026 17:37:44.999000;2.87559300612468e-06
17/09/2026 17:37:45.009000;2.27948981025776e-06
17/09/2026 17:37:45.019000;4.91184657266549e-07
17/09/2026 17:37:45.029000;1.62606984852417e-06
17/09/2026 17:37:45.039000;6.34478094249282e-07
17/09/2026 17:37:45.049000;2.72083537462576e-06
17/09/2026 17:37:45.059000;2.25083102138524e-06
17/09/2026 17:37:45.069000;7.89235054160979e-07
17/09/2026 17:37:45.079000;-6.47934738954394e-08
17/09/2026 17:37:45.089000;1.4885078644783e-06
17/09/2026 17:37:45.099000;2.27375805234658e-06
17/09/2026 17:37:45.109000;2.27375805234658e-06
17/09/2026 17:37:45.119000;1.10448086733319e-06
17/09/2026 17:37:45.129000;1.86107166232428e-06
17/09/2026 17:37:45.139000;5.54233764277278e-07
17/09/2026 17:37:45.149000;2.17058642163063e-06
17/09/2026 17:37:45.159000;1.64326509929742e-06
17/09/2026 17:37:45.169000;1.0987491234305e-06
17/09/2026 17:37:45.179000;5.19843341246448e-07
17/09/2026 17:37:45.189000;8.63747682255609e-07
17/09/2026 17:37:45.199000;1.93134445146766e-07
17/09/2026 17:37:45.209000;4.05633805677675e-06
17/09/2026 17:37:45.219000;1.44838562654584e-06
17/09/2026 17:37:45.229000;2.4170520206262e-06
17/09/2026 17:37:45.239000;8.75211164525945e-07
17/09/2026 17:37:45.249000;1.57448409989444e-06
17/09/2026 17:37:45.259000;2.30814860083863e-06
17/09/2026 17:37:45.269000;6.28746355949969e-07
17/09/2026 17:37:45.279000;2.08461007961337e-06
17/09/2026 17:37:45.289000;1.81670979139876e-07
17/09/2026 17:37:45.299000;2.19924520571976e-06
17/09/2026 17:37:45.309000;2.05021954711146e-06
17/09/2026 17:37:45.319000;-4.18665533617227e-08
17/09/2026 17:37:45.329000;7.20454176939038e-07
17/09/2026 17:37:45.339000;3.88013409084201e-07
17/09/2026 17:37:45.349000;1.62606984852417e-06
17/09/2026 17:37:45.359000;2.30814860083863e-06
17/09/2026 17:37:45.369000;6.70363341043968e-08
17/09/2026 17:37:45.379000;1.13313958787165e-06
17/09/2026 17:37:45.389000;9.61187290266035e-07
17/09/2026 17:37:45.399000;2.39985674217762e-06
17/09/2026 17:37:45.409000;2.52595546508237e-06
17/09/2026 17:37:45.419000;3.19232589262716e-07
17/09/2026 17:37:45.429000;2.04448779193366e-06
17/09/2026 17:37:45.439000;6.86063742018122e-07
17/09/2026 17:37:45.449000;1.94704796436607e-06
17/09/2026 17:37:45.459000;1.7292413623888e-06
17/09/2026 17:37:45.469000;1.7235096110377e-06
17/09/2026 17:37:45.479000;1.2707014702365e-06
17/09/2026 17:37:45.489000;1.32801893283867e-06
17/09/2026 17:37:45.499000;1.46558087096403e-06
17/09/2026 17:37:45.509000;8.17893755907621e-07
17/09/2026 17:37:45.519000;2.10329644669604e-07
17/09/2026 17:37:45.529000;7.94966794373639e-07
17/09/2026 17:37:45.539000;-2.59672254288482e-07
17/09/2026 17:37:45.549000;6.2301461771899e-07
17/09/2026 17:37:45.559000;2.66351774597173e-06
17/09/2026 17:37:45.569000;6.86063742018122e-07
17/09/2026 17:37:45.579000;-1.74443979681807e-09
17/09/2026 17:37:45.589000;1.23631099595525e-06
17/09/2026 17:37:45.599000;8.12162015421625e-07
17/09/2026 17:37:45.609000;2.43997905951431e-06
17/09/2026 17:37:45.619000;-1.62232873966175e-07
17/09/2026 17:37:45.629000;2.22790399151724e-06
17/09/2026 17:37:45.639000;-1.62232873966175e-07
17/09/2026 17:37:45.649000;2.8412024170421e-06
17/09/2026 17:37:45.659000;1.71777785975494e-06
17/09/2026 17:37:45.669000;8.4655245936261e-07
17/09/2026 17:37:45.679000;1.37387290784042e-06
17/09/2026 17:37:45.689000;4.41094083773193e-08
17/09/2026 17:37:45.699000;2.89278830158849e-06
17/09/2026 17:37:45.709000;2.68644479661333e-06
17/09/2026 17:37:45.719000;1.0715845675763e-07
17/09/2026 17:37:45.729000;1.13313958787165e-06
17/09/2026 17:37:45.739000;2.01582901706964e-06
17/09/2026 17:37:45.749000;2.1648546650178e-06
17/09/2026 17:37:45.759000;1.44838562654584e-06
17/09/2026 17:37:45.769000;1.07582214850307e-06
17/09/2026 17:37:45.779000;8.92406388443953e-07
17/09/2026 17:37:45.789000;8.58015941222942e-07
17/09/2026 17:37:45.799000;2.95010595757624e-06
17/09/2026 17:37:45.809000;1.61460634835034e-06
17/09/2026 17:37:45.819000;3.30696058549626e-07
17/09/2026 17:37:45.829000;9.38260321898666e-07
17/09/2026 17:37:45.839000;7.60576354122683e-07
17/09/2026 17:37:45.849000;1.43692213060872e-06
17/09/2026 17:37:45.859000;1.79229063176096e-06
17/09/2026 17:37:45.869000;1.24204274149796e-06
17/09/2026 17:37:45.879000;1.52863010575912e-06
17/09/2026 17:37:45.889000;8.00698534654634e-07
17/09/2026 17:37:45.899000;2.49156490101012e-06
17/09/2026 17:37:45.909000;1.9527797183822e-06
17/09/2026 17:37:45.919000;1.7808271276237e-06
17/09/2026 17:37:45.929000;9.61187290266035e-07
17/09/2026 17:37:45.939000;1.93134445146766e-07
17/09/2026 17:37:45.949000;1.25350623278837e-06
17/09/2026 17:37:45.959000;9.78382517259068e-07
17/09/2026 17:37:45.969000;2.67646980854143e-07
17/09/2026 17:37:45.979000;1.56875235038836e-06
17/09/2026 17:37:45.989000;1.41399513955448e-06
17/09/2026 17:37:45.999000;2.5718095543388e-06
17/09/2026 17:37:46.009000;1.78655887965814e-06
17/09/2026 17:37:46.019000;9.66919032528712e-07
17/09/2026 17:37:46.029000;2.01009726230184e-06
17/09/2026 17:37:46.039000;1.15606656553244e-06
17/09/2026 17:37:46.049000;1.44838562654584e-06
17/09/2026 17:37:46.059000;1.68911910436614e-06
17/09/2026 17:37:46.069000;1.55728885158121e-06
17/09/2026 17:37:46.079000;1.25923797853608e-06
17/09/2026 17:37:46.089000;2.01582901706964e-06
17/09/2026 17:37:46.099000;1.69485085530723e-06
17/09/2026 17:37:46.109000;9.21065096340644e-07
17/09/2026 17:37:46.119000;1.07582214850307e-06
17/09/2026 17:37:46.129000;1.04716343138131e-06
17/09/2026 17:37:46.139000;1.08155389213243e-06
17/09/2026 17:37:46.149000;2.52022370423282e-06
17/09/2026 17:37:46.159000;1.15606656553244e-06
17/09/2026 17:37:46.169000;1.43119038274266e-06
17/09/2026 17:37:46.179000;8.63747682255609e-07
17/09/2026 17:37:46.189000;8.12162015421625e-07
17/09/2026 17:37:46.199000;2.41132026107501e-06
17/09/2026 17:37:46.209000;2.17631817831178e-06
17/09/2026 17:37:46.219000;-1.16379041098782e-07
17/09/2026 17:37:46.229000;1.4713126192401e-06
17/09/2026 17:37:46.239000;9.61187290266035e-07
17/09/2026 17:37:46.249000;2.94437419166996e-06
17/09/2026 17:37:46.259000;2.31961211754937e-06
17/09/2026 17:37:46.269000;-9.91838526460041e-08
17/09/2026 17:37:46.279000;5.65697239167558e-07
17/09/2026 17:37:46.289000;1.75790012016929e-06
17/09/2026 17:37:46.299000;1.18472528914593e-06
17/09/2026 17:37:46.309000;1.40253164443736e-06
17/09/2026 17:37:46.319000;1.20765226926673e-06
17/09/2026 17:37:46.329000;2.1877816918791e-06
17/09/2026 17:37:46.339000;3.70818203206324e-07
17/09/2026 17:37:46.349000;1.26496972435212e-06
17/09/2026 17:37:46.359000;1.71204610854051e-06
17/09/2026 17:37:46.369000;9.84114259726747e-07
17/09/2026 17:37:46.379000;1.41548850268274e-07
17/09/2026 17:37:46.389000;9.38260321898666e-07
17/09/2026 17:37:46.399000;2.5030284220942e-06
17/09/2026 17:37:46.409000;1.19618877906966e-06
17/09/2026 17:37:46.419000;5.82892452015483e-07
17/09/2026 17:37:46.429000;1.19045703407363e-06
17/09/2026 17:37:46.439000;8.06430275003962e-07
17/09/2026 17:37:46.449000;3.24815787886756e-06
17/09/2026 17:37:46.459000;1.54582535304739e-06
17/09/2026 17:37:46.469000;3.08193659228095e-06
17/09/2026 17:37:46.479000;-1.62232873966175e-07
17/09/2026 17:37:46.489000;4.16672086914005e-07
17/09/2026 17:37:46.499000;1.60887459836592e-06
17/09/2026 17:37:46.509000;2.54888250916388e-06
17/09/2026 17:37:46.519000;8.58015941222942e-07
17/09/2026 17:37:46.529000;4.10940351211377e-07
17/09/2026 17:37:46.539000;1.86680341531539e-06
17/09/2026 17:37:46.549000;2.6004683623449e-06
17/09/2026 17:37:46.559000;2.9329106600624e-06
17/09/2026 17:37:46.569000;1.76363187193039e-06
17/09/2026 17:37:46.579000;1.7808271276237e-06
17/09/2026 17:37:46.589000;7.66308093993674e-07
17/09/2026 17:37:46.599000;2.26229453672924e-06
17/09/2026 17:37:46.609000;1.84387640376094e-06
17/09/2026 17:37:46.619000;6.51673309557224e-07
17/09/2026 17:37:46.629000;2.20497696274258e-06
17/09/2026 17:37:46.639000;3.59354732962741e-07
17/09/2026 17:37:46.649000;1.20192052413403e-06
17/09/2026 17:37:46.659000;2.3654661871255e-06
17/09/2026 17:37:46.669000;1.64475780642044e-07
17/09/2026 17:37:46.679000;-1.45037687153405e-07
17/09/2026 17:37:46.689000;1.37960465502314e-06
17/09/2026 17:37:46.699000;1.64326509929742e-06
17/09/2026 17:37:46.709000;1.19045703407363e-06
17/09/2026 17:37:46.719000;-1.39305958079147e-07
17/09/2026 17:37:46.729000;2.09607359099399e-06
17/09/2026 17:37:46.739000;5.14111604313811e-07
17/09/2026 17:37:46.749000;1.56875235038836e-06
17/09/2026 17:37:46.759000;1.7808271276237e-06
17/09/2026 17:37:46.769000;1.20765226926673e-06
17/09/2026 17:37:46.779000;7.14722437614717e-07
17/09/2026 17:37:46.789000;1.87253516837484e-06
17/09/2026 17:37:46.799000;2.63485893420724e-06
17/09/2026 17:37:46.809000;1.76363187193039e-06
17/09/2026 17:37:46.819000;1.29362845445739e-06
17/09/2026 17:37:46.829000;1.87253516837484e-06
17/09/2026 17:37:46.839000;1.66046035068569e-06
17/09/2026 17:37:46.849000;3.70096788211804e-06
17/09/2026 17:37:46.859000;1.20192052413403e-06
17/09/2026 17:37:46.869000;5.48502026934638e-07
17/09/2026 17:37:46.879000;3.36427793295582e-07
17/09/2026 17:37:46.889000;1.64899684969184e-06
17/09/2026 17:37:46.899000;1.86680341531539e-06
17/09/2026 17:37:46.909000;2.26229453672924e-06
17/09/2026 17:37:46.919000;1.01277297309015e-06
17/09/2026 17:37:46.929000;8.63747682255609e-07
17/09/2026 17:37:46.939000;1.0070412302808e-06
17/09/2026 17:37:46.949000;6.4594157105291e-07
17/09/2026 17:37:46.959000;1.98717024391397e-06
17/09/2026 17:37:46.969000;4.28135558524264e-07
17/09/2026 17:37:46.979000;1.7750953756576e-06
17/09/2026 17:37:46.989000;5.59965501688251e-07
17/09/2026 17:37:46.999000;1.86680341531539e-06
17/09/2026 17:37:47.009000;1.87253516837484e-06
17/09/2026 17:37:47.019000;1.51716660790864e-06
17/09/2026 17:37:47.029000;1.40253164443736e-06
17/09/2026 17:37:47.039000;1.73497311380823e-06
17/09/2026 17:37:47.049000;1.0242364589139e-06
17/09/2026 17:37:47.059000;1.67192385195286e-06
17/09/2026 17:37:47.069000;1.89546218129597e-06
17/09/2026 17:37:47.079000;2.15912290847332e-06
17/09/2026 17:37:47.089000;1.07582214850307e-06
17/09/2026 17:37:47.099000;2.66924950852963e-06
17/09/2026 17:37:47.109000;2.17631817831178e-06
17/09/2026 17:37:47.119000;1.40826339196175e-06
17/09/2026 17:37:47.129000;1.52289835679972e-06
17/09/2026 17:37:47.139000;1.01426724745024e-07
17/09/2026 17:37:47.149000;1.11021261130421e-06
17/09/2026 17:37:47.159000;2.34827091052194e-06
17/09/2026 17:37:47.169000;1.80375413617151e-06
17/09/2026 17:37:47.179000;2.11900061457525e-06
17/09/2026 17:37:47.189000;1.17899354428656e-06
17/09/2026 17:37:47.199000;7.60576354122683e-07
17/09/2026 17:37:47.209000;1.96424322661945e-06
17/09/2026 17:37:47.219000;1.03569994501094e-06
17/09/2026 17:37:47.229000;2.3310756345334e-06
17/09/2026 17:37:47.239000;1.15606656553244e-06
17/09/2026 17:37:47.249000;2.11326885857743e-06
17/09/2026 17:37:47.259000;2.61766364796857e-06
17/09/2026 17:37:47.269000;1.4885078644783e-06
17/09/2026 17:37:47.279000;1.91265744170433e-06
17/09/2026 17:37:47.289000;-1.45037687153405e-07
17/09/2026 17:37:47.299000;1.75939246238932e-07
17/09/2026 17:37:47.309000;1.55728885158121e-06
17/09/2026 17:37:47.319000;3.15071780734671e-06
17/09/2026 17:37:47.329000;8.17893755907621e-07
17/09/2026 17:37:47.339000;1.25923797853608e-06
17/09/2026 17:37:47.349000;4.51062502564785e-07
17/09/2026 17:37:47.359000;2.74949419151531e-06
17/09/2026 17:37:47.369000;1.4713126192401e-06
17/09/2026 17:37:47.379000;1.14460307656538e-06
17/09/2026 17:37:47.389000;8.4655245936261e-07
17/09/2026 17:37:47.399000;2.04448779193366e-06
17/09/2026 17:37:47.409000;1.11021261130421e-06
17/09/2026 17:37:47.419000;6.97527220051758e-07
17/09/2026 17:37:47.429000;1.63180159871359e-06
17/09/2026 17:37:47.439000;1.56302060095062e-06
17/09/2026 17:37:47.449000;6.91795481000773e-07
17/09/2026 17:37:47.459000;2.60620012415112e-06
17/09/2026 17:37:47.469000;1.06435866144936e-06
17/09/2026 17:37:47.479000;1.34521417295182e-06
17/09/2026 17:37:47.489000;4.79721184152948e-07
17/09/2026 17:37:47.499000;1.31082369334053e-06
17/09/2026 17:37:47.509000;1.66619210128511e-06
17/09/2026 17:37:47.519000;5.59965501688251e-07
17/09/2026 17:37:47.529000;1.7235096110377e-06
17/09/2026 17:37:47.539000;1.29362845445739e-06
17/09/2026 17:37:47.549000;7.72039833933e-07
17/09/2026 17:37:47.559000;2.39412498283143e-06
17/09/2026 17:37:47.569000;1.27643321618926e-06
17/09/2026 17:37:47.579000;1.17326179949553e-06
17/09/2026 17:37:47.589000;-2.94062619099034e-07
17/09/2026 17:37:47.599000;-4.02965424769711e-07
17/09/2026 17:37:47.609000;1.83814465104316e-06
17/09/2026 17:37:47.619000;2.25083102138524e-06
17/09/2026 17:37:47.629000;2.18204993506128e-06
17/09/2026 17:37:47.639000;4.22403822684968e-07
17/09/2026 17:37:47.649000;2.11900061457525e-06
17/09/2026 17:37:47.659000;2.02729252681024e-06
17/09/2026 17:37:47.669000;2.76668948246906e-06
17/09/2026 17:37:47.679000;1.68338735349338e-06
17/09/2026 17:37:47.689000;1.70207513406321e-07
17/09/2026 17:37:47.699000;-1.27842499725632e-07
17/09/2026 17:37:47.709000;2.39985674217762e-06
17/09/2026 17:37:47.719000;1.94131621041828e-06
17/09/2026 17:37:47.729000;1.5859475991116e-06
17/09/2026 17:37:47.739000;1.56302060095062e-06
17/09/2026 17:37:47.749000;8.17893755907621e-07
17/09/2026 17:37:47.759000;2.80681183041949e-06
17/09/2026 17:37:47.769000;4.79721184152948e-07
17/09/2026 17:37:47.779000;2.06741481305494e-06
17/09/2026 17:37:47.789000;2.44720045560344e-07
17/09/2026 17:37:47.799000;-1.73696331499686e-07
17/09/2026 17:37:47.809000;1.64899684969184e-06
17/09/2026 17:37:47.819000;1.5057031103315e-06
17/09/2026 17:37:47.829000;2.09034183526951e-06
17/09/2026 17:37:47.839000;-7.4761705110836e-09
17/09/2026 17:37:47.849000;-2.53940526580898e-07
17/09/2026 17:37:47.859000;2.07314656850608e-06
17/09/2026 17:37:47.869000;1.27643321618926e-06
17/09/2026 17:37:47.879000;1.62606984852417e-06
17/09/2026 17:37:47.889000;1.26496972435212e-06
17/09/2026 17:37:47.899000;6.2301461771899e-07
17/09/2026 17:37:47.909000;3.08766835982725e-06
17/09/2026 17:37:47.919000;1.99863375297124e-06
17/09/2026 17:37:47.929000;3.48889225787955e-06
17/09/2026 17:37:47.939000;7.43381134919659e-07
17/09/2026 17:37:47.949000;-1.73696331499686e-07
17/09/2026 17:37:47.959000;7.54844614319972e-07
17/09/2026 17:37:47.969000;1.21911575973714e-06
17/09/2026 17:37:47.979000;1.59167934882268e-06
17/09/2026 17:37:47.989000;2.44720045560344e-07
17/09/2026 17:37:47.999000;4.22403822684968e-07
17/09/2026 17:37:48.009000;1.80948588847928e-06
17/09/2026 17:37:48.019000;8.75211164525945e-07
17/09/2026 17:37:48.029000;2.23936750631457e-06
17/09/2026 17:37:48.039000;4.33867294431893e-07
17/09/2026 17:37:48.049000;1.04716343138131e-06
17/09/2026 17:37:48.059000;1.4885078644783e-06
17/09/2026 17:37:48.069000;1.83814465104316e-06
17/09/2026 17:37:48.079000;1.18472528914593e-06
17/09/2026 17:37:48.089000;-5.80648896852853e-07
17/09/2026 17:37:48.099000;1.04716343138131e-06
17/09/2026 17:37:48.109000;1.68338735349338e-06
17/09/2026 17:37:48.119000;1.86107166232428e-06
17/09/2026 17:37:48.129000;1.11594435534357e-06
17/09/2026 17:37:48.139000;-1.33723584930051e-06
17/09/2026 17:37:48.149000;1.33375067947472e-06
17/09/2026 17:37:48.159000;1.91265744170433e-06
17/09/2026 17:37:48.169000;1.75216836847652e-06
17/09/2026 17:37:48.179000;1.93558445653882e-06
17/09/2026 17:37:48.189000;8.29357237084614e-07
17/09/2026 17:37:48.199000;1.19045703407363e-06
17/09/2026 17:37:48.209000;1.75939246238932e-07
17/09/2026 17:37:48.219000;6.34478094249282e-07
17/09/2026 17:37:48.229000;1.32228718627096e-06
17/09/2026 17:37:48.239000;3.98729098578116e-09
17/09/2026 17:37:48.249000;9.49723805945682e-07
17/09/2026 17:37:48.259000;1.06435866144936e-06
17/09/2026 17:37:48.269000;1.64899684969184e-06
17/09/2026 17:37:48.279000;2.79534830209198e-06
17/09/2026 17:37:48.289000;2.07887832402556e-06
17/09/2026 17:37:48.299000;1.43692213060872e-06
17/09/2026 17:37:48.309000;2.25083102138524e-06
17/09/2026 17:37:48.319000;8.40820718534944e-07
17/09/2026 17:37:48.329000;1.90119393469709e-06
17/09/2026 17:37:48.339000;9.84114259726747e-07
17/09/2026 17:37:48.349000;5.42770289660333e-07
17/09/2026 17:37:48.359000;1.15606656553244e-06
17/09/2026 17:37:48.369000;2.00436550760237e-06
17/09/2026 17:37:48.379000;1.67192385195286e-06
17/09/2026 17:37:48.389000;1.02996820192825e-06
17/09/2026 17:37:48.399000;3.24964323872004e-07
17/09/2026 17:37:48.409000;2.58900483893745e-06
17/09/2026 17:37:48.419000;1.42545863494493e-06
17/09/2026 17:37:48.429000;1.30509194697782e-06
17/09/2026 17:37:48.439000;9.32528579977658e-07
17/09/2026 17:37:48.449000;1.74643661685209e-06
17/09/2026 17:37:48.459000;2.79110448911045e-07
17/09/2026 17:37:48.469000;1.20765226926673e-06
17/09/2026 17:37:48.479000;2.02729252681024e-06
17/09/2026 17:37:48.489000;1.2435365320545e-07
17/09/2026 17:37:48.499000;-5.7491717297195e-07
17/09/2026 17:37:48.509000;4.51062502564785e-07
17/09/2026 17:37:48.519000;1.35667766670226e-06
17/09/2026 17:37:48.529000;1.18472528914593e-06
17/09/2026 17:37:48.539000;-2.42477070960728e-07
17/09/2026 17:37:48.549000;2.27524844807445e-07
17/09/2026 17:37:48.559000;2.46290609949578e-06
17/09/2026 17:37:48.569000;1.58021584946885e-06
17/09/2026 17:37:48.579000;2.17058642163063e-06
17/09/2026 17:37:48.589000;5.37038552454361e-07
17/09/2026 17:37:48.599000;2.50451779281293e-07
17/09/2026 17:37:48.609000;1.8553399094015e-06
17/09/2026 17:37:48.619000;1.89546218129597e-06
17/09/2026 17:37:48.629000;1.48277611599723e-06
17/09/2026 17:37:48.639000;2.1606137798055e-07
17/09/2026 17:37:48.649000;-5.0613648107105e-07
17/09/2026 17:37:48.659000;1.76936362375983e-06
17/09/2026 17:37:48.669000;9.26796838124984e-07
17/09/2026 17:37:48.679000;1.44838562654584e-06
17/09/2026 17:37:48.689000;-2.25281887017972e-07
17/09/2026 17:37:48.699000;8.40820718534944e-07
17/09/2026 17:37:48.709000;4.39599030407857e-07
17/09/2026 17:37:48.719000;4.10940351211377e-07
17/09/2026 17:37:48.729000;1.29362845445739e-06
17/09/2026 17:37:48.739000;5.25575078247419e-07
17/09/2026 17:37:48.749000;1.17899354428656e-06
17/09/2026 17:37:48.759000;1.91265744170433e-06
17/09/2026 17:37:48.769000;2.56034603161464e-06
17/09/2026 17:37:48.779000;1.33375067947472e-06
17/09/2026 17:37:48.789000;-7.46868859673922e-07
17/09/2026 17:37:48.799000;7.43381134919659e-07
17/09/2026 17:37:48.809000;2.50876018273874e-06
17/09/2026 17:37:48.819000;8.40820718534944e-07
17/09/2026 17:37:48.829000;1.22484750507484e-06
17/09/2026 17:37:48.839000;-1.84735819824391e-06
17/09/2026 17:37:48.849000;3.13500854721762e-07
17/09/2026 17:37:48.859000;3.99476880011122e-07
17/09/2026 17:37:48.869000;1.11594435534357e-06
17/09/2026 17:37:48.879000;8.92406388443953e-07
17/09/2026 17:37:48.889000;3.70818203206324e-07
17/09/2026 17:37:48.899000;4.28135558524264e-07
17/09/2026 17:37:48.909000;6.34478094249282e-07
17/09/2026 17:37:48.919000;1.76936362375983e-06
17/09/2026 17:37:48.929000;1.23057925048088e-06
17/09/2026 17:37:48.939000;-1.14235750569543e-06
17/09/2026 17:37:48.949000;1.38533640227419e-06
17/09/2026 17:37:48.959000;1.01277297309015e-06
17/09/2026 17:37:48.969000;1.49997136164544e-06
17/09/2026 17:37:48.979000;1.17326179949553e-06
17/09/2026 17:37:48.989000;2.01009726230184e-06
17/09/2026 17:37:48.999000;1.16753005477283e-06
17/09/2026 17:37:49.009000;1.18621920987843e-07
17/09/2026 17:37:49.019000;7.0899069835873e-07
17/09/2026 17:37:49.029000;1.30509194697782e-06
17/09/2026 17:37:49.039000;8.99632609248136e-08
17/09/2026 17:37:49.049000;4.85452920675582e-07
17/09/2026 17:37:49.059000;-1.39305958079147e-07
17/09/2026 17:37:49.069000;1.69485085530723e-06
17/09/2026 17:37:49.079000;2.84693418171836e-06
17/09/2026 17:37:49.089000;-1.04915582198597e-07
17/09/2026 17:37:49.099000;4.62525974995049e-07
17/09/2026 17:37:49.109000;2.42278378024573e-06
17/09/2026 17:37:49.119000;1.13887133218435e-06
17/09/2026 17:37:49.129000;6.68868525480171e-07
17/09/2026 17:37:49.139000;-4.08697150700621e-07
17/09/2026 17:37:49.149000;1.01277297309015e-06
17/09/2026 17:37:49.159000;1.24204274149796e-06
17/09/2026 17:37:49.169000;2.73229890117658e-06
17/09/2026 17:37:49.179000;1.10448086733319e-06
17/09/2026 17:37:49.189000;-2.59672254288482e-07
17/09/2026 17:37:49.199000;4.96916393925904e-07
17/09/2026 17:37:49.209000;9.84114259726747e-07
17/09/2026 17:37:49.219000;7.89235054160979e-07
17/09/2026 17:37:49.229000;2.90425183223936e-06
17/09/2026 17:37:49.239000;3.99476880011122e-07
17/09/2026 17:37:49.249000;8.75211164525945e-07
17/09/2026 17:37:49.259000;6.68868525480171e-07
17/09/2026 17:37:49.269000;1.70631435739442e-06
17/09/2026 17:37:49.279000;1.66619210128511e-06
17/09/2026 17:37:49.289000;7.26185916331692e-07
17/09/2026 17:37:49.299000;-2.76867437001233e-07
17/09/2026 17:37:49.309000;9.32528579977658e-07
17/09/2026 17:37:49.319000;9.61187290266035e-07
17/09/2026 17:37:49.329000;2.28522156823726e-06
17/09/2026 17:37:49.339000;3.25962141799189e-06
17/09/2026 17:37:49.349000;-1.56501145096918e-07
17/09/2026 17:37:49.359000;2.71510361145285e-06
17/09/2026 17:37:49.369000;1.76363187193039e-06
17/09/2026 17:37:49.379000;1.91265744170433e-06
17/09/2026 17:37:49.389000;4.73989447698648e-07
17/09/2026 17:37:49.399000;1.31655543977158e-06
17/09/2026 17:37:49.409000;9.38260321898666e-07
17/09/2026 17:37:49.419000;2.57754131580335e-06
17/09/2026 17:37:49.429000;1.7235096110377e-06
17/09/2026 17:37:49.439000;2.1361958829787e-06
17/09/2026 17:37:49.449000;6.51673309557224e-07
17/09/2026 17:37:49.459000;5.71428976715199e-07
17/09/2026 17:37:49.469000;2.3310756345334e-06
17/09/2026 17:37:49.479000;2.95583772355085e-06
17/09/2026 17:37:49.489000;1.75216836847652e-06
17/09/2026 17:37:49.499000;-7.4761705110836e-09
17/09/2026 17:37:49.509000;2.37692970520287e-06
17/09/2026 17:37:49.519000;4.22403822684968e-07
17/09/2026 17:37:49.529000;1.24204274149796e-06
17/09/2026 17:37:49.539000;-7.62569337522957e-08
17/09/2026 17:37:49.549000;1.02996820192825e-06
17/09/2026 17:37:49.559000;3.50035580274398e-06
17/09/2026 17:37:49.569000;1.45411737461691e-06
17/09/2026 17:37:49.579000;1.41972688721554e-06
17/09/2026 17:37:49.589000;2.73378714848427e-07
17/09/2026 17:37:49.599000;4.45330766452154e-07
17/09/2026 17:37:49.609000;2.48583314057058e-06
17/09/2026 17:37:49.619000;8.80942905763614e-07
17/09/2026 17:37:49.629000;1.96997498084058e-06
17/09/2026 17:37:49.639000;-3.97233698770468e-07
17/09/2026 17:37:49.649000;5.42770289660333e-07
17/09/2026 17:37:49.659000;1.7235096110377e-06
17/09/2026 17:37:49.669000;2.543150748041e-06
17/09/2026 17:37:49.679000;1.54009360388299e-06
17/09/2026 17:37:49.689000;4.33867294431893e-07
17/09/2026 17:37:49.699000;1.35667766670226e-06
17/09/2026 17:37:49.709000;1.20765226926673e-06
17/09/2026 17:37:49.719000;1.59167934882268e-06
17/09/2026 17:37:49.729000;2.52022370423282e-06
17/09/2026 17:37:49.739000;-7.98454353691976e-07
17/09/2026 17:37:49.749000;-5.92112344409657e-07
17/09/2026 17:37:49.759000;2.09607359099399e-06
17/09/2026 17:37:49.769000;4.10940351211377e-07
17/09/2026 17:37:49.779000;2.76095771874948e-06
17/09/2026 17:37:49.789000;-9.07357045108984e-07
17/09/2026 17:37:49.799000;1.4770443675845e-06
17/09/2026 17:37:49.809000;3.66657723399454e-06
17/09/2026 17:37:49.819000;1.19045703407363e-06
17/09/2026 17:37:49.829000;2.52595546508237e-06
17/09/2026 17:37:49.839000;1.61460634835034e-06
17/09/2026 17:37:49.849000;7.20454176939038e-07
17/09/2026 17:37:49.859000;6.05819403436055e-07
17/09/2026 17:37:49.869000;-1.39305958079147e-07
17/09/2026 17:37:49.879000;1.49997136164544e-06
17/09/2026 17:37:49.889000;-7.1821024949444e-07
17/09/2026 17:37:49.899000;1.20765226926673e-06
17/09/2026 17:37:49.909000;2.11326885857743e-06
17/09/2026 17:37:49.919000;1.27643321618926e-06
17/09/2026 17:37:49.929000;2.26802629450375e-06
17/09/2026 17:37:49.939000;9.43992063888007e-07
17/09/2026 17:37:49.949000;1.20192052413403e-06
17/09/2026 17:37:49.959000;1.83241289839372e-06
17/09/2026 17:37:49.969000;1.37960465502314e-06
17/09/2026 17:37:49.979000;2.09034183526951e-06
17/09/2026 17:37:49.989000;8.52284200258609e-07
17/09/2026 17:37:49.999000;1.28789670829968e-06
17/09/2026 17:37:50.009000;-1.50769416159328e-07
17/09/2026 17:37:50.019000;5.25575078247419e-07
17/09/2026 17:37:50.029000;2.76095771874948e-06
17/09/2026 17:37:50.039000;2.21793111359831e-07
17/09/2026 17:37:50.049000;9.38260321898666e-07
17/09/2026 17:37:50.059000;1.9527797183822e-06
17/09/2026 17:37:50.069000;1.15606656553244e-06
17/09/2026 17:37:50.079000;1.94131621041828e-06
17/09/2026 17:37:50.089000;8.29357237084614e-07
17/09/2026 17:37:50.099000;3.83776771163841e-08
17/09/2026 17:37:50.109000;2.6914214799515e-08
17/09/2026 17:37:50.119000;7.89235054160979e-07
17/09/2026 17:37:50.129000;1.79229063176096e-06
17/09/2026 17:37:50.139000;1.90119393469709e-06
17/09/2026 17:37:50.149000;3.36427793295582e-07
17/09/2026 17:37:50.159000;1.06435866144936e-06
17/09/2026 17:37:50.169000;1.98717024391397e-06
17/09/2026 17:37:50.179000;2.31388035915986e-06
17/09/2026 17:37:50.189000;1.12740784362729e-06
17/09/2026 17:37:50.199000;8.17893755907621e-07
17/09/2026 17:37:50.209000;1.69485085530723e-06
17/09/2026 17:37:50.219000;6.05819403436055e-07
17/09/2026 17:37:50.229000;8.2362549646195e-07
17/09/2026 17:37:50.239000;1.70631435739442e-06
17/09/2026 17:37:50.249000;1.90119393469709e-06
17/09/2026 17:37:50.259000;6.57405048129873e-07
17/09/2026 17:37:50.269000;1.56875235038836e-06
17/09/2026 17:37:50.279000;3.51755112055313e-06
17/09/2026 17:37:50.289000;-2.36745343048143e-07
17/09/2026 17:37:50.299000;1.15606656553244e-06
17/09/2026 17:37:50.309000;9.26796838124984e-07
17/09/2026 17:37:50.319000;6.00087665478412e-07
17/09/2026 17:37:50.329000;1.88399867469874e-06
17/09/2026 17:37:50.339000;1.54582535304739e-06
17/09/2026 17:37:50.349000;8.52284200258609e-07
17/09/2026 17:37:50.359000;1.11021261130421e-06
17/09/2026 17:37:50.369000;1.87402712109154e-07
17/09/2026 17:37:50.379000;3.31120734743395e-06
17/09/2026 17:37:50.389000;1.78655887965814e-06
17/09/2026 17:37:50.399000;7.89235054160979e-07
17/09/2026 17:37:50.409000;2.60620012415112e-06
17/09/2026 17:37:50.419000;1.16179831011847e-06
17/09/2026 17:37:50.429000;2.44571081940718e-06
17/09/2026 17:37:50.439000;1.48277611599723e-06
17/09/2026 17:37:50.449000;1.87402712109154e-07
17/09/2026 17:37:50.459000;1.68911910436614e-06
17/09/2026 17:37:50.469000;2.61915246928193e-07
17/09/2026 17:37:50.479000;1.7750953756576e-06
17/09/2026 17:37:50.489000;5.77160714331174e-07
17/09/2026 17:37:50.499000;1.0715845675763e-07
17/09/2026 17:37:50.509000;1.21911575973714e-06
17/09/2026 17:37:50.519000;1.94704796436607e-06
17/09/2026 17:37:50.529000;2.39412498283143e-06
;