Time;cDAQ1Mod2/ai0
15/09/2026 21:06:06.684000;-1.31117791448079e-07
15/09/2026 21:06:06.694000;-7.32949522217293e-07
15/09/2026 21:06:06.704000;4.70713939321188e-07
15/09/2026 21:06:06.714000;-3.25996637601939e-07
15/09/2026 21:06:06.724000;-1.26026875298652e-06
15/09/2026 21:06:06.734000;5.80293239365507e-08
15/09/2026 21:06:06.744000;4.1626249701348e-07
15/09/2026 21:06:06.754000;6.91385573936554e-07
15/09/2026 21:06:06.764000;7.54434612398079e-07
15/09/2026 21:06:06.774000;-1.69014856067885e-06
15/09/2026 21:06:06.784000;3.15957208551936e-07
15/09/2026 21:06:06.794000;2.29981247013492e-07
15/09/2026 21:06:06.804000;-1.07112163760189e-06
15/09/2026 21:06:06.814000;-7.41547118371164e-07
15/09/2026 21:06:06.824000;-1.84490529144805e-06
15/09/2026 21:06:06.834000;1.04961874701348e-06
15/09/2026 21:06:06.844000;-8.24657214524966e-07
15/09/2026 21:06:06.854000;3.07359612398065e-07
15/09/2026 21:06:06.864000;-5.32338945294204e-07
15/09/2026 21:06:06.874000;-5.75326926063452e-07
15/09/2026 21:06:06.884000;7.94556727782686e-07
15/09/2026 21:06:06.894000;4.93640862398106e-07
15/09/2026 21:06:06.904000;1.52535240085965e-06
15/09/2026 21:06:06.914000;-1.15136586837116e-06
15/09/2026 21:06:06.924000;-8.52639452942424e-08
15/09/2026 21:06:06.934000;2.41444708551951e-07
15/09/2026 21:06:06.944000;-3.14533176063426e-07
15/09/2026 21:06:06.954000;-1.05325002986519e-07
15/09/2026 21:06:06.964000;1.10980192009037e-06
15/09/2026 21:06:06.974000;-2.50118846452497e-06
15/09/2026 21:06:06.984000;5.50958170090402e-07
15/09/2026 21:06:06.994000;-1.67868509914039e-06
15/09/2026 21:06:07.004000;-4.17704329909612e-07
15/09/2026 21:06:07.014000;-6.3551009914039e-07
15/09/2026 21:06:07.024000;-1.94807644529423e-06
15/09/2026 21:06:07.034000;8.43276439321165e-07
15/09/2026 21:06:07.044000;7.60166343167309e-07
15/09/2026 21:06:07.054000;4.24860093167298e-07
15/09/2026 21:06:07.064000;-1.48312983755768e-07
15/09/2026 21:06:07.074000;-1.19435384914035e-06
15/09/2026 21:06:07.084000;1.23589999701347e-06
15/09/2026 21:06:07.094000;2.50042304705769e-07
15/09/2026 21:06:07.104000;-3.63252887601904e-07
15/09/2026 21:06:07.114000;1.75529804705784e-07
15/09/2026 21:06:07.124000;-2.08496156832705e-07
15/09/2026 21:06:07.134000;9.3211826624425e-07
15/09/2026 21:06:07.144000;6.94927854750099e-08
15/09/2026 21:06:07.154000;-5.43802406832663e-07
15/09/2026 21:06:07.164000;3.38884131628854e-07
15/09/2026 21:06:07.174000;-4.32033656832659e-07
15/09/2026 21:06:07.184000;1.13272884316734e-06
15/09/2026 21:06:07.194000;1.12126538162888e-06
15/09/2026 21:06:07.204000;1.98456727782702e-07
15/09/2026 21:06:07.214000;9.81514393211578e-08
15/09/2026 21:06:07.224000;-2.03978413760191e-06
15/09/2026 21:06:07.234000;7.54434612398079e-07
15/09/2026 21:06:07.244000;5.82482689321138e-07
15/09/2026 21:06:07.254000;-1.942344714525e-06
15/09/2026 21:06:07.264000;1.16711922778272e-06
15/09/2026 21:06:07.274000;-1.32904952221728e-06
15/09/2026 21:06:07.284000;5.9967788162888e-07
15/09/2026 21:06:07.294000;-7.95998560678818e-07
15/09/2026 21:06:07.304000;-1.24307356067883e-06
15/09/2026 21:06:07.314000;-9.38615414480601e-08
15/09/2026 21:06:07.324000;-2.26905336837114e-06
15/09/2026 21:06:07.334000;5.28031247013484e-07
15/09/2026 21:06:07.344000;1.39925432393654e-06
15/09/2026 21:06:07.354000;-1.19435384914035e-06
15/09/2026 21:06:07.364000;-9.93743272217319e-07
15/09/2026 21:06:07.374000;-2.64161586837112e-06
15/09/2026 21:06:07.384000;7.11446631628831e-07
15/09/2026 21:06:07.394000;-1.22520195294208e-07
15/09/2026 21:06:07.404000;1.1298629777827e-06
15/09/2026 21:06:07.414000;-8.36120676063479e-07
15/09/2026 21:06:07.424000;-2.04551586837114e-06
15/09/2026 21:06:07.434000;8.06020189321146e-07
15/09/2026 21:06:07.444000;-3.05935579909608e-07
15/09/2026 21:06:07.454000;-5.40936541448075e-07
15/09/2026 21:06:07.464000;-5.26607214524974e-07
15/09/2026 21:06:07.474000;-1.41215961837113e-06
15/09/2026 21:06:07.484000;3.84737977782691e-07
15/09/2026 21:06:07.494000;1.69443845855195e-06
15/09/2026 21:06:07.504000;-1.68374041448045e-07
15/09/2026 21:06:07.514000;-1.27173221452498e-06
15/09/2026 21:06:07.524000;-2.36362692606346e-06
15/09/2026 21:06:07.534000;5.05104323936565e-07
15/09/2026 21:06:07.544000;-5.09412022217285e-07
15/09/2026 21:06:07.554000;-3.46057695294215e-07
15/09/2026 21:06:07.564000;4.96506727782694e-07
15/09/2026 21:06:07.574000;-2.25472404144804e-06
15/09/2026 21:06:07.584000;-4.80076952942234e-08
15/09/2026 21:06:07.594000;4.44921150859628e-07
15/09/2026 21:06:07.604000;8.09562470134691e-08
15/09/2026 21:06:07.614000;1.22157067009037e-06
15/09/2026 21:06:07.624000;-1.20581731067881e-06
15/09/2026 21:06:07.634000;8.74800958551954e-07
15/09/2026 21:06:07.644000;-8.04596156832689e-07
15/09/2026 21:06:07.654000;6.14007208551928e-07
15/09/2026 21:06:07.664000;-1.1965432990962e-07
15/09/2026 21:06:07.674000;-1.17715865683267e-06
15/09/2026 21:06:07.684000;8.95538431673401e-08
15/09/2026 21:06:07.694000;-1.94166829909605e-07
15/09/2026 21:06:07.704000;-1.91300964525016e-07
15/09/2026 21:06:07.714000;3.84737977782691e-07
15/09/2026 21:06:07.724000;-2.24899231067881e-06
15/09/2026 21:06:07.734000;2.21383650859621e-07
15/09/2026 21:06:07.744000;8.69069227782724e-07
15/09/2026 21:06:07.754000;4.96506727782694e-07
15/09/2026 21:06:07.764000;7.52245162442395e-08
15/09/2026 21:06:07.774000;-1.27746394529421e-06
15/09/2026 21:06:07.784000;1.21010720855191e-06
15/09/2026 21:06:07.794000;-7.87400964525001e-07
15/09/2026 21:06:07.804000;1.98456727782702e-07
15/09/2026 21:06:07.814000;2.15651920090391e-07
15/09/2026 21:06:07.824000;1.46871150859636e-07
15/09/2026 21:06:07.834000;7.05714900859601e-07
15/09/2026 21:06:07.844000;-4.89350964525009e-07
15/09/2026 21:06:07.854000;-2.08496156832705e-07
15/09/2026 21:06:07.864000;-5.98253849140371e-07
15/09/2026 21:06:07.874000;-1.3663057722173e-06
15/09/2026 21:06:07.884000;6.65592785474994e-07
15/09/2026 21:06:07.894000;3.99067304705791e-07
15/09/2026 21:06:07.904000;3.64676920090414e-07
15/09/2026 21:06:07.914000;5.5382403547499e-07
15/09/2026 21:06:07.924000;-2.65307932990963e-06
15/09/2026 21:06:07.934000;5.30897112398072e-07
15/09/2026 21:06:07.944000;-5.08735606788115e-08
15/09/2026 21:06:07.954000;9.63642785474986e-07
15/09/2026 21:06:07.964000;-6.49839426063437e-07
15/09/2026 21:06:07.974000;-1.52392836837114e-06
15/09/2026 21:06:07.984000;9.75106247013445e-07
15/09/2026 21:06:07.994000;-2.65813464525001e-07
15/09/2026 21:06:08.004000;-1.97032695294246e-07
15/09/2026 21:06:08.014000;4.07664900859609e-07
15/09/2026 21:06:08.024000;-1.89649086837117e-06
15/09/2026 21:06:08.034000;6.45531727782717e-07
15/09/2026 21:06:08.044000;-1.88435099140375e-07
15/09/2026 21:06:08.054000;-5.52400002986534e-07
15/09/2026 21:06:08.064000;-2.15384914038667e-09
15/09/2026 21:06:08.074000;-9.53621156832659e-07
15/09/2026 21:06:08.084000;1.01522836239811e-06
15/09/2026 21:06:08.094000;4.1626249701348e-07
15/09/2026 21:06:08.104000;-3.43191829909627e-07
15/09/2026 21:06:08.114000;1.10980192009037e-06
15/09/2026 21:06:08.124000;-1.78185625298652e-06
15/09/2026 21:06:08.134000;4.53518747013446e-07
15/09/2026 21:06:08.144000;-8.16059618371148e-07
15/09/2026 21:06:08.154000;-3.63252887601904e-07
15/09/2026 21:06:08.164000;-1.02240192606347e-06
15/09/2026 21:06:08.174000;-8.38986541448067e-07
15/09/2026 21:06:08.184000;3.47481727782725e-07
15/09/2026 21:06:08.194000;7.14312497013472e-07
15/09/2026 21:06:08.204000;-1.08545096452499e-06
15/09/2026 21:06:08.214000;-2.5721586837113e-07
15/09/2026 21:06:08.224000;-2.44387115683267e-06
15/09/2026 21:06:08.234000;9.0632547778269e-07
15/09/2026 21:06:08.244000;7.22910093167343e-07
15/09/2026 21:06:08.254000;1.98456727782702e-07
15/09/2026 21:06:08.264000;-8.01730291448048e-07
15/09/2026 21:06:08.274000;-1.23161009914037e-06
15/09/2026 21:06:08.284000;1.54827932393656e-06
15/09/2026 21:06:08.294000;-1.99898560678834e-07
15/09/2026 21:06:08.304000;2.15651920090391e-07
15/09/2026 21:06:08.314000;6.28336535475028e-07
15/09/2026 21:06:08.324000;-3.17399041448067e-07
15/09/2026 21:06:08.334000;1.11553365085965e-06
15/09/2026 21:06:08.344000;-1.55258702221728e-06
15/09/2026 21:06:08.354000;3.79682662442204e-08
15/09/2026 21:06:08.364000;-3.20264906832709e-07
15/09/2026 21:06:08.374000;2.04188458551932e-07
15/09/2026 21:06:08.384000;3.41749997013495e-07
15/09/2026 21:06:08.394000;-7.81669233755771e-07
15/09/2026 21:06:08.404000;-9.04901445294234e-07
15/09/2026 21:06:08.414000;-6.89961541448044e-07
15/09/2026 21:06:08.424000;-2.22606538760189e-06
15/09/2026 21:06:08.434000;1.37919326624426e-06
15/09/2026 21:06:08.444000;-2.19959618371164e-07
15/09/2026 21:06:08.454000;1.02955768932115e-06
15/09/2026 21:06:08.464000;3.13091343167294e-07
15/09/2026 21:06:08.474000;-3.94100991403523e-08
15/09/2026 21:06:08.484000;1.06394807393653e-06
15/09/2026 21:06:08.494000;-6.039855799096e-07
15/09/2026 21:06:08.504000;8.00288458551916e-07
15/09/2026 21:06:08.514000;2.72969227782687e-07
15/09/2026 21:06:08.524000;-1.53252596452501e-06
15/09/2026 21:06:08.534000;3.79682662442204e-08
15/09/2026 21:06:08.544000;7.14312497013472e-07
15/09/2026 21:06:08.554000;-5.35204810678845e-07
15/09/2026 21:06:08.564000;-4.29167791448071e-07
15/09/2026 21:06:08.574000;-5.15143752986515e-07
15/09/2026 21:06:08.584000;4.2199422778271e-07
15/09/2026 21:06:08.594000;-6.06851445294242e-07
15/09/2026 21:06:08.604000;7.40105285475032e-07
15/09/2026 21:06:08.614000;-7.55876445294211e-07
15/09/2026 21:06:08.624000;-2.0139913491404e-06
15/09/2026 21:06:08.634000;-8.59047599140397e-07
15/09/2026 21:06:08.644000;-2.60081733755772e-07
15/09/2026 21:06:08.654000;-1.68374041448045e-07
15/09/2026 21:06:08.664000;-6.78498079909585e-07
15/09/2026 21:06:08.674000;-1.80764904144808e-06
15/09/2026 21:06:08.684000;8.60471631628853e-07
15/09/2026 21:06:08.694000;-2.34288945294212e-07
15/09/2026 21:06:08.704000;6.94927854750099e-08
15/09/2026 21:06:08.714000;-5.08735606788115e-08
15/09/2026 21:06:08.724000;-3.08125029865346e-08
15/09/2026 21:06:08.734000;2.5112100931673e-06
15/09/2026 21:06:08.744000;-7.58742310678853e-07
15/09/2026 21:06:08.754000;9.0059374701346e-07
15/09/2026 21:06:08.764000;9.46447593167297e-07
15/09/2026 21:06:08.774000;-9.10633176063463e-07
15/09/2026 21:06:08.784000;1.34480288162883e-06
15/09/2026 21:06:08.794000;6.11141343167339e-07
15/09/2026 21:06:08.804000;3.73274516244231e-07
15/09/2026 21:06:08.814000;1.64066343167325e-07
15/09/2026 21:06:08.824000;-2.41234663760194e-06
15/09/2026 21:06:08.834000;6.99983170090371e-07
15/09/2026 21:06:08.844000;6.66269200903684e-08
15/09/2026 21:06:08.854000;2.12786054705803e-07
15/09/2026 21:06:08.864000;-7.88557990961626e-09
15/09/2026 21:06:08.874000;-6.98559137601915e-07
15/09/2026 21:06:08.884000;1.64285288162888e-06
15/09/2026 21:06:08.894000;-6.06851445294242e-07
15/09/2026 21:06:08.904000;3.18823073936524e-07
15/09/2026 21:06:08.914000;6.14007208551928e-07
15/09/2026 21:06:08.924000;-1.40069615683267e-06
15/09/2026 21:06:08.934000;1.37346153547503e-06
15/09/2026 21:06:08.944000;-5.66052914480945e-08
15/09/2026 21:06:08.954000;-6.89961541448044e-07
15/09/2026 21:06:08.964000;-4.43497118371118e-07
15/09/2026 21:06:08.974000;-1.90508846452498e-06
15/09/2026 21:06:08.984000;7.80227400859639e-07
15/09/2026 21:06:08.994000;5.50958170090402e-07
15/09/2026 21:06:09.004000;-2.80142791448048e-07
15/09/2026 21:06:09.014000;-5.66729329909581e-07
15/09/2026 21:06:09.024000;-1.68441682990962e-06
15/09/2026 21:06:09.034000;1.37919326624426e-06
15/09/2026 21:06:09.044000;-2.8874038760192e-07
15/09/2026 21:06:09.054000;-5.3739426063453e-08
15/09/2026 21:06:09.064000;8.66879777826986e-08
15/09/2026 21:06:09.074000;-1.34051298375574e-06
15/09/2026 21:06:09.084000;1.6915725931673e-06
15/09/2026 21:06:09.094000;-1.11056733755749e-07
15/09/2026 21:06:09.104000;-4.51418299095819e-08
15/09/2026 21:06:09.114000;-4.97948560678826e-07
15/09/2026 21:06:09.124000;1.50413431673021e-08
15/09/2026 21:06:09.134000;1.51962067009042e-06
15/09/2026 21:06:09.144000;4.62116343167317e-07
15/09/2026 21:06:09.154000;-6.039855799096e-07
15/09/2026 21:06:09.164000;-1.00807259914037e-06
15/09/2026 21:06:09.174000;-2.62728654144807e-06
15/09/2026 21:06:09.184000;4.94317277826796e-08
15/09/2026 21:06:09.194000;1.13846057393657e-06
15/09/2026 21:06:09.204000;-3.37460099140398e-07
15/09/2026 21:06:09.214000;-3.43191829909627e-07
15/09/2026 21:06:09.224000;-1.59557500298653e-06
15/09/2026 21:06:09.234000;1.04675288162884e-06
15/09/2026 21:06:09.244000;-2.6294759914036e-07
15/09/2026 21:06:09.254000;6.31202400859616e-07
15/09/2026 21:06:09.264000;-6.26912502986519e-07
15/09/2026 21:06:09.274000;8.54739900859624e-07
15/09/2026 21:06:09.284000;1.2273024008596e-06
15/09/2026 21:06:09.294000;-3.94100991403523e-08
15/09/2026 21:06:09.304000;-4.34899522217301e-07
15/09/2026 21:06:09.314000;-8.01730291448048e-07
15/09/2026 21:06:09.324000;-1.75319759914037e-06
15/09/2026 21:06:09.334000;1.21078362398076e-07
15/09/2026 21:06:09.344000;7.80227400859639e-07
15/09/2026 21:06:09.354000;-5.49534137601893e-07
15/09/2026 21:06:09.364000;-5.89656252986553e-07
15/09/2026 21:06:09.374000;-1.32904952221728e-06
15/09/2026 21:06:09.384000;1.60559663162886e-06
15/09/2026 21:06:09.394000;4.36323554705757e-07
15/09/2026 21:06:09.404000;1.39925432393654e-06
15/09/2026 21:06:09.414000;-6.32644233755748e-07
15/09/2026 21:06:09.424000;-4.10320721452499e-06
15/09/2026 21:06:09.434000;1.1441923047058e-06
15/09/2026 21:06:09.444000;-2.8874038760192e-07
15/09/2026 21:06:09.454000;-7.04290868371145e-07
15/09/2026 21:06:09.464000;1.49737016244224e-07
15/09/2026 21:06:09.474000;-1.96813750298651e-06
15/09/2026 21:06:09.484000;5.5955576624422e-07
15/09/2026 21:06:09.494000;-8.38986541448067e-07
15/09/2026 21:06:09.504000;5.62421631628861e-07
15/09/2026 21:06:09.514000;-3.54655291448086e-07
15/09/2026 21:06:09.524000;1.38273554705765e-07
15/09/2026 21:06:09.534000;8.57605766244265e-07
15/09/2026 21:06:09.544000;-1.31117791448079e-07
15/09/2026 21:06:09.554000;-5.75326926063452e-07
15/09/2026 21:06:09.564000;-3.80448079909593e-07
15/09/2026 21:06:09.574000;4.94317277826796e-08
15/09/2026 21:06:09.584000;-6.58437022217308e-07
15/09/2026 21:06:09.594000;5.88214420090368e-07
15/09/2026 21:06:09.604000;-1.48312983755768e-07
15/09/2026 21:06:09.614000;-1.99898560678834e-07
15/09/2026 21:06:09.624000;-1.74460000298656e-06
15/09/2026 21:06:09.634000;1.50529134316732e-06
15/09/2026 21:06:09.644000;-9.8227981067886e-07
15/09/2026 21:06:09.654000;3.56079323936543e-07
15/09/2026 21:06:09.664000;-1.04532884914039e-06
15/09/2026 21:06:09.674000;6.94927854750099e-08
15/09/2026 21:06:09.684000;-1.02459137601931e-07
15/09/2026 21:06:09.694000;-1.25740288760193e-06
15/09/2026 21:06:09.704000;-4.83619233755779e-07
15/09/2026 21:06:09.714000;3.33152400859624e-07
15/09/2026 21:06:09.724000;-4.5209471452499e-07
15/09/2026 21:06:09.734000;1.00949663162888e-06
15/09/2026 21:06:09.744000;-1.34337884914038e-06
15/09/2026 21:06:09.754000;3.41749997013495e-07
15/09/2026 21:06:09.764000;6.4437470134844e-09
15/09/2026 21:06:09.774000;-6.52705291448078e-07
15/09/2026 21:06:09.784000;1.75529804705784e-07
15/09/2026 21:06:09.794000;6.08951893211388e-08
15/09/2026 21:06:09.804000;-1.38636682990963e-06
15/09/2026 21:06:09.814000;4.30591823936527e-07
15/09/2026 21:06:09.824000;-1.73886827221727e-06
15/09/2026 21:06:09.834000;1.83773172778269e-06
15/09/2026 21:06:09.844000;-6.06851445294242e-07
15/09/2026 21:06:09.854000;6.08951893211388e-08
15/09/2026 21:06:09.864000;5.80293239365507e-08
15/09/2026 21:06:09.874000;-1.51533077221732e-06
15/09/2026 21:06:09.884000;-7.88557990961626e-09
15/09/2026 21:06:09.894000;-7.38681252986522e-07
15/09/2026 21:06:09.904000;7.6303220855195e-07
15/09/2026 21:06:09.914000;1.4680350931673e-06
15/09/2026 21:06:09.924000;-1.69301442606344e-06
15/09/2026 21:06:09.934000;7.74495670090409e-07
15/09/2026 21:06:09.944000;1.27029038162885e-06
15/09/2026 21:06:09.954000;-1.4064278876019e-06
15/09/2026 21:06:09.964000;-6.72766349140355e-07
15/09/2026 21:06:09.974000;-1.0281336568327e-06
15/09/2026 21:06:09.984000;1.32474182393656e-06
15/09/2026 21:06:09.994000;-9.33560099140382e-07
15/09/2026 21:06:10.004000;2.78700958551917e-07
15/09/2026 21:06:10.014000;-2.68679329909589e-07
15/09/2026 21:06:10.024000;-2.48399327221728e-06
15/09/2026 21:06:10.034000;8.31812977782705e-07
15/09/2026 21:06:10.044000;2.47176439321181e-07
15/09/2026 21:06:10.054000;4.93640862398106e-07
15/09/2026 21:06:10.064000;-6.46973560678849e-07
15/09/2026 21:06:10.074000;-6.039855799096e-07
15/09/2026 21:06:10.084000;6.31202400859616e-07
15/09/2026 21:06:10.094000;-9.53621156832659e-07
15/09/2026 21:06:10.104000;1.81480480470577e-06
15/09/2026 21:06:10.114000;-7.66663491403713e-08
15/09/2026 21:06:10.124000;-7.01425002986503e-07
15/09/2026 21:06:10.134000;7.85959131628869e-07
15/09/2026 21:06:10.144000;-1.40069615683267e-06
15/09/2026 21:06:10.154000;2.24249516244262e-07
15/09/2026 21:06:10.164000;1.35913220855193e-06
15/09/2026 21:06:10.174000;-2.02764426063476e-07
15/09/2026 21:06:10.184000;2.5290817009041e-07
15/09/2026 21:06:10.194000;-6.44107695294207e-07
15/09/2026 21:06:10.204000;3.47481727782725e-07
15/09/2026 21:06:10.214000;3.51024008596323e-08
15/09/2026 21:06:10.224000;-3.66118752986546e-07
15/09/2026 21:06:10.234000;4.04799035475021e-07
15/09/2026 21:06:10.244000;4.56384612398087e-07
15/09/2026 21:06:10.254000;-6.87095676063456e-07
15/09/2026 21:06:10.264000;3.01627881628835e-07
15/09/2026 21:06:10.274000;-1.78758798375575e-06
15/09/2026 21:06:10.284000;8.43276439321165e-07
15/09/2026 21:06:10.294000;-1.15423173375575e-06
15/09/2026 21:06:10.304000;2.41444708551951e-07
15/09/2026 21:06:10.314000;-6.38375964524978e-07
15/09/2026 21:06:10.324000;2.04188458551932e-07
15/09/2026 21:06:10.334000;1.19291201624422e-06
15/09/2026 21:06:10.344000;2.65048047057613e-08
15/09/2026 21:06:10.354000;1.84127400859602e-07
15/09/2026 21:06:10.364000;7.8090381628881e-08
15/09/2026 21:06:10.374000;-9.13499041448052e-07
15/09/2026 21:06:10.384000;2.29053845855193e-06
15/09/2026 21:06:10.394000;4.27725958551939e-07
15/09/2026 21:06:10.404000;2.55992980470577e-06
15/09/2026 21:06:10.414000;-4.77887502986549e-07
15/09/2026 21:06:10.424000;-6.80687529865536e-08
15/09/2026 21:06:10.434000;1.52821826624423e-06
15/09/2026 21:06:10.444000;1.15346631628847e-07
15/09/2026 21:06:10.454000;-3.34594233755756e-07
15/09/2026 21:06:10.464000;-2.514841376019e-07
15/09/2026 21:06:10.474000;-7.27217791448063e-07
15/09/2026 21:06:10.484000;1.15565576624426e-06
15/09/2026 21:06:10.494000;-1.88435099140375e-07
15/09/2026 21:06:10.504000;9.23520670090379e-07
15/09/2026 21:06:10.514000;-1.56910579909586e-07
15/09/2026 21:06:10.524000;-1.08190868371161e-07
15/09/2026 21:06:10.534000;2.00681778547498e-06
15/09/2026 21:06:10.544000;6.94927854750099e-08
15/09/2026 21:06:10.554000;-8.13193752986507e-07
15/09/2026 21:06:10.564000;-7.66663491403713e-08
15/09/2026 21:06:10.574000;-1.06252404144807e-06
15/09/2026 21:06:10.584000;1.84919518932114e-06
15/09/2026 21:06:10.594000;-7.41547118371164e-07
15/09/2026 21:06:10.604000;-2.22149068326636e-08
15/09/2026 21:06:10.614000;8.08886054705787e-07
15/09/2026 21:06:10.624000;-9.8801154144809e-07
15/09/2026 21:06:10.634000;7.02849035475013e-07
15/09/2026 21:06:10.644000;-1.62642310678815e-07
15/09/2026 21:06:10.654000;9.69374516244215e-07
15/09/2026 21:06:10.664000;-3.94100991403523e-08
15/09/2026 21:06:10.674000;-7.81669233755771e-07
15/09/2026 21:06:10.684000;2.55419807393654e-06
15/09/2026 21:06:10.694000;-1.58411154144807e-06
15/09/2026 21:06:10.704000;-5.29473079909616e-07
15/09/2026 21:06:10.714000;-1.45514759914038e-06
15/09/2026 21:06:10.724000;-1.85063702221728e-06
15/09/2026 21:06:10.734000;6.42665862398076e-07
15/09/2026 21:06:10.744000;2.3284711239808e-07
15/09/2026 21:06:10.754000;-7.47278849140393e-07
15/09/2026 21:06:10.764000;7.8090381628881e-08
15/09/2026 21:06:10.774000;-1.22520195294208e-07
15/09/2026 21:06:10.784000;1.70303605470576e-06
15/09/2026 21:06:10.794000;4.93640862398106e-07
15/09/2026 21:06:10.804000;-3.03069714524967e-07
15/09/2026 21:06:10.814000;-4.49228849140401e-07
15/09/2026 21:06:10.824000;-1.29179327221731e-06
15/09/2026 21:06:10.834000;7.83093266244227e-07
15/09/2026 21:06:10.844000;-8.38986541448067e-07
15/09/2026 21:06:10.854000;-3.46057695294215e-07
15/09/2026 21:06:10.864000;3.38884131628854e-07
15/09/2026 21:06:10.874000;-1.39209856067886e-06
15/09/2026 21:06:10.884000;1.73456057393655e-06
15/09/2026 21:06:10.894000;-6.81363945294226e-07
15/09/2026 21:06:10.904000;8.03154323936557e-07
15/09/2026 21:06:10.914000;-2.34288945294212e-07
15/09/2026 21:06:10.924000;-1.66435577221729e-06
15/09/2026 21:06:10.934000;1.03242355470579e-06
15/09/2026 21:06:10.944000;-1.30039086837113e-06
15/09/2026 21:06:10.954000;9.80837977782675e-07
15/09/2026 21:06:10.964000;-3.57521156832675e-07
15/09/2026 21:06:10.974000;-3.40107019529423e-06
15/09/2026 21:06:10.984000;1.2416317277827e-06
15/09/2026 21:06:10.994000;-1.33983656832667e-07
15/09/2026 21:06:11.004000;-4.23436060678842e-07
15/09/2026 21:06:11.014000;2.98762016244247e-07
15/09/2026 21:06:11.024000;-1.79045384914039e-06
15/09/2026 21:06:11.034000;1.2416317277827e-06
15/09/2026 21:06:11.044000;-9.67274068327016e-08
15/09/2026 21:06:11.054000;4.67848073936546e-07
15/09/2026 21:06:11.064000;8.38221123981105e-08
15/09/2026 21:06:11.074000;-4.51418299095819e-08
15/09/2026 21:06:11.084000;1.62852355470578e-06
15/09/2026 21:06:11.094000;-4.7215577221732e-07
15/09/2026 21:06:11.104000;5.22299516244254e-07
15/09/2026 21:06:11.114000;4.33457689321169e-07
15/09/2026 21:06:11.124000;-3.48923560678857e-07
15/09/2026 21:06:11.134000;9.1205720855192e-07
15/09/2026 21:06:11.144000;-1.15136586837116e-06
15/09/2026 21:06:11.154000;7.25775958551931e-07
15/09/2026 21:06:11.164000;1.0582163431673e-06
15/09/2026 21:06:11.174000;-1.55258702221728e-06
15/09/2026 21:06:11.184000;6.39799997013487e-07
15/09/2026 21:06:11.194000;-7.15754329909604e-07
15/09/2026 21:06:11.204000;8.49008170090394e-07
15/09/2026 21:06:11.214000;-1.35484231067884e-06
15/09/2026 21:06:11.224000;-6.58437022217308e-07
15/09/2026 21:06:11.234000;5.48092304705761e-07
15/09/2026 21:06:11.244000;-3.20264906832709e-07
15/09/2026 21:06:11.254000;1.13272884316734e-06
15/09/2026 21:06:11.264000;5.96812016244239e-07
15/09/2026 21:06:11.274000;-2.14227887601935e-07
15/09/2026 21:06:11.284000;2.3284711239808e-07
15/09/2026 21:06:11.294000;-4.89350964525009e-07
15/09/2026 21:06:11.304000;1.95590862398061e-07
15/09/2026 21:06:11.314000;5.5382403547499e-07
15/09/2026 21:06:11.324000;-7.10022599140374e-07
15/09/2026 21:06:11.334000;3.56079323936543e-07
15/09/2026 21:06:11.344000;-2.65813464525001e-07
15/09/2026 21:06:11.354000;-6.0971731067883e-07
15/09/2026 21:06:11.364000;-6.52028876019122e-08
15/09/2026 21:06:11.374000;-2.47826154144805e-06
15/09/2026 21:06:11.384000;1.56547451624425e-06
15/09/2026 21:06:11.394000;-4.2630192606343e-07
15/09/2026 21:06:11.404000;2.38578843167309e-07
15/09/2026 21:06:11.414000;-2.7727692606346e-07
15/09/2026 21:06:11.424000;-4.62479471452498e-06
15/09/2026 21:06:11.434000;2.72328413162884e-06
15/09/2026 21:06:11.444000;2.35712977782721e-07
15/09/2026 21:06:11.454000;3.07005384316731e-06
15/09/2026 21:06:11.464000;3.07865143932118e-06
15/09/2026 21:06:11.474000;1.12699711239811e-06
15/09/2026 21:06:11.484000;3.36523797778272e-06
15/09/2026 21:06:11.494000;4.64982208551958e-07
15/09/2026 21:06:11.504000;-1.66722163760193e-06
15/09/2026 21:06:11.514000;2.09920189321162e-07
15/09/2026 21:06:11.524000;-4.14332932990959e-06
15/09/2026 21:06:11.534000;1.43364470855192e-06
15/09/2026 21:06:11.544000;-2.96259279144808e-06
15/09/2026 21:06:11.554000;-4.97948560678826e-07
15/09/2026 21:06:11.564000;-2.8995437529865e-06
15/09/2026 21:06:11.574000;-6.2698014452942e-06
15/09/2026 21:06:11.584000;2.24249516244262e-07
15/09/2026 21:06:11.594000;-3.75643750298651e-06
15/09/2026 21:06:11.604000;-3.11161779144805e-06
15/09/2026 21:06:11.614000;-5.23808990683266e-06
15/09/2026 21:06:11.624000;-3.09442259914036e-06
15/09/2026 21:06:11.634000;-3.6761932722173e-06
15/09/2026 21:06:11.644000;-5.7482139452942e-06
15/09/2026 21:06:11.654000;-5.90010481067886e-06
15/09/2026 21:06:11.664000;-3.75070577221729e-06
15/09/2026 21:06:11.674000;-8.66279904144806e-06
15/09/2026 21:06:11.684000;-3.18613029144809e-06
15/09/2026 21:06:11.694000;-2.95686106067885e-06
15/09/2026 21:06:11.704000;-3.33515529144806e-06
15/09/2026 21:06:11.714000;-9.45023560678841e-07
15/09/2026 21:06:11.724000;-7.19261009914037e-06
15/09/2026 21:06:11.734000;9.23520670090379e-07
15/09/2026 21:06:11.744000;-7.64474041448082e-07
15/09/2026 21:06:11.754000;3.21688939321165e-07
15/09/2026 21:06:11.764000;-6.2404663760193e-07
15/09/2026 21:06:11.774000;-1.1828903876019e-06
15/09/2026 21:06:11.784000;6.16873073936569e-07
15/09/2026 21:06:11.794000;8.86264420090413e-07
15/09/2026 21:06:11.804000;-2.74411060678819e-07
15/09/2026 21:06:11.814000;-5.95387983755783e-07
15/09/2026 21:06:11.824000;-1.15423173375575e-06
15/09/2026 21:06:11.834000;9.09191343167332e-07
15/09/2026 21:06:11.844000;4.82177400859647e-07
15/09/2026 21:06:11.854000;7.05714900859601e-07
15/09/2026 21:06:11.864000;-4.60692310678861e-07
15/09/2026 21:06:11.874000;-3.31728368371168e-07
15/09/2026 21:06:11.884000;1.0582163431673e-06
15/09/2026 21:06:11.894000;-3.94100991403523e-08
15/09/2026 21:06:11.904000;-1.16282932990962e-06
15/09/2026 21:06:11.914000;-4.09106733755741e-07
15/09/2026 21:06:11.924000;-2.09996731067884e-06
15/09/2026 21:06:11.934000;9.52179323936527e-07
15/09/2026 21:06:11.944000;-1.33983656832667e-07
15/09/2026 21:06:11.954000;-1.69588029144808e-06
15/09/2026 21:06:11.964000;4.65658623980915e-08
15/09/2026 21:06:11.974000;-2.47539567606346e-06
15/09/2026 21:06:11.984000;1.58266970855194e-06
15/09/2026 21:06:11.994000;-9.85145676063448e-07
15/09/2026 21:06:12.004000;-2.463932214525e-06
15/09/2026 21:06:12.014000;-1.31185432990959e-06
15/09/2026 21:06:12.024000;8.28947112398064e-07
15/09/2026 21:06:12.034000;1.40498605470577e-06
15/09/2026 21:06:12.044000;1.26742451624426e-06
15/09/2026 21:06:12.054000;6.28336535475028e-07
15/09/2026 21:06:12.064000;1.11553365085965e-06
15/09/2026 21:06:12.074000;1.23944227782718e-07
15/09/2026 21:06:12.084000;7.3723942009039e-07
15/09/2026 21:06:12.094000;-3.40325964524986e-07
15/09/2026 21:06:12.104000;-6.27266731067884e-06
15/09/2026 21:06:12.114000;-1.49161173106788e-05
15/09/2026 21:06:12.124000;-2.67234826952942e-05
15/09/2026 21:06:12.134000;-3.1412038464525e-05
15/09/2026 21:06:12.144000;-3.96284745222173e-05
15/09/2026 21:06:12.154000;-4.06831129837558e-05
15/09/2026 21:06:12.164000;-4.0055488464525e-05
15/09/2026 21:06:12.174000;-3.77226740414481e-05
15/09/2026 21:06:12.184000;-2.80532442337558e-05
15/09/2026 21:06:12.194000;-2.06650432722173e-05
15/09/2026 21:06:12.204000;-1.56612423106788e-05
15/09/2026 21:06:12.214000;-4.75949038760191e-06
15/09/2026 21:06:12.224000;-4.34967163760191e-06
15/09/2026 21:06:12.234000;-3.91911541448052e-07
15/09/2026 21:06:12.244000;-5.75326926063452e-07
15/09/2026 21:06:12.254000;-8.24657214524966e-07
15/09/2026 21:06:12.264000;1.11839951624424e-06
15/09/2026 21:06:12.274000;-1.89362500298652e-06
15/09/2026 21:06:12.284000;2.68602788162888e-06
15/09/2026 21:06:12.294000;-2.48618272217312e-07
15/09/2026 21:06:12.304000;2.86657740085964e-06
15/09/2026 21:06:12.314000;1.22157067009037e-06
15/09/2026 21:06:12.324000;2.12786054705803e-07
15/09/2026 21:06:12.334000;1.87785384316729e-06
15/09/2026 21:06:12.344000;-1.82484423375577e-06
15/09/2026 21:06:12.354000;-5.05180865683267e-06
15/09/2026 21:06:12.364000;-4.71650240683266e-06
15/09/2026 21:06:12.374000;-5.705225964525e-06
15/09/2026 21:06:12.384000;-5.16357740683267e-06
15/09/2026 21:06:12.394000;-1.03851841376019e-05
15/09/2026 21:06:12.404000;-7.20120769529425e-06
15/09/2026 21:06:12.414000;-8.29310240683267e-06
15/09/2026 21:06:12.424000;-1.43716028876019e-05
15/09/2026 21:06:12.434000;-6.97767019529424e-06
15/09/2026 21:06:12.444000;-1.04482331760635e-05
15/09/2026 21:06:12.454000;-1.08895764452942e-05
15/09/2026 21:06:12.464000;-1.94327211568327e-05
15/09/2026 21:06:12.474000;-2.28660278876019e-05
15/09/2026 21:06:12.484000;-2.17569379837558e-05
15/09/2026 21:06:12.494000;-2.70845817337557e-05
15/09/2026 21:06:12.504000;-2.61331144260635e-05
15/09/2026 21:06:12.514000;-2.58551254837558e-05
15/09/2026 21:06:12.524000;-3.03230096183712e-05
15/09/2026 21:06:12.534000;-2.53478673106789e-05
15/09/2026 21:06:12.544000;-2.80016586568327e-05
15/09/2026 21:06:12.554000;-2.87152591376019e-05
15/09/2026 21:06:12.564000;-2.75029980799096e-05
15/09/2026 21:06:12.574000;-2.73940951952942e-05
15/09/2026 21:06:12.584000;-2.67836658683712e-05
15/09/2026 21:06:12.594000;-3.3051313464525e-05
15/09/2026 21:06:12.604000;-3.12085620222173e-05
15/09/2026 21:06:12.614000;-3.46017466376019e-05
15/09/2026 21:06:12.624000;-3.83703596183712e-05
15/09/2026 21:06:12.634000;-3.18247230799096e-05
15/09/2026 21:06:12.644000;-3.58684591376019e-05
15/09/2026 21:06:12.654000;-3.66135841376019e-05
15/09/2026 21:06:12.664000;-3.78430403876019e-05
15/09/2026 21:06:12.674000;-4.52427048106788e-05
15/09/2026 21:06:12.684000;-3.92100581760635e-05
15/09/2026 21:06:12.694000;-4.46179461568327e-05
15/09/2026 21:06:12.704000;-4.36005639452942e-05
15/09/2026 21:06:12.714000;-4.5681182214525e-05
15/09/2026 21:06:12.724000;-4.75898485606788e-05
15/09/2026 21:06:12.734000;-4.83292418299096e-05
15/09/2026 21:06:12.744000;-4.90972937529865e-05
15/09/2026 21:06:12.754000;-4.58244754837558e-05
15/09/2026 21:06:12.764000;-5.30636514452942e-05
15/09/2026 21:06:12.774000;-6.58167524068327e-05
15/09/2026 21:06:12.784000;-7.05798206760635e-05
15/09/2026 21:06:12.794000;-8.47171346183712e-05
15/09/2026 21:06:12.804000;-8.91277014452942e-05
15/09/2026 21:06:12.814000;-9.87770701952942e-05
15/09/2026 21:06:12.824000;-0.000102061351926063
15/09/2026 21:06:12.834000;-9.97887206760635e-05
15/09/2026 21:06:12.844000;-9.82984706760634e-05
15/09/2026 21:06:12.854000;-9.12713687529865e-05
15/09/2026 21:06:12.864000;-8.29947495222173e-05
15/09/2026 21:06:12.874000;-7.65694793299096e-05
15/09/2026 21:06:12.884000;-6.59457163491404e-05
15/09/2026 21:06:12.894000;-6.30884485606789e-05
15/09/2026 21:06:12.904000;-5.96379466376019e-05
15/09/2026 21:06:12.914000;-5.58979923106788e-05
15/09/2026 21:06:12.924000;-5.86377596183711e-05
15/09/2026 21:06:12.934000;-4.77188125029865e-05
15/09/2026 21:06:12.944000;-6.09877692337558e-05
15/09/2026 21:06:12.954000;-6.36816826952942e-05
15/09/2026 21:06:12.964000;-7.60794163491404e-05
15/09/2026 21:06:12.974000;-7.94009543299096e-05
15/09/2026 21:06:12.984000;-7.7088200964525e-05
15/09/2026 21:06:12.994000;-0.000105999050964525
15/09/2026 21:06:13.004000;-0.00011695525432991
15/09/2026 21:06:13.014000;-0.000134961486541448
15/09/2026 21:06:13.024000;-0.000139151381733756
15/09/2026 21:06:13.034000;-0.000144195304810679
15/09/2026 21:06:13.044000;-0.000141481330291448
15/09/2026 21:06:13.054000;-0.000127246576926063
15/09/2026 21:06:13.064000;-0.000110853826926063
15/09/2026 21:06:13.074000;-9.36070490414481e-05
15/09/2026 21:06:13.084000;-7.53486206760635e-05
15/09/2026 21:06:13.094000;-7.27521466376019e-05
15/09/2026 21:06:13.104000;-5.97382519260634e-05
15/09/2026 21:06:13.114000;-6.31600951952942e-05
15/09/2026 21:06:13.124000;-6.1664113464525e-05
15/09/2026 21:06:13.134000;-6.66507192337558e-05
15/09/2026 21:06:13.144000;-7.11587254837558e-05
15/09/2026 21:06:13.154000;-7.82775350991404e-05
15/09/2026 21:06:13.164000;-8.7445438464525e-05
15/09/2026 21:06:13.174000;-9.51431528876019e-05
15/09/2026 21:06:13.184000;-9.98345745222173e-05
15/09/2026 21:06:13.194000;-0.000105185145195294
15/09/2026 21:06:13.204000;-0.000107818875483756
15/09/2026 21:06:13.214000;-0.000102995624041448
15/09/2026 21:06:13.224000;-0.000101820619233756
15/09/2026 21:06:13.234000;-9.38449158683711e-05
15/09/2026 21:06:13.244000;-9.20451524068327e-05
15/09/2026 21:06:13.254000;-8.9047457214525e-05
15/09/2026 21:06:13.264000;-9.17041144260635e-05
15/09/2026 21:06:13.274000;-9.62035230799096e-05
15/09/2026 21:06:13.284000;-9.68999283683711e-05
15/09/2026 21:06:13.294000;-0.000105030388464525
15/09/2026 21:06:13.304000;-0.000111220657695294
15/09/2026 21:06:13.314000;-0.000116161409618371
15/09/2026 21:06:13.324000;-0.000116892205291448
15/09/2026 21:06:13.334000;-0.00011635915432991
15/09/2026 21:06:13.344000;-0.000116379215387602
15/09/2026 21:06:13.354000;-0.000111275109137602
15/09/2026 21:06:13.364000;-0.000105497524522217
15/09/2026 21:06:13.374000;-0.000102969831252987
15/09/2026 21:06:13.384000;-9.21712504837558e-05
15/09/2026 21:06:13.394000;-9.0574963464525e-05
15/09/2026 21:06:13.404000;-8.50581725991404e-05
15/09/2026 21:06:13.414000;-8.14357187529865e-05
15/09/2026 21:06:13.424000;-8.00801644260635e-05
15/09/2026 21:06:13.434000;-7.84265600991404e-05
15/09/2026 21:06:13.444000;-8.2602125964525e-05
15/09/2026 21:06:13.454000;-7.12819576952942e-05
15/09/2026 21:06:13.464000;-8.82020269260635e-05
15/09/2026 21:06:13.474000;-0.000100625553368371
15/09/2026 21:06:13.484000;-0.000110997120195294
15/09/2026 21:06:13.494000;-0.000124999738464525
15/09/2026 21:06:13.504000;-0.000128768351445294
15/09/2026 21:06:13.514000;-0.000125320715387602
15/09/2026 21:06:13.524000;-0.000122280032214525
15/09/2026 21:06:13.534000;-0.000105061912983756
15/09/2026 21:06:13.544000;-9.79975548106788e-05
15/09/2026 21:06:13.554000;-8.90789817337557e-05
15/09/2026 21:06:13.564000;-8.22983442337557e-05
15/09/2026 21:06:13.574000;-8.01030913491404e-05
15/09/2026 21:06:13.584000;-7.76728375029865e-05
15/09/2026 21:06:13.594000;-8.36567644260634e-05
15/09/2026 21:06:13.604000;-7.47181302914481e-05
15/09/2026 21:06:13.614000;-7.67786875029865e-05
15/09/2026 21:06:13.624000;-7.96617480799096e-05
15/09/2026 21:06:13.634000;-8.47887812529865e-05
15/09/2026 21:06:13.644000;-8.9867094714525e-05
15/09/2026 21:06:13.654000;-9.90178028876019e-05
15/09/2026 21:06:13.664000;-0.00010018994182991
15/09/2026 21:06:13.674000;-9.79975548106788e-05
15/09/2026 21:06:13.684000;-9.40885144260635e-05
15/09/2026 21:06:13.694000;-9.21196649068327e-05
15/09/2026 21:06:13.704000;-8.78466596183712e-05
15/09/2026 21:06:13.714000;-7.90541846183712e-05
15/09/2026 21:06:13.724000;-7.28381225991404e-05
15/09/2026 21:06:13.734000;-7.15083610606788e-05
15/09/2026 21:06:13.744000;-7.6082282214525e-05
15/09/2026 21:06:13.754000;-7.86415000029865e-05
15/09/2026 21:06:13.764000;-8.28743831760634e-05
15/09/2026 21:06:13.774000;-8.87207485606789e-05
15/09/2026 21:06:13.784000;-8.77348908683712e-05
15/09/2026 21:06:13.794000;-9.9032132214525e-05
15/09/2026 21:06:13.804000;-9.68741355799096e-05
15/09/2026 21:06:13.814000;-9.49368105799096e-05
15/09/2026 21:06:13.824000;-9.60745591376019e-05
15/09/2026 21:06:13.834000;-8.66544596183711e-05
15/09/2026 21:06:13.844000;-8.35421298106788e-05
15/09/2026 21:06:13.854000;-7.49187408683711e-05
15/09/2026 21:06:13.864000;-7.51021562529865e-05
15/09/2026 21:06:13.874000;-7.11759206760635e-05
15/09/2026 21:06:13.884000;-6.8705544714525e-05
15/09/2026 21:06:13.894000;-7.59991721183712e-05
15/09/2026 21:06:13.904000;-7.9770650964525e-05
15/09/2026 21:06:13.914000;-7.82975961568327e-05
15/09/2026 21:06:13.924000;-8.35994471183711e-05
15/09/2026 21:06:13.934000;-8.20260870222173e-05
15/09/2026 21:06:13.944000;-8.66544596183711e-05
15/09/2026 21:06:13.954000;-8.79498307722173e-05
15/09/2026 21:06:13.964000;-8.7333669714525e-05
15/09/2026 21:06:13.974000;-8.73451331760635e-05
15/09/2026 21:06:13.984000;-8.22410269260635e-05
15/09/2026 21:06:13.994000;-8.44162187529865e-05
15/09/2026 21:06:14.004000;-8.24129788491404e-05
15/09/2026 21:06:14.014000;-7.66010038491404e-05
15/09/2026 21:06:14.024000;-7.28381225991404e-05
15/09/2026 21:06:14.034000;-6.87485326952942e-05
15/09/2026 21:06:14.044000;-6.98031711568327e-05
15/09/2026 21:06:14.054000;-6.6372730291448e-05
15/09/2026 21:06:14.064000;-6.4756382214525e-05
15/09/2026 21:06:14.074000;-6.55416293299096e-05
15/09/2026 21:06:14.084000;-6.15122225991404e-05
15/09/2026 21:06:14.094000;-6.80635908683712e-05
15/09/2026 21:06:14.104000;-6.62552298106788e-05
15/09/2026 21:06:14.114000;-7.23165350991404e-05
15/09/2026 21:06:14.124000;-7.21302538491404e-05
15/09/2026 21:06:14.134000;-7.08750048106788e-05
15/09/2026 21:06:14.144000;-7.61367336568327e-05
15/09/2026 21:06:14.154000;-7.38354437529865e-05
15/09/2026 21:06:14.164000;-7.4815569714525e-05
15/09/2026 21:06:14.174000;-7.41678841376019e-05
15/09/2026 21:06:14.184000;-7.39644076952942e-05
15/09/2026 21:06:14.194000;-7.9383759137602e-05
15/09/2026 21:06:14.204000;-7.75925932722173e-05
15/09/2026 21:06:14.214000;-8.11519980799096e-05
15/09/2026 21:06:14.224000;-8.57861024068327e-05
15/09/2026 21:06:14.234000;-8.1298157214525e-05
15/09/2026 21:06:14.244000;-8.45652437529865e-05
15/09/2026 21:06:14.254000;-8.30606644260635e-05
15/09/2026 21:06:14.264000;-8.28113341376019e-05
15/09/2026 21:06:14.274000;-7.92204048106788e-05
15/09/2026 21:06:14.284000;-7.40217250029865e-05
15/09/2026 21:06:14.294000;-7.42423966376019e-05
15/09/2026 21:06:14.304000;-7.48127038491404e-05
15/09/2026 21:06:14.314000;-6.76279793299096e-05
15/09/2026 21:06:14.324000;-6.58339475991404e-05
15/09/2026 21:06:14.334000;-6.1477832214525e-05
15/09/2026 21:06:14.344000;-6.5911325964525e-05
15/09/2026 21:06:14.354000;-6.50401028876019e-05
15/09/2026 21:06:14.364000;-7.09323221183711e-05
15/09/2026 21:06:14.374000;-7.6082282214525e-05
15/09/2026 21:06:14.384000;-7.44000192337558e-05
15/09/2026 21:06:14.394000;-8.67576307722173e-05
15/09/2026 21:06:14.404000;-9.15121014452942e-05
15/09/2026 21:06:14.414000;-9.54612639452943e-05
15/09/2026 21:06:14.424000;-9.76880413491404e-05
15/09/2026 21:06:14.434000;-9.20365548106788e-05
15/09/2026 21:06:14.444000;-9.36786956760635e-05
15/09/2026 21:06:14.454000;-8.73136086568327e-05
15/09/2026 21:06:14.464000;-8.35134711568327e-05
15/09/2026 21:06:14.474000;-7.34657471183711e-05
15/09/2026 21:06:14.484000;-6.34667427914481e-05
15/09/2026 21:06:14.494000;-5.87695894260634e-05
15/09/2026 21:06:14.504000;-5.12581562529865e-05
15/09/2026 21:06:14.514000;-4.77216783683711e-05
15/09/2026 21:06:14.524000;-4.46638000029865e-05
15/09/2026 21:06:14.534000;-4.17606783683711e-05
15/09/2026 21:06:14.544000;-4.30159274068327e-05
15/09/2026 21:06:14.554000;-4.3259525964525e-05
15/09/2026 21:06:14.564000;-4.81630216376019e-05
15/09/2026 21:06:14.574000;-5.28085894260634e-05
15/09/2026 21:06:14.584000;-5.33788966376019e-05
15/09/2026 21:06:14.594000;-6.0509169714525e-05
15/09/2026 21:06:14.604000;-6.15036250029865e-05
15/09/2026 21:06:14.614000;-6.2856313464525e-05
15/09/2026 21:06:14.624000;-6.19478341376019e-05
15/09/2026 21:06:14.634000;-5.98844110606788e-05
15/09/2026 21:06:14.644000;-6.23977750029865e-05
15/09/2026 21:06:14.654000;-6.09705740414481e-05
15/09/2026 21:06:14.664000;-5.71733024068327e-05
15/09/2026 21:06:14.674000;-5.8758125964525e-05
15/09/2026 21:06:14.684000;-5.75315355799096e-05
15/09/2026 21:06:14.694000;-5.91736764452942e-05
15/09/2026 21:06:14.704000;-6.00019115414481e-05
15/09/2026 21:06:14.714000;-5.54853076952942e-05
15/09/2026 21:06:14.724000;-5.42615831760635e-05
15/09/2026 21:06:14.734000;-5.01204076952942e-05
15/09/2026 21:06:14.744000;-4.94096730799096e-05
15/09/2026 21:06:14.754000;-4.80225942337558e-05
15/09/2026 21:06:14.764000;-4.23911687529865e-05
15/09/2026 21:06:14.774000;-4.30331225991404e-05
15/09/2026 21:06:14.784000;-3.76023076952942e-05
15/09/2026 21:06:14.794000;-4.19383620222173e-05
15/09/2026 21:06:14.804000;-4.10098216376019e-05
15/09/2026 21:06:14.814000;-4.44775187529865e-05
15/09/2026 21:06:14.824000;-4.77159466376019e-05
15/09/2026 21:06:14.834000;-4.5904719714525e-05
15/09/2026 21:06:14.844000;-5.49694519260635e-05
15/09/2026 21:06:14.854000;-5.79155615414481e-05
15/09/2026 21:06:14.864000;-6.55072389452942e-05
15/09/2026 21:06:14.874000;-6.87571302914481e-05
15/09/2026 21:06:14.884000;-6.60775461568327e-05
15/09/2026 21:06:14.894000;-7.35832475991404e-05
15/09/2026 21:06:14.904000;-7.44945927914481e-05
15/09/2026 21:06:14.914000;-7.08750048106788e-05
15/09/2026 21:06:14.924000;-7.26461096183712e-05
15/09/2026 21:06:14.934000;-7.66755163491404e-05
15/09/2026 21:06:14.944000;-8.41554250029865e-05
15/09/2026 21:06:14.954000;-8.87580048106788e-05
15/09/2026 21:06:14.964000;-8.82937346183711e-05
15/09/2026 21:06:14.974000;-9.02253278876019e-05
15/09/2026 21:06:14.984000;-8.63392144260635e-05
15/09/2026 21:06:14.994000;-8.88296514452942e-05
15/09/2026 21:06:15.004000;-8.62245798106788e-05
15/09/2026 21:06:15.014000;-8.17337687529866e-05
15/09/2026 21:06:15.024000;-8.04154706760634e-05
15/09/2026 21:06:15.034000;-7.48700211568327e-05
15/09/2026 21:06:15.044000;-7.94869302914481e-05
15/09/2026 21:06:15.054000;-7.90140625029866e-05
15/09/2026 21:06:15.064000;-7.7311738464525e-05
15/09/2026 21:06:15.074000;-7.86844879837558e-05
15/09/2026 21:06:15.084000;-7.77014961568327e-05
15/09/2026 21:06:15.094000;-8.17309028876019e-05
15/09/2026 21:06:15.104000;-8.46970735606788e-05
15/09/2026 21:06:15.114000;-8.59093346183711e-05
15/09/2026 21:06:15.124000;-8.58892735606789e-05
15/09/2026 21:06:15.134000;-8.63248850991404e-05
15/09/2026 21:06:15.144000;-9.00849004837558e-05
15/09/2026 21:06:15.154000;-9.27214966376019e-05
15/09/2026 21:06:15.164000;-9.44180889452942e-05
15/09/2026 21:06:15.174000;-9.95967076952942e-05
15/09/2026 21:06:15.184000;-9.98431721183712e-05
15/09/2026 21:06:15.194000;-0.000106589419233756
15/09/2026 21:06:15.204000;-0.00011185114807991
15/09/2026 21:06:15.214000;-0.000114742806252987
15/09/2026 21:06:15.224000;-0.000118004161060679
15/09/2026 21:06:15.234000;-0.00011758287884914
15/09/2026 21:06:15.244000;-0.000123225767791448
15/09/2026 21:06:15.254000;-0.000124609980772217
15/09/2026 21:06:15.264000;-0.000123675708656833
15/09/2026 21:06:15.274000;-0.00012302802307991
15/09/2026 21:06:15.284000;-0.000118242027887602
15/09/2026 21:06:15.294000;-0.000125721936541448
15/09/2026 21:06:15.304000;-0.000121853018272217
15/09/2026 21:06:15.314000;-0.000125839437022217
15/09/2026 21:06:15.324000;-0.000128289751926063
15/09/2026 21:06:15.334000;-0.000128897315387602
15/09/2026 21:06:15.344000;-0.00013964431057991
15/09/2026 21:06:15.354000;-0.000139853518752987
15/09/2026 21:06:15.364000;-0.000139406443752987
15/09/2026 21:06:15.374000;-0.000145553725002987
15/09/2026 21:06:15.384000;-0.000144433171637602
15/09/2026 21:06:15.394000;-0.000144960490868371
15/09/2026 21:06:15.404000;-0.000153566684618371
15/09/2026 21:06:15.414000;-0.000157859750964525
15/09/2026 21:06:15.424000;-0.000171466879810679
15/09/2026 21:06:15.434000;-0.000176731474522217
15/09/2026 21:06:15.444000;-0.00019209537884914
15/09/2026 21:06:15.454000;-0.000202658958656833
15/09/2026 21:06:15.464000;-0.000206052143272217
15/09/2026 21:06:15.474000;-0.000205905984137602
15/09/2026 21:06:15.484000;-0.000201718954810679
15/09/2026 21:06:15.494000;-0.000196812593272217
15/09/2026 21:06:15.504000;-0.000187802312502987
15/09/2026 21:06:15.514000;-0.000175203968272217
15/09/2026 21:06:15.524000;-0.000160679762502987
15/09/2026 21:06:15.534000;-0.000147591355291448
15/09/2026 21:06:15.544000;-0.000143659387983756
15/09/2026 21:06:15.554000;-0.000138609733176063
15/09/2026 21:06:15.564000;-0.000137188263945294
15/09/2026 21:06:15.574000;-0.000142828287022217
15/09/2026 21:06:15.584000;-0.000148863799522217
15/09/2026 21:06:15.594000;-0.000160052137983756
15/09/2026 21:06:15.604000;-0.00016981614134914
15/09/2026 21:06:15.614000;-0.000181488811060679
15/09/2026 21:06:15.624000;-0.000191215558176063
15/09/2026 21:06:15.634000;-0.00019339934759914
15/09/2026 21:06:15.644000;-0.000194978439426063
15/09/2026 21:06:15.654000;-0.000190244029810679
15/09/2026 21:06:15.664000;-0.000182666681733756
15/09/2026 21:06:15.674000;-0.000174688112502987
15/09/2026 21:06:15.684000;-0.000163055564906833
15/09/2026 21:06:15.694000;-0.000156346574041448
15/09/2026 21:06:15.704000;-0.00015226844759914
15/09/2026 21:06:15.714000;-0.000150548928368371
15/09/2026 21:06:15.724000;-0.000156229073560679
15/09/2026 21:06:15.734000;-0.00016176879134914
15/09/2026 21:06:15.744000;-0.000170481022118371
15/09/2026 21:06:15.754000;-0.00018174387307991
15/09/2026 21:06:15.764000;-0.000189622137022217
15/09/2026 21:06:15.774000;-0.000192556783176063
15/09/2026 21:06:15.784000;-0.000193565567791448
15/09/2026 21:06:15.794000;-0.000192290257695294
15/09/2026 21:06:15.804000;-0.000185349131733756
15/09/2026 21:06:15.814000;-0.000173673596156833
15/09/2026 21:06:15.824000;-0.000163032637983756
15/09/2026 21:06:15.834000;-0.000147975381252987
15/09/2026 21:06:15.844000;-0.000141865356252987
15/09/2026 21:06:15.854000;-0.00013900522259914
15/09/2026 21:06:15.864000;-0.000139288943272217
15/09/2026 21:06:15.874000;-0.000143157861541448
15/09/2026 21:06:15.884000;-0.000150881368752987
15/09/2026 21:06:15.894000;-0.000165422769714525
15/09/2026 21:06:15.904000;-0.000176295862983756
15/09/2026 21:06:15.914000;-0.000187916947118371
15/09/2026 21:06:15.924000;-0.000195190513464525
15/09/2026 21:06:15.934000;-0.000195646186060679
15/09/2026 21:06:15.944000;-0.000198781442791448
15/09/2026 21:06:15.954000;-0.000192634161541448
15/09/2026 21:06:15.964000;-0.00018844426634914
15/09/2026 21:06:15.974000;-0.000177780381252987
15/09/2026 21:06:15.984000;-0.000166193687502987
15/09/2026 21:06:15.994000;-0.000157985849041448
15/09/2026 21:06:16.004000;-0.000149313740387602
15/09/2026 21:06:16.014000;-0.000146181349522217
15/09/2026 21:06:16.024000;-0.000144433171637602
15/09/2026 21:06:16.034000;-0.000148456846637602
15/09/2026 21:06:16.044000;-0.000156051389906833
15/09/2026 21:06:16.054000;-0.000164402521637602
15/09/2026 21:06:16.064000;-0.000172934202887602
15/09/2026 21:06:16.074000;-0.000181460152406833
15/09/2026 21:06:16.084000;-0.000184902056733756
15/09/2026 21:06:16.094000;-0.000192576844233756
15/09/2026 21:06:16.104000;-0.000191135313945294
15/09/2026 21:06:16.114000;-0.00018728932259914
15/09/2026 21:06:16.124000;-0.000182938938945294
15/09/2026 21:06:16.134000;-0.000174467440868371
15/09/2026 21:06:16.144000;-0.000171704746637602
15/09/2026 21:06:16.154000;-0.000164408253368371
15/09/2026 21:06:16.164000;-0.000159510489426063
15/09/2026 21:06:16.174000;-0.000156034194714525
15/09/2026 21:06:16.184000;-0.000154569737502987
15/09/2026 21:06:16.194000;-0.000156713404810679
15/09/2026 21:06:16.204000;-0.000158739571637602
15/09/2026 21:06:16.214000;-0.000163620140387602
15/09/2026 21:06:16.224000;-0.000167007593272217
15/09/2026 21:06:16.234000;-0.000171578648560679
15/09/2026 21:06:16.244000;-0.000175327200483756
15/09/2026 21:06:16.254000;-0.000176659827887602
15/09/2026 21:06:16.264000;-0.000178210261060679
15/09/2026 21:06:16.274000;-0.000176823182214525
15/09/2026 21:06:16.284000;-0.000174817076445294
15/09/2026 21:06:16.294000;-0.000177545380291448
15/09/2026 21:06:16.304000;-0.000173255179810679
15/09/2026 21:06:16.314000;-0.000171363708656833
15/09/2026 21:06:16.324000;-0.00017085931634914
15/09/2026 21:06:16.334000;-0.00016617076057991
15/09/2026 21:06:16.344000;-0.000167818633176063
15/09/2026 21:06:16.354000;-0.000166047528368371
15/09/2026 21:06:16.364000;-0.000165356854810679
15/09/2026 21:06:16.374000;-0.000163708982214525
15/09/2026 21:06:16.384000;-0.000164459838945294
15/09/2026 21:06:16.394000;-0.000167030520195294
15/09/2026 21:06:16.404000;-0.000167973389906833
15/09/2026 21:06:16.414000;-0.000171097183176063
15/09/2026 21:06:16.424000;-0.00017395158509914
15/09/2026 21:06:16.434000;-0.000175513481733756
15/09/2026 21:06:16.444000;-0.000177783247118371
15/09/2026 21:06:16.454000;-0.000177886418272217
15/09/2026 21:06:16.464000;-0.000178359286060679
15/09/2026 21:06:16.474000;-0.000175444700964525
15/09/2026 21:06:16.484000;-0.000172882617310679
15/09/2026 21:06:16.494000;-0.000170223094233756
15/09/2026 21:06:16.504000;-0.000166477408176063
15/09/2026 21:06:16.514000;-0.000162270317791448
15/09/2026 21:06:16.524000;-0.000159226768752987
15/09/2026 21:06:16.534000;-0.000156833771156833
15/09/2026 21:06:16.544000;-0.000158573351445294
15/09/2026 21:06:16.554000;-0.00016043329807991
15/09/2026 21:06:16.564000;-0.000163468249522217
15/09/2026 21:06:16.574000;-0.000166801250964525
15/09/2026 21:06:16.584000;-0.000169532420676063
15/09/2026 21:06:16.594000;-0.00017567110432991
15/09/2026 21:06:16.604000;-0.00018017337884914
15/09/2026 21:06:16.614000;-0.000180531612022217
15/09/2026 21:06:16.624000;-0.000180480026445294
15/09/2026 21:06:16.634000;-0.000179777889426063
15/09/2026 21:06:16.644000;-0.000179663254810679
15/09/2026 21:06:16.654000;-0.000175281346637602
15/09/2026 21:06:16.664000;-0.000168724246637602
15/09/2026 21:06:16.674000;-0.000165620514426063
15/09/2026 21:06:16.684000;-0.000160573725483756
15/09/2026 21:06:16.694000;-0.000160198297118371
15/09/2026 21:06:16.704000;-0.000160269943752987
15/09/2026 21:06:16.714000;-0.000162536843272217
15/09/2026 21:06:16.724000;-0.00016504734134914
15/09/2026 21:06:16.734000;-0.000166027467310679
15/09/2026 21:06:16.744000;-0.000173002983656833
15/09/2026 21:06:16.754000;-0.000175722689906833
15/09/2026 21:06:16.764000;-0.000178227456252987
15/09/2026 21:06:16.774000;-0.000178594287022217
15/09/2026 21:06:16.784000;-0.000176662693752987
15/09/2026 21:06:16.794000;-0.000178548433176063
15/09/2026 21:06:16.804000;-0.000174937442791448
15/09/2026 21:06:16.814000;-0.000170340594714525
15/09/2026 21:06:16.824000;-0.000167342899522217
15/09/2026 21:06:16.834000;-0.000163508371637602
15/09/2026 21:06:16.844000;-0.000161794584137602
15/09/2026 21:06:16.854000;-0.000160261346156833
15/09/2026 21:06:16.864000;-0.000161083849522217
15/09/2026 21:06:16.874000;-0.000162213000483756
15/09/2026 21:06:16.884000;-0.000163731909137602
15/09/2026 21:06:16.894000;-0.000168357415868371
15/09/2026 21:06:16.904000;-0.00017100834134914
15/09/2026 21:06:16.914000;-0.000172819568272217
15/09/2026 21:06:16.924000;-0.000173811157695294
15/09/2026 21:06:16.934000;-0.000173722315868371
15/09/2026 21:06:16.944000;-0.000173676462022217
15/09/2026 21:06:16.954000;-0.00017275938509914
15/09/2026 21:06:16.964000;-0.000171739137022217
15/09/2026 21:06:16.974000;-0.000169326078368371
15/09/2026 21:06:16.984000;-0.00016713369134914
15/09/2026 21:06:16.994000;-0.000169025162502987
15/09/2026 21:06:17.004000;-0.000168004914426063
15/09/2026 21:06:17.014000;-0.000168366013464525
15/09/2026 21:06:17.024000;-0.00016844339182991
15/09/2026 21:06:17.034000;-0.00016851790432991
15/09/2026 21:06:17.044000;-0.000171773527406833
15/09/2026 21:06:17.054000;-0.000170546937022217
15/09/2026 21:06:17.064000;-0.000172123162983756
15/09/2026 21:06:17.074000;-0.000172750787502987
15/09/2026 21:06:17.084000;-0.000172300846637602
15/09/2026 21:06:17.094000;-0.000174295488945294
15/09/2026 21:06:17.104000;-0.000171197488464525
15/09/2026 21:06:17.114000;-0.000170767608656833
15/09/2026 21:06:17.124000;-0.000169990959137602
15/09/2026 21:06:17.134000;-0.000168893332695294
15/09/2026 21:06:17.144000;-0.000171128707695294
15/09/2026 21:06:17.154000;-0.000170182972118371
15/09/2026 21:06:17.164000;-0.000170033947118371
15/09/2026 21:06:17.174000;-0.000170770474522217
15/09/2026 21:06:17.184000;-0.000169128333656833
15/09/2026 21:06:17.194000;-0.000169515225483756
15/09/2026 21:06:17.204000;-0.000169770287502987
15/09/2026 21:06:17.214000;-0.000168423330772217
15/09/2026 21:06:17.224000;-0.000168248512983756
15/09/2026 21:06:17.234000;-0.000166944544233756
15/09/2026 21:06:17.244000;-0.000169721567791448
15/09/2026 21:06:17.254000;-0.000168655465868371
15/09/2026 21:06:17.264000;-0.000167938999522217
15/09/2026 21:06:17.274000;-0.00016955534759914
15/09/2026 21:06:17.284000;-0.000168343086541448
15/09/2026 21:06:17.294000;-0.000170670169233756
15/09/2026 21:06:17.304000;-0.000170475290387602
15/09/2026 21:06:17.314000;-0.000171558587502987
15/09/2026 21:06:17.324000;-0.000171979869714525
15/09/2026 21:06:17.334000;-0.00016944357884914
15/09/2026 21:06:17.344000;-0.000171266269233756
15/09/2026 21:06:17.354000;-0.00017011992307991
15/09/2026 21:06:17.364000;-0.000168755771156833
15/09/2026 21:06:17.374000;-0.000169701506733756
15/09/2026 21:06:17.384000;-0.000167297045676063
15/09/2026 21:06:17.394000;-0.000168036438945294
15/09/2026 21:06:17.404000;-0.000169798946156833
15/09/2026 21:06:17.414000;-0.000169463639906833
15/09/2026 21:06:17.424000;-0.00016900223557991
15/09/2026 21:06:17.434000;-0.00017030620432991
15/09/2026 21:06:17.444000;-0.000172157553368371
15/09/2026 21:06:17.454000;-0.000172879751445294
15/09/2026 21:06:17.464000;-0.000172412615387602
15/09/2026 21:06:17.474000;-0.000171934015868371
15/09/2026 21:06:17.484000;-0.000170094130291448
15/09/2026 21:06:17.494000;-0.000171357976926063
15/09/2026 21:06:17.504000;-0.00016933181009914
15/09/2026 21:06:17.514000;-0.00016855516057991
15/09/2026 21:06:17.524000;-0.000166806982695294
15/09/2026 21:06:17.534000;-0.000166230943752987
15/09/2026 21:06:17.544000;-0.000167136557214525
15/09/2026 21:06:17.554000;-0.000166084784618371
15/09/2026 21:06:17.564000;-0.000167881682214525
15/09/2026 21:06:17.574000;-0.00016985339759914
15/09/2026 21:06:17.584000;-0.000169185650964525
15/09/2026 21:06:17.594000;-0.000172527250002987
15/09/2026 21:06:17.604000;-0.000172724994714525
15/09/2026 21:06:17.614000;-0.000172487127887602
15/09/2026 21:06:17.624000;-0.00017320646009914
15/09/2026 21:06:17.634000;-0.000169804677887602
15/09/2026 21:06:17.644000;-0.000172028589426063
15/09/2026 21:06:17.654000;-0.000167686803368371
15/09/2026 21:06:17.664000;-0.000168727112502987
15/09/2026 21:06:17.674000;-0.000166695213945294
15/09/2026 21:06:17.684000;-0.000164984292310679
15/09/2026 21:06:17.694000;-0.00016788454807991
15/09/2026 21:06:17.704000;-0.000167726925483756
15/09/2026 21:06:17.714000;-0.000168526501926063
15/09/2026 21:06:17.724000;-0.000169721567791448
15/09/2026 21:06:17.734000;-0.000169288822118371
15/09/2026 21:06:17.744000;-0.000172103101926063
15/09/2026 21:06:17.754000;-0.000172292249041448
15/09/2026 21:06:17.764000;-0.000171793588464525
15/09/2026 21:06:17.774000;-0.000171234744714525
15/09/2026 21:06:17.784000;-0.000168758637022217
15/09/2026 21:06:17.794000;-0.000170297606733756
15/09/2026 21:06:17.804000;-0.000169437847118371
15/09/2026 21:06:17.814000;-0.000167893145676063
15/09/2026 21:06:17.824000;-0.000167297045676063
15/09/2026 21:06:17.834000;-0.000165901369233756
15/09/2026 21:06:17.844000;-0.000166870031733756
15/09/2026 21:06:17.854000;-0.000167471863464525
15/09/2026 21:06:17.864000;-0.000167592229810679
15/09/2026 21:06:17.874000;-0.000169618396637602
15/09/2026 21:06:17.884000;-0.00016788454807991
15/09/2026 21:06:17.894000;-0.000171206086060679
15/09/2026 21:06:17.904000;-0.000170681632695294
15/09/2026 21:06:17.914000;-0.000172449871637602
15/09/2026 21:06:17.924000;-0.000171922552406833
15/09/2026 21:06:17.934000;-0.00016911400432991
15/09/2026 21:06:17.944000;-0.000171148768752987
15/09/2026 21:06:17.954000;-0.000169712970195294
15/09/2026 21:06:17.964000;-0.000169707238464525
15/09/2026 21:06:17.974000;-0.000169612664906833
15/09/2026 21:06:17.984000;-0.000167755584137602
15/09/2026 21:06:17.994000;-0.000171251939906833
15/09/2026 21:06:18.004000;-0.000171352245195294
15/09/2026 21:06:18.014000;-0.000170251752887602
15/09/2026 21:06:18.024000;-0.000171022670676063
15/09/2026 21:06:18.034000;-0.000169323212502987
15/09/2026 21:06:18.044000;-0.000172859690387602
15/09/2026 21:06:18.054000;-0.000171618770676063
15/09/2026 21:06:18.064000;-0.000171019804810679
15/09/2026 21:06:18.074000;-0.000170730352406833
15/09/2026 21:06:18.084000;-0.000167970524041448
15/09/2026 21:06:18.094000;-0.00017071602307991
15/09/2026 21:06:18.104000;-0.000168755771156833
15/09/2026 21:06:18.114000;-0.000169727299522217
15/09/2026 21:06:18.124000;-0.000168007780291448
15/09/2026 21:06:18.134000;-0.000166663689426063
15/09/2026 21:06:18.144000;-0.000170211630772217
15/09/2026 21:06:18.154000;-0.000170134252406833
15/09/2026 21:06:18.164000;-0.000170544071156833
15/09/2026 21:06:18.174000;-0.000168919125483756
15/09/2026 21:06:18.184000;-0.00017011419134914
15/09/2026 21:06:18.194000;-0.000170736084137602
15/09/2026 21:06:18.204000;-0.00017056699807991
15/09/2026 21:06:18.214000;-0.000168142475964525
15/09/2026 21:06:18.224000;-0.000169202846156833
15/09/2026 21:06:18.234000;-0.00016776704759914
15/09/2026 21:06:18.244000;-0.00017041224134914
15/09/2026 21:06:18.254000;-0.000169882056252987
15/09/2026 21:06:18.264000;-0.000167778511060679
15/09/2026 21:06:18.274000;-0.000170289009137602
15/09/2026 21:06:18.284000;-0.000168956381733756
15/09/2026 21:06:18.294000;-0.000171999930772217
15/09/2026 21:06:18.304000;-0.000170733218272217
15/09/2026 21:06:18.314000;-0.000171346513464525
15/09/2026 21:06:18.324000;-0.000169999556733756
15/09/2026 21:06:18.334000;-0.000169351871156833
15/09/2026 21:06:18.344000;-0.000170203033176063
15/09/2026 21:06:18.354000;-0.000169116870195294
15/09/2026 21:06:18.364000;-0.000170426570676063
15/09/2026 21:06:18.374000;-0.000169601201445294
15/09/2026 21:06:18.384000;-0.000168274305772217
15/09/2026 21:06:18.394000;-0.000170988280291448
15/09/2026 21:06:18.404000;-0.000170280411541448
15/09/2026 21:06:18.414000;-0.000170592790868371
15/09/2026 21:06:18.424000;-0.00017116309807991
15/09/2026 21:06:18.434000;-0.000169626994233756
15/09/2026 21:06:18.444000;-0.000172011394233756
15/09/2026 21:06:18.454000;-0.000169572542791448
15/09/2026 21:06:18.464000;-0.00016977888509914
15/09/2026 21:06:18.474000;-0.000170309070195294
15/09/2026 21:06:18.484000;-0.000168999369714525
15/09/2026 21:06:18.494000;-0.000170644376445294
15/09/2026 21:06:18.504000;-0.000169426383656833
15/09/2026 21:06:18.514000;-0.000169271626926063
15/09/2026 21:06:18.524000;-0.000167486192791448
15/09/2026 21:06:18.534000;-0.00016762375432991
15/09/2026 21:06:18.544000;-0.000169400590868371
15/09/2026 21:06:18.554000;-0.000169581140387602
15/09/2026 21:06:18.564000;-0.000169159858176063
15/09/2026 21:06:18.574000;-0.000169819007214525
15/09/2026 21:06:18.584000;-0.000167918938464525
15/09/2026 21:06:18.594000;-0.000170787669714525
15/09/2026 21:06:18.604000;-0.000169589737983756
15/09/2026 21:06:18.614000;-0.000170054008176063
15/09/2026 21:06:18.624000;-0.000169016564906833
15/09/2026 21:06:18.634000;-0.000168910527887602
15/09/2026 21:06:18.644000;-0.000169136931252987
15/09/2026 21:06:18.654000;-0.00016974736057991
15/09/2026 21:06:18.664000;-0.000168976442791448
15/09/2026 21:06:18.674000;-0.000167913206733756
15/09/2026 21:06:18.684000;-0.00016642582259914
15/09/2026 21:06:18.694000;-0.000170059739906833
15/09/2026 21:06:18.704000;-0.000168589550964525
15/09/2026 21:06:18.714000;-0.000169271626926063
15/09/2026 21:06:18.724000;-0.00016956107932991
15/09/2026 21:06:18.734000;-0.00016889046682991
15/09/2026 21:06:18.744000;-0.000171286330291448
15/09/2026 21:06:18.754000;-0.000168707051445294
15/09/2026 21:06:18.764000;-0.000170876511541448
15/09/2026 21:06:18.774000;-0.000169669982214525
15/09/2026 21:06:18.784000;-0.000168970711060679
15/09/2026 21:06:18.794000;-0.000169841934137602
15/09/2026 21:06:18.804000;-0.000169500896156833
15/09/2026 21:06:18.814000;-0.000169142662983756
15/09/2026 21:06:18.824000;-0.000168953515868371
15/09/2026 21:06:18.834000;-0.000168397537983756
15/09/2026 21:06:18.844000;-0.000169334675964525
15/09/2026 21:06:18.854000;-0.000169105406733756
15/09/2026 21:06:18.864000;-0.00017018870384914
15/09/2026 21:06:18.874000;-0.000168494977406833
15/09/2026 21:06:18.884000;-0.000170162911060679
15/09/2026 21:06:18.894000;-0.000170220228368371
15/09/2026 21:06:18.904000;-0.000169621262502987
15/09/2026 21:06:18.914000;-0.000170478156252987
15/09/2026 21:06:18.924000;-0.000171206086060679
15/09/2026 21:06:18.934000;-0.000169125467791448
15/09/2026 21:06:18.944000;-0.000170074069233756
15/09/2026 21:06:18.954000;-0.000169154126445294
15/09/2026 21:06:18.964000;-0.000170564132214525
15/09/2026 21:06:18.974000;-0.000169939373560679
15/09/2026 21:06:18.984000;-0.000170042544714525
15/09/2026 21:06:18.994000;-0.000171091451445294
15/09/2026 21:06:19.004000;-0.000168824551926063
15/09/2026 21:06:19.014000;-0.000170796267310679
15/09/2026 21:06:19.024000;-0.000170592790868371
15/09/2026 21:06:19.034000;-0.00016773552307991
15/09/2026 21:06:19.044000;-0.000170724620676063
15/09/2026 21:06:19.054000;-0.000168947784137602
15/09/2026 21:06:19.064000;-0.000170469558656833
15/09/2026 21:06:19.074000;-0.000169320346637602
15/09/2026 21:06:19.084000;-0.000168073695195294
15/09/2026 21:06:19.094000;-0.000170489619714525
15/09/2026 21:06:19.104000;-0.000170521144233756
15/09/2026 21:06:19.114000;-0.000170366387502987
15/09/2026 21:06:19.124000;-0.000169950837022217
15/09/2026 21:06:19.134000;-0.000168411867310679
15/09/2026 21:06:19.144000;-0.000171724807695294
15/09/2026 21:06:19.154000;-0.000169973763945294
15/09/2026 21:06:19.164000;-0.000169363334618371
15/09/2026 21:06:19.174000;-0.000169248700002987
15/09/2026 21:06:19.184000;-0.000168291500964525
15/09/2026 21:06:19.194000;-0.000169589737983756
15/09/2026 21:06:19.204000;-0.000169993825002987
15/09/2026 21:06:19.214000;-0.000168540831252987
15/09/2026 21:06:19.224000;-0.000169360468752987
15/09/2026 21:06:19.234000;-0.000168790161541448
15/09/2026 21:06:19.244000;-0.000171148768752987
15/09/2026 21:06:19.254000;-0.000169962300483756
15/09/2026 21:06:19.264000;-0.000170601388464525
15/09/2026 21:06:19.274000;-0.000169990959137602
15/09/2026 21:06:19.284000;-0.000169801812022217
15/09/2026 21:06:19.294000;-0.000170099862022217
15/09/2026 21:06:19.304000;-0.000170446631733756
15/09/2026 21:06:19.314000;-0.000169979495676063
15/09/2026 21:06:19.324000;-0.000169142662983756
15/09/2026 21:06:19.334000;-0.000167987719233756
15/09/2026 21:06:19.344000;-0.000169979495676063
15/09/2026 21:06:19.354000;-0.00016915126057991
15/09/2026 21:06:19.364000;-0.000169429249522217
15/09/2026 21:06:19.374000;-0.000169526688945294
15/09/2026 21:06:19.384000;-0.000168019243752987
15/09/2026 21:06:19.394000;-0.000170248887022217
15/09/2026 21:06:19.404000;-0.000169664250483756
15/09/2026 21:06:19.414000;-0.00016933181009914
15/09/2026 21:06:19.424000;-0.000168830283656833
15/09/2026 21:06:19.434000;-0.000169861995195294
15/09/2026 21:06:19.444000;-0.000170698827887602
15/09/2026 21:06:19.454000;-0.000168910527887602
15/09/2026 21:06:19.464000;-0.00016974162884914
15/09/2026 21:06:19.474000;-0.000168910527887602
15/09/2026 21:06:19.484000;-0.000167812901445294
15/09/2026 21:06:19.494000;-0.000169572542791448
15/09/2026 21:06:19.504000;-0.000169841934137602
15/09/2026 21:06:19.514000;-0.000168729978368371
15/09/2026 21:06:19.524000;-0.00016956107932991
15/09/2026 21:06:19.534000;-0.000167744120676063
15/09/2026 21:06:19.544000;-0.000170463826926063
15/09/2026 21:06:19.554000;-0.000169621262502987
15/09/2026 21:06:19.564000;-0.000168893332695294
15/09/2026 21:06:19.574000;-0.000169317480772217
15/09/2026 21:06:19.584000;-0.000168403269714525
15/09/2026 21:06:19.594000;-0.000169498030291448
15/09/2026 21:06:19.604000;-0.000169541018272217
15/09/2026 21:06:19.614000;-0.000169234370676063
15/09/2026 21:06:19.624000;-0.000169581140387602
15/09/2026 21:06:19.634000;-0.000169139797118371
15/09/2026 21:06:19.644000;-0.000169687177406833
15/09/2026 21:06:19.654000;-0.000168861808176063
15/09/2026 21:06:19.664000;-0.000170266082214525
15/09/2026 21:06:19.674000;-0.000168621075483756
15/09/2026 21:06:19.684000;-0.000169930775964525
15/09/2026 21:06:19.694000;-0.000171524197118371
15/09/2026 21:06:19.704000;-0.000171011207214525
15/09/2026 21:06:19.714000;-0.000169712970195294
15/09/2026 21:06:19.724000;-0.000170862182214525
15/09/2026 21:06:19.734000;-0.000168340220676063
15/09/2026 21:06:19.744000;-0.000170736084137602
15/09/2026 21:06:19.754000;-0.00017060425432991
15/09/2026 21:06:19.764000;-0.000170013886060679
15/09/2026 21:06:19.774000;-0.000170655839906833
15/09/2026 21:06:19.784000;-0.000167466131733756
15/09/2026 21:06:19.794000;-0.000171538526445294
15/09/2026 21:06:19.804000;-0.000170426570676063
15/09/2026 21:06:19.814000;-0.000170985414426063
15/09/2026 21:06:19.824000;-0.000170460961060679
15/09/2026 21:06:19.834000;-0.000169569676926063
15/09/2026 21:06:19.844000;-0.000170555534618371
15/09/2026 21:06:19.854000;-0.000170074069233756
15/09/2026 21:06:19.864000;-0.000169804677887602
15/09/2026 21:06:19.874000;-0.000170085532695294
15/09/2026 21:06:19.884000;-0.000169197114426063
15/09/2026 21:06:19.894000;-0.000170435168272217
15/09/2026 21:06:19.904000;-0.000170423704810679
15/09/2026 21:06:19.914000;-0.00016925729759914
15/09/2026 21:06:19.924000;-0.000169942239426063
15/09/2026 21:06:19.934000;-0.00016758076634914
15/09/2026 21:06:19.944000;-0.000171208951926063
15/09/2026 21:06:19.954000;-0.00017033772884914
15/09/2026 21:06:19.964000;-0.000168933454810679
15/09/2026 21:06:19.974000;-0.000169753092310679
15/09/2026 21:06:19.984000;-0.000170842121156833
15/09/2026 21:06:19.994000;-0.00017052974182991
15/09/2026 21:06:20.004000;-0.000169968032214525
15/09/2026 21:06:20.014000;-0.000169985227406833
15/09/2026 21:06:20.024000;-0.000169472237502987
15/09/2026 21:06:20.034000;-0.000166577713464525
15/09/2026 21:06:20.044000;-0.000171558587502987
15/09/2026 21:06:20.054000;-0.00017064151057991
15/09/2026 21:06:20.064000;-0.000169050955291448
15/09/2026 21:06:20.074000;-0.000169414920195294
15/09/2026 21:06:20.084000;-0.000169397725002987
15/09/2026 21:06:20.094000;-0.000171057061060679
15/09/2026 21:06:20.104000;-0.000172203407214525
15/09/2026 21:06:20.114000;-0.000171584380291448
15/09/2026 21:06:20.124000;-0.00016911400432991
15/09/2026 21:06:20.134000;-0.000168758637022217
15/09/2026 21:06:20.144000;-0.000170309070195294
15/09/2026 21:06:20.154000;-0.00017026321634914
15/09/2026 21:06:20.164000;-0.000170280411541448
15/09/2026 21:06:20.174000;-0.000169394859137602
15/09/2026 21:06:20.184000;-0.000167795706252987
15/09/2026 21:06:20.194000;-0.000170475290387602
15/09/2026 21:06:20.204000;-0.000169386261541448
15/09/2026 21:06:20.214000;-0.000169721567791448
15/09/2026 21:06:20.224000;-0.000171392367310679
15/09/2026 21:06:20.234000;-0.000168787295676063
15/09/2026 21:06:20.244000;-0.000169907849041448
15/09/2026 21:06:20.254000;-0.000172917007695294
15/09/2026 21:06:20.264000;-0.000169988093272217
15/09/2026 21:06:20.274000;-0.00016981614134914
15/09/2026 21:06:20.284000;-0.000168174000483756
15/09/2026 21:06:20.294000;-0.000170592790868371
15/09/2026 21:06:20.304000;-0.000169543884137602
15/09/2026 21:06:20.314000;-0.000168841747118371
15/09/2026 21:06:20.324000;-0.000169028028368371
15/09/2026 21:06:20.334000;-0.000169059552887602
15/09/2026 21:06:20.344000;-0.000169942239426063
15/09/2026 21:06:20.354000;-0.000168999369714525
15/09/2026 21:06:20.364000;-0.000169472237502987
15/09/2026 21:06:20.374000;-0.00016997089807991
15/09/2026 21:06:20.384000;-0.000168434794233756
15/09/2026 21:06:20.394000;-0.000170205899041448
15/09/2026 21:06:20.404000;-0.000167706864426063
15/09/2026 21:06:20.414000;-0.000168308696156833
15/09/2026 21:06:20.424000;-0.000169755958176063
15/09/2026 21:06:20.434000;-0.000166941678368371
15/09/2026 21:06:20.444000;-0.000169062418752987
15/09/2026 21:06:20.454000;-0.00016962986009914
15/09/2026 21:06:20.464000;-0.000169750226445294
15/09/2026 21:06:20.474000;-0.000170128520676063
15/09/2026 21:06:20.484000;-0.000167964792310679
15/09/2026 21:06:20.494000;-0.000170503949041448
15/09/2026 21:06:20.504000;-0.000169306017310679
15/09/2026 21:06:20.514000;-0.000170091264426063
15/09/2026 21:06:20.524000;-0.000170051142310679
15/09/2026 21:06:20.534000;-0.000168262842310679
15/09/2026 21:06:20.544000;-0.00017100834134914
15/09/2026 21:06:20.554000;-0.000168990772118371
15/09/2026 21:06:20.564000;-0.000169690043272217
15/09/2026 21:06:20.574000;-0.00016936906634914
15/09/2026 21:06:20.584000;-0.000169500896156833
15/09/2026 21:06:20.594000;-0.000170165776926063
15/09/2026 21:06:20.604000;-0.000169317480772217
15/09/2026 21:06:20.614000;-0.000169432115387602
15/09/2026 21:06:20.624000;-0.000169383395676063
15/09/2026 21:06:20.634000;-0.000169354737022217
15/09/2026 21:06:20.644000;-0.00017011419134914
15/09/2026 21:06:20.654000;-0.000169391993272217
15/09/2026 21:06:20.664000;-0.000170042544714525
15/09/2026 21:06:20.674000;-0.000170369253368371
15/09/2026 21:06:20.684000;-0.00016900223557991
15/09/2026 21:06:20.694000;-0.000170621449522217
15/09/2026 21:06:20.704000;-0.000169053821156833
15/09/2026 21:06:20.714000;-0.000170793401445294
15/09/2026 21:06:20.724000;-0.000170208764906833
15/09/2026 21:06:20.734000;-0.00016814534182991
15/09/2026 21:06:20.744000;-0.000170366387502987
15/09/2026 21:06:20.754000;-0.00016874144182991
15/09/2026 21:06:20.764000;-0.000168793027406833
15/09/2026 21:06:20.774000;-0.000170079800964525
15/09/2026 21:06:20.784000;-0.000168692722118371
15/09/2026 21:06:20.794000;-0.00017104559759914
15/09/2026 21:06:20.804000;-0.000170630047118371
15/09/2026 21:06:20.814000;-0.000168245647118371
15/09/2026 21:06:20.824000;-0.00016926302932991
15/09/2026 21:06:20.834000;-0.000167913206733756
15/09/2026 21:06:20.844000;-0.00017101407307991
15/09/2026 21:06:20.854000;-0.000169632725964525
15/09/2026 21:06:20.864000;-0.000169380529810679
15/09/2026 21:06:20.874000;-0.000170655839906833
15/09/2026 21:06:20.884000;-0.000169079613945294
15/09/2026 21:06:20.894000;-0.000170890840868371
15/09/2026 21:06:20.904000;-0.000169558213464525
15/09/2026 21:06:20.914000;-0.000169999556733756
15/09/2026 21:06:20.924000;-0.000169578274522217
15/09/2026 21:06:20.934000;-0.000168598148560679
15/09/2026 21:06:20.944000;-0.000169942239426063
15/09/2026 21:06:20.954000;-0.000168976442791448
15/09/2026 21:06:20.964000;-0.000170016751926063
15/09/2026 21:06:20.974000;-0.000169122601926063
15/09/2026 21:06:20.984000;-0.000168893332695294
15/09/2026 21:06:20.994000;-0.000169509493752987
15/09/2026 21:06:21.004000;-0.000169615530772217
15/09/2026 21:06:21.014000;-0.000168477782214525
15/09/2026 21:06:21.024000;-0.000169535286541448
15/09/2026 21:06:21.034000;-0.000167483326926063
15/09/2026 21:06:21.044000;-0.000170340594714525
15/09/2026 21:06:21.054000;-0.000167471863464525
15/09/2026 21:06:21.064000;-0.000168669795195294
15/09/2026 21:06:21.074000;-0.00016787881634914
15/09/2026 21:06:21.084000;-0.000167076374041448
15/09/2026 21:06:21.094000;-0.00017000815432991
15/09/2026 21:06:21.104000;-0.000169690043272217
15/09/2026 21:06:21.114000;-0.000168391806252987
15/09/2026 21:06:21.124000;-0.000168546562983756
15/09/2026 21:06:21.134000;-0.000167721193752987
15/09/2026 21:06:21.144000;-0.000169827604810679
15/09/2026 21:06:21.154000;-0.00016962986009914
15/09/2026 21:06:21.164000;-0.000169010833176063
15/09/2026 21:06:21.174000;-0.000168715649041448
15/09/2026 21:06:21.184000;-0.000166829909618371
15/09/2026 21:06:21.194000;-0.00016836887932991
15/09/2026 21:06:21.204000;-0.000166941678368371
15/09/2026 21:06:21.214000;-0.000168856076445294
15/09/2026 21:06:21.224000;-0.000168529367791448
15/09/2026 21:06:21.234000;-0.00016691015384914
15/09/2026 21:06:21.244000;-0.000169996690868371
15/09/2026 21:06:21.254000;-0.00016754351009914
15/09/2026 21:06:21.264000;-0.000168701319714525
15/09/2026 21:06:21.274000;-0.000167299911541448
15/09/2026 21:06:21.284000;-0.000166818446156833
15/09/2026 21:06:21.294000;-0.000168317293752987
15/09/2026 21:06:21.304000;-0.000167741254810679
15/09/2026 21:06:21.314000;-0.000166569115868371
15/09/2026 21:06:21.324000;-0.000167913206733756
15/09/2026 21:06:21.334000;-0.000166540457214525
15/09/2026 21:06:21.344000;-0.000168993637983756
15/09/2026 21:06:21.354000;-0.000167494790387602
15/09/2026 21:06:21.364000;-0.000166806982695294
15/09/2026 21:06:21.374000;-0.000165356854810679
15/09/2026 21:06:21.384000;-0.000165752344233756
15/09/2026 21:06:21.394000;-0.000167887413945294
15/09/2026 21:06:21.404000;-0.000166792653368371
15/09/2026 21:06:21.414000;-0.00016680411682991
15/09/2026 21:06:21.424000;-0.000165683563464525
15/09/2026 21:06:21.434000;-0.00016609624807991
15/09/2026 21:06:21.444000;-0.000167686803368371
15/09/2026 21:06:21.454000;-0.00016713369134914
15/09/2026 21:06:21.464000;-0.000167380155772217
15/09/2026 21:06:21.474000;-0.000167397350964525
15/09/2026 21:06:21.484000;-0.000164239167310679
15/09/2026 21:06:21.494000;-0.00016889046682991
15/09/2026 21:06:21.504000;-0.000167105032695294
15/09/2026 21:06:21.514000;-0.000167331436060679
15/09/2026 21:06:21.524000;-0.000168804490868371
15/09/2026 21:06:21.534000;-0.00016691588557991
15/09/2026 21:06:21.544000;-0.000169626994233756
15/09/2026 21:06:21.554000;-0.000167646681252987
15/09/2026 21:06:21.564000;-0.000169042357695294
15/09/2026 21:06:21.574000;-0.000168601014426063
15/09/2026 21:06:21.584000;-0.000167491924522217
15/09/2026 21:06:21.594000;-0.000169174187502987
15/09/2026 21:06:21.604000;-0.000167838694233756
15/09/2026 21:06:21.614000;-0.000168669795195294
15/09/2026 21:06:21.624000;-0.000168354550002987
15/09/2026 21:06:21.634000;-0.000167331436060679
15/09/2026 21:06:21.644000;-0.000167331436060679
15/09/2026 21:06:21.654000;-0.000168343086541448
15/09/2026 21:06:21.664000;-0.000167569302887602
15/09/2026 21:06:21.674000;-0.000168148207695294
15/09/2026 21:06:21.684000;-0.000166709543272217
15/09/2026 21:06:21.694000;-0.000167904609137602
15/09/2026 21:06:21.704000;-0.000168222720195294
15/09/2026 21:06:21.714000;-0.000167635217791448
15/09/2026 21:06:21.724000;-0.000166471676445294
15/09/2026 21:06:21.734000;-0.000167067776445294
15/09/2026 21:06:21.744000;-0.000168761502887602
15/09/2026 21:06:21.754000;-0.000168291500964525
15/09/2026 21:06:21.764000;-0.00016788454807991
15/09/2026 21:06:21.774000;-0.000168426196637602
15/09/2026 21:06:21.784000;-0.000166964605291448
15/09/2026 21:06:21.794000;-0.000168973576926063
15/09/2026 21:06:21.804000;-0.000168566624041448
15/09/2026 21:06:21.814000;-0.000167672474041448
15/09/2026 21:06:21.824000;-0.00016792180432991
15/09/2026 21:06:21.834000;-0.000167351497118371
15/09/2026 21:06:21.844000;-0.000169131199522217
15/09/2026 21:06:21.854000;-0.000168850344714525
15/09/2026 21:06:21.864000;-0.000168079426926063
15/09/2026 21:06:21.874000;-0.000168337354810679
15/09/2026 21:06:21.884000;-0.00016702765432991
15/09/2026 21:06:21.894000;-0.000170314801926063
15/09/2026 21:06:21.904000;-0.000168391806252987
15/09/2026 21:06:21.914000;-0.000169417786060679
15/09/2026 21:06:21.924000;-0.000168870405772217
15/09/2026 21:06:21.934000;-0.00016821985432991
15/09/2026 21:06:21.944000;-0.00017049248557991
15/09/2026 21:06:21.954000;-0.000169566811060679
15/09/2026 21:06:21.964000;-0.000169589737983756
15/09/2026 21:06:21.974000;-0.000170145715868371
15/09/2026 21:06:21.984000;-0.000168116683176063
15/09/2026 21:06:21.994000;-0.000170432302406833
15/09/2026 21:06:22.004000;-0.000169913580772217
15/09/2026 21:06:22.014000;-0.000169649921156833
15/09/2026 21:06:22.024000;-0.000169240102406833
15/09/2026 21:06:22.034000;-0.000168271439906833
15/09/2026 21:06:22.044000;-0.000169796080291448
15/09/2026 21:06:22.054000;-0.00016791607259914
15/09/2026 21:06:22.064000;-0.000169248700002987
15/09/2026 21:06:22.074000;-0.000169317480772217
15/09/2026 21:06:22.084000;-0.000165740880772217
15/09/2026 21:06:22.094000;-0.000169096809137602
15/09/2026 21:06:22.104000;-0.000170289009137602
15/09/2026 21:06:22.114000;-0.00016881595432991
15/09/2026 21:06:22.124000;-0.000169191382695294
15/09/2026 21:06:22.134000;-0.000169311749041448
15/09/2026 21:06:22.144000;-0.000169543884137602
15/09/2026 21:06:22.154000;-0.000169827604810679
15/09/2026 21:06:22.164000;-0.00017033772884914
15/09/2026 21:06:22.174000;-0.000169624128368371
15/09/2026 21:06:22.184000;-0.00016807082932991
15/09/2026 21:06:22.194000;-0.000170991146156833
15/09/2026 21:06:22.204000;-0.000169566811060679
15/09/2026 21:06:22.214000;-0.000168523636060679
15/09/2026 21:06:22.224000;-0.000170059739906833
15/09/2026 21:06:22.234000;-0.000167130825483756
15/09/2026 21:06:22.244000;-0.000170389314426063
15/09/2026 21:06:22.254000;-0.000170873645676063
15/09/2026 21:06:22.264000;-0.000169618396637602
15/09/2026 21:06:22.274000;-0.000169712970195294
15/09/2026 21:06:22.284000;-0.000168529367791448
15/09/2026 21:06:22.294000;-0.000169873458656833
15/09/2026 21:06:22.304000;-0.000170197301445294
15/09/2026 21:06:22.314000;-0.000169148394714525
15/09/2026 21:06:22.324000;-0.000170698827887602
15/09/2026 21:06:22.334000;-0.000167701132695294
15/09/2026 21:06:22.344000;-0.00016959260384914
15/09/2026 21:06:22.354000;-0.000169340407695294
15/09/2026 21:06:22.364000;-0.000169621262502987
15/09/2026 21:06:22.374000;-0.000169185650964525
15/09/2026 21:06:22.384000;-0.000168879003368371
15/09/2026 21:06:22.394000;-0.000169979495676063
15/09/2026 21:06:22.404000;-0.00017033772884914
15/09/2026 21:06:22.414000;-0.000169460774041448
15/09/2026 21:06:22.424000;-0.000169277358656833
15/09/2026 21:06:22.434000;-0.000167999182695294
15/09/2026 21:06:22.444000;-0.000171022670676063
15/09/2026 21:06:22.454000;-0.000169807543752986
15/09/2026 21:06:22.464000;-0.000169515225483756
15/09/2026 21:06:22.474000;-0.000169861995195294
15/09/2026 21:06:22.484000;-0.000169558213464525
15/09/2026 21:06:22.494000;-0.000170724620676063
15/09/2026 21:06:22.504000;-0.000171337915868371
15/09/2026 21:06:22.514000;-0.000169285956252987
15/09/2026 21:06:22.524000;-0.00017030620432991
15/09/2026 21:06:22.534000;-0.000168472050483756
15/09/2026 21:06:22.544000;-0.000170738950002987
15/09/2026 21:06:22.554000;-0.000168864674041448
15/09/2026 21:06:22.564000;-0.000169993825002987
15/09/2026 21:06:22.574000;-0.00016978461682991
15/09/2026 21:06:22.584000;-0.000168724246637602
15/09/2026 21:06:22.594000;-0.000170956755772217
15/09/2026 21:06:22.604000;-0.000169042357695294
15/09/2026 21:06:22.614000;-0.000168962113464525
15/09/2026 21:06:22.624000;-0.000169426383656833
15/09/2026 21:06:22.634000;-0.00016613350432991
15/09/2026 21:06:22.644000;-0.000170294740868371
15/09/2026 21:06:22.654000;-0.000170690230291448
15/09/2026 21:06:22.664000;-0.000169010833176063
15/09/2026 21:06:22.674000;-0.000169472237502987
15/09/2026 21:06:22.684000;-0.000168345952406833
15/09/2026 21:06:22.694000;-0.000169311749041448
15/09/2026 21:06:22.704000;-0.000169334675964525
15/09/2026 21:06:22.714000;-0.000170200167310679
15/09/2026 21:06:22.724000;-0.000169268761060679
15/09/2026 21:06:22.734000;-0.000168924857214525
15/09/2026 21:06:22.744000;-0.000169773153368371
15/09/2026 21:06:22.754000;-0.00016907101634914
15/09/2026 21:06:22.764000;-0.000169758824041448
15/09/2026 21:06:22.774000;-0.000169916446637602
15/09/2026 21:06:22.784000;-0.000167947597118371
15/09/2026 21:06:22.794000;-0.000171197488464525
15/09/2026 21:06:22.804000;-0.000170773340387602
15/09/2026 21:06:22.814000;-0.000169916446637602
15/09/2026 21:06:22.824000;-0.000169489432695294
15/09/2026 21:06:22.834000;-0.000167893145676063
15/09/2026 21:06:22.844000;-0.00016982187307991
15/09/2026 21:06:22.854000;-0.00016948656682991
15/09/2026 21:06:22.864000;-0.000170079800964525
15/09/2026 21:06:22.874000;-0.000170085532695294
15/09/2026 21:06:22.884000;-0.000167970524041448
15/09/2026 21:06:22.894000;-0.000169893519714525
15/09/2026 21:06:22.904000;-0.000169171321637602
15/09/2026 21:06:22.914000;-0.000170466692791448
15/09/2026 21:06:22.924000;-0.000168646868272217
15/09/2026 21:06:22.934000;-0.000167758450002987
15/09/2026 21:06:22.944000;-0.000171039865868371
15/09/2026 21:06:22.954000;-0.000169323212502987
15/09/2026 21:06:22.964000;-0.000169624128368371
15/09/2026 21:06:22.974000;-0.000169675713945294
15/09/2026 21:06:22.984000;-0.000167314240868371
15/09/2026 21:06:22.994000;-0.000168904796156833
15/09/2026 21:06:23.004000;-0.000170171508656833
15/09/2026 21:06:23.014000;-0.00016959260384914
15/09/2026 21:06:23.024000;-0.000168970711060679
15/09/2026 21:06:23.034000;-0.000168904796156833
15/09/2026 21:06:23.044000;-0.000170223094233756
15/09/2026 21:06:23.054000;-0.000170698827887602
15/09/2026 21:06:23.064000;-0.000169979495676063
15/09/2026 21:06:23.074000;-0.00016918278509914
15/09/2026 21:06:23.084000;-0.00016828863509914
15/09/2026 21:06:23.094000;-0.00017075327932991
15/09/2026 21:06:23.104000;-0.000168503575002987
15/09/2026 21:06:23.114000;-0.000170074069233756
15/09/2026 21:06:23.124000;-0.000168566624041448
15/09/2026 21:06:23.134000;-0.000167795706252987
15/09/2026 21:06:23.144000;-0.000169976629810679
15/09/2026 21:06:23.154000;-0.000169773153368371
15/09/2026 21:06:23.164000;-0.000170168642791448
15/09/2026 21:06:23.174000;-0.000170354924041448
15/09/2026 21:06:23.184000;-0.000169168455772217
15/09/2026 21:06:23.194000;-0.000170609986060679
15/09/2026 21:06:23.204000;-0.00016963559182991
15/09/2026 21:06:23.214000;-0.000170139984137602
15/09/2026 21:06:23.224000;-0.000168936320676063
15/09/2026 21:06:23.234000;-0.000169543884137602
15/09/2026 21:06:23.244000;-0.00017071029134914
15/09/2026 21:06:23.254000;-0.000170372119233756
15/09/2026 21:06:23.264000;-0.000169119736060679
15/09/2026 21:06:23.274000;-0.000169191382695294
15/09/2026 21:06:23.284000;-0.00016869845384914
15/09/2026 21:06:23.294000;-0.00016993364182991
15/09/2026 21:06:23.304000;-0.00016985912932991
15/09/2026 21:06:23.314000;-0.000169228638945294
15/09/2026 21:06:23.324000;-0.00017056126634914
15/09/2026 21:06:23.334000;-0.000169767421637602
15/09/2026 21:06:23.344000;-0.000169394859137602
15/09/2026 21:06:23.354000;-0.000169472237502987
15/09/2026 21:06:23.364000;-0.000168503575002987
15/09/2026 21:06:23.374000;-0.000168784429810679
15/09/2026 21:06:23.384000;-0.00016855516057991
15/09/2026 21:06:23.394000;-0.000170340594714525
15/09/2026 21:06:23.404000;-0.000169010833176063
15/09/2026 21:06:23.414000;-0.000169632725964525
15/09/2026 21:06:23.424000;-0.000169211443752987
15/09/2026 21:06:23.434000;-0.000169045223560679
15/09/2026 21:06:23.444000;-0.000170481022118371
15/09/2026 21:06:23.454000;-0.000170759011060679
15/09/2026 21:06:23.464000;-0.000168761502887602
15/09/2026 21:06:23.474000;-0.000170134252406833
15/09/2026 21:06:23.484000;-0.000166497469233756
15/09/2026 21:06:23.494000;-0.000170022483656833
15/09/2026 21:06:23.504000;-0.00016937479807991
15/09/2026 21:06:23.514000;-0.000168411867310679
15/09/2026 21:06:23.524000;-0.00016895924759914
15/09/2026 21:06:23.534000;-0.000168090890387602
15/09/2026 21:06:23.544000;-0.000170833523560679
15/09/2026 21:06:23.554000;-0.000171037000002987
15/09/2026 21:06:23.564000;-0.000169856263464525
15/09/2026 21:06:23.574000;-0.000169684311541448
15/09/2026 21:06:23.584000;-0.000168850344714525
15/09/2026 21:06:23.594000;-0.000169477969233756
15/09/2026 21:06:23.604000;-0.00016971010432991
15/09/2026 21:06:23.614000;-0.000170085532695294
15/09/2026 21:06:23.624000;-0.000168689856252987
15/09/2026 21:06:23.634000;-0.000166901556252987
15/09/2026 21:06:23.644000;-0.00017030047259914
15/09/2026 21:06:23.654000;-0.000169463639906833
15/09/2026 21:06:23.664000;-0.000168050768272217
15/09/2026 21:06:23.674000;-0.000169612664906833
15/09/2026 21:06:23.684000;-0.000167374424041448
15/09/2026 21:06:23.694000;-0.00017193974759914
15/09/2026 21:06:23.704000;-0.000169644189426063
15/09/2026 21:06:23.714000;-0.00016948656682991
15/09/2026 21:06:23.724000;-0.000169893519714525
15/09/2026 21:06:23.734000;-0.000168022109618371
15/09/2026 21:06:23.744000;-0.000170162911060679
15/09/2026 21:06:23.754000;-0.000170297606733756
15/09/2026 21:06:23.764000;-0.000169122601926063
15/09/2026 21:06:23.774000;-0.00016922577307991
15/09/2026 21:06:23.784000;-0.00016735722884914
15/09/2026 21:06:23.794000;-0.000170085532695294
15/09/2026 21:06:23.804000;-0.000169584006252987
15/09/2026 21:06:23.814000;-0.00017086504807991
15/09/2026 21:06:23.824000;-0.000170031081252987
15/09/2026 21:06:23.834000;-0.000169351871156833
15/09/2026 21:06:23.844000;-0.000171524197118371
15/09/2026 21:06:23.854000;-0.00016985912932991
15/09/2026 21:06:23.864000;-0.000170383582695294
15/09/2026 21:06:23.874000;-0.000168910527887602
15/09/2026 21:06:23.884000;-0.000167798572118371
15/09/2026 21:06:23.894000;-0.000170234557695294
15/09/2026 21:06:23.904000;-0.00016959260384914
15/09/2026 21:06:23.914000;-0.000169770287502987
15/09/2026 21:06:23.924000;-0.000169956568752987
15/09/2026 21:06:23.934000;-0.000168858942310679
15/09/2026 21:06:23.944000;-0.000169446444714525
15/09/2026 21:06:23.954000;-0.00016993364182991
15/09/2026 21:06:23.964000;-0.00016936906634914
15/09/2026 21:06:23.974000;-0.000169005101445294
15/09/2026 21:06:23.984000;-0.000168345952406833
15/09/2026 21:06:23.994000;-0.000170572729810679
15/09/2026 21:06:24.004000;-0.000171211817791448
15/09/2026 21:06:24.014000;-0.000169876324522217
15/09/2026 21:06:24.024000;-0.00016895924759914
15/09/2026 21:06:24.034000;-0.000168601014426063
15/09/2026 21:06:24.044000;-0.000170111325483756
15/09/2026 21:06:24.054000;-0.000169426383656833
15/09/2026 21:06:24.064000;-0.000170357789906833
15/09/2026 21:06:24.074000;-0.000169793214426063
15/09/2026 21:06:24.084000;-0.000168644002406833
15/09/2026 21:06:24.094000;-0.000170999743752987
15/09/2026 21:06:24.104000;-0.000168420464906833
15/09/2026 21:06:24.114000;-0.00017082206009914
15/09/2026 21:06:24.124000;-0.000169813275483756
15/09/2026 21:06:24.134000;-0.000169277358656833
15/09/2026 21:06:24.144000;-0.000170501083176063
15/09/2026 21:06:24.154000;-0.000168919125483756
15/09/2026 21:06:24.164000;-0.000170182972118371
15/09/2026 21:06:24.174000;-0.000169750226445294
15/09/2026 21:06:24.184000;-0.000168798759137602
15/09/2026 21:06:24.194000;-0.000170630047118371
15/09/2026 21:06:24.204000;-0.000170217362502987
15/09/2026 21:06:24.214000;-0.000169575408656833
15/09/2026 21:06:24.224000;-0.000169068150483756
15/09/2026 21:06:24.234000;-0.000168351684137602
15/09/2026 21:06:24.244000;-0.000170578461541448
15/09/2026 21:06:24.254000;-0.000168767234618371
15/09/2026 21:06:24.264000;-0.000169787482695294
15/09/2026 21:06:24.274000;-0.000170105593752987
15/09/2026 21:06:24.284000;-0.000167540644233756
15/09/2026 21:06:24.294000;-0.000169595469714525
15/09/2026 21:06:24.304000;-0.000170452363464525
15/09/2026 21:06:24.314000;-0.00016915126057991
15/09/2026 21:06:24.324000;-0.000170558400483756
15/09/2026 21:06:24.334000;-0.000167053447118371
15/09/2026 21:06:24.344000;-0.000170544071156833
15/09/2026 21:06:24.354000;-0.00016993364182991
15/09/2026 21:06:24.364000;-0.00016903376009914
15/09/2026 21:06:24.374000;-0.000170054008176063
15/09/2026 21:06:24.384000;-0.000167956194714525
15/09/2026 21:06:24.394000;-0.000170443765868371
15/09/2026 21:06:24.404000;-0.000169466505772217
15/09/2026 21:06:24.414000;-0.000169681445676063
15/09/2026 21:06:24.424000;-0.000169489432695294
15/09/2026 21:06:24.434000;-0.000169088211541448
15/09/2026 21:06:24.444000;-0.000170956755772217
15/09/2026 21:06:24.454000;-0.00017004541057991
15/09/2026 21:06:24.464000;-0.000168707051445294
15/09/2026 21:06:24.474000;-0.000169423517791448
15/09/2026 21:06:24.484000;-0.000169291687983756
15/09/2026 21:06:24.494000;-0.000170257484618371
15/09/2026 21:06:24.504000;-0.000169437847118371
15/09/2026 21:06:24.514000;-0.000169558213464525
15/09/2026 21:06:24.524000;-0.000169297419714525
15/09/2026 21:06:24.534000;-0.000167185276926063
15/09/2026 21:06:24.544000;-0.000169469371637602
15/09/2026 21:06:24.554000;-0.000171372306252986
15/09/2026 21:06:24.564000;-0.000169535286541448
15/09/2026 21:06:24.574000;-0.000168861808176063
15/09/2026 21:06:24.584000;-0.000168334488945294
15/09/2026 21:06:24.594000;-0.000170515412502987
15/09/2026 21:06:24.604000;-0.000170549802887602
15/09/2026 21:06:24.614000;-0.00016884747884914
15/09/2026 21:06:24.624000;-0.000169604067310679
15/09/2026 21:06:24.634000;-0.000168360281733756
15/09/2026 21:06:24.644000;-0.000170011020195294
15/09/2026 21:06:24.654000;-0.00017015717932991
15/09/2026 21:06:24.664000;-0.000169386261541448
15/09/2026 21:06:24.674000;-0.000169658518752987
15/09/2026 21:06:24.684000;-0.00016795332884914
15/09/2026 21:06:24.694000;-0.000170564132214525
15/09/2026 21:06:24.704000;-0.000170432302406833
15/09/2026 21:06:24.714000;-0.000169538152406833
15/09/2026 21:06:24.724000;-0.000169569676926063
15/09/2026 21:06:24.734000;-0.000168262842310679
15/09/2026 21:06:24.744000;-0.00017044949759914
15/09/2026 21:06:24.754000;-0.000167483326926063
15/09/2026 21:06:24.764000;-0.000168374611060679
15/09/2026 21:06:24.774000;-0.000169343273560679
15/09/2026 21:06:24.784000;-0.00016761802259914
15/09/2026 21:06:24.794000;-0.000170237423560679
15/09/2026 21:06:24.804000;-0.00016962986009914
15/09/2026 21:06:24.814000;-0.000169303151445294
15/09/2026 21:06:24.824000;-0.000168689856252987
15/09/2026 21:06:24.834000;-0.00016952382307991
15/09/2026 21:06:24.844000;-0.000170867913945294
15/09/2026 21:06:24.854000;-0.000169847665868371
15/09/2026 21:06:24.864000;-0.000170469558656833
15/09/2026 21:06:24.874000;-0.000169168455772217
15/09/2026 21:06:24.884000;-0.000168291500964525
15/09/2026 21:06:24.894000;-0.00016903949182991
15/09/2026 21:06:24.904000;-0.000168876137502987
15/09/2026 21:06:24.914000;-0.000168153939426063
15/09/2026 21:06:24.924000;-0.000170395046156833
15/09/2026 21:06:24.934000;-0.00016847491634914
15/09/2026 21:06:24.944000;-0.00017079053557991
15/09/2026 21:06:24.954000;-0.000169601201445294
15/09/2026 21:06:24.964000;-0.000169426383656833
15/09/2026 21:06:24.974000;-0.000170357789906833
15/09/2026 21:06:24.984000;-0.000168767234618371
15/09/2026 21:06:24.994000;-0.000170741815868371
15/09/2026 21:06:25.004000;-0.000169698640868371
15/09/2026 21:06:25.014000;-0.000169297419714525
15/09/2026 21:06:25.024000;-0.000169423517791448
15/09/2026 21:06:25.034000;-0.000167778511060679
15/09/2026 21:06:25.044000;-0.00017075327932991
15/09/2026 21:06:25.054000;-0.00016977888509914
15/09/2026 21:06:25.064000;-0.000168489245676063
15/09/2026 21:06:25.074000;-0.000171257671637602
15/09/2026 21:06:25.084000;-0.000168280037502987
15/09/2026 21:06:25.094000;-0.00017034346057991
15/09/2026 21:06:25.104000;-0.000170833523560679
15/09/2026 21:06:25.114000;-0.000169079613945294
15/09/2026 21:06:25.124000;-0.000169326078368371
15/09/2026 21:06:25.134000;-0.000168939186541448
15/09/2026 21:06:25.144000;-0.00017134364759914
15/09/2026 21:06:25.154000;-0.000169626994233756
15/09/2026 21:06:25.164000;-0.000169520957214525
15/09/2026 21:06:25.174000;-0.000169254431733756
15/09/2026 21:06:25.184000;-0.000168566624041448
15/09/2026 21:06:25.194000;-0.000171541392310679
15/09/2026 21:06:25.204000;-0.000168770100483756
15/09/2026 21:06:25.214000;-0.000169558213464525
15/09/2026 21:06:25.224000;-0.000168632538945294
15/09/2026 21:06:25.234000;-0.000168185463945294
15/09/2026 21:06:25.244000;-0.000169469371637602
15/09/2026 21:06:25.254000;-0.000169131199522217
15/09/2026 21:06:25.264000;-0.000168314427887602
15/09/2026 21:06:25.274000;-0.00016997089807991
15/09/2026 21:06:25.284000;-0.000168483513945294
15/09/2026 21:06:25.294000;-0.000170036812983756
15/09/2026 21:06:25.304000;-0.000170584193272217
15/09/2026 21:06:25.314000;-0.00016981614134914
15/09/2026 21:06:25.324000;-0.000169314614906833
15/09/2026 21:06:25.334000;-0.000167870218752987
15/09/2026 21:06:25.344000;-0.000170317667791448
15/09/2026 21:06:25.354000;-0.000168681258656833
15/09/2026 21:06:25.364000;-0.000170309070195294
15/09/2026 21:06:25.374000;-0.000168970711060679
15/09/2026 21:06:25.384000;-0.000168171134618371
15/09/2026 21:06:25.394000;-0.000170429436541448
15/09/2026 21:06:25.404000;-0.00016787881634914
15/09/2026 21:06:25.414000;-0.000168899064426063
15/09/2026 21:06:25.424000;-0.000169050955291448
15/09/2026 21:06:25.434000;-0.000167039117791448
15/09/2026 21:06:25.444000;-0.000169864861060679
15/09/2026 21:06:25.454000;-0.000167150886541448
15/09/2026 21:06:25.464000;-0.000169581140387602
15/09/2026 21:06:25.474000;-0.000170191569714525
15/09/2026 21:06:25.484000;-0.000167984853368371
15/09/2026 21:06:25.494000;-0.000170291875002987
15/09/2026 21:06:25.504000;-0.00016859241682991
15/09/2026 21:06:25.514000;-0.00016851790432991
15/09/2026 21:06:25.524000;-0.00016918278509914
15/09/2026 21:06:25.534000;-0.000168174000483756
15/09/2026 21:06:25.544000;-0.000170174374522217
15/09/2026 21:06:25.554000;-0.000168606746156833
15/09/2026 21:06:25.564000;-0.000169400590868371
15/09/2026 21:06:25.574000;-0.000168678392791448
15/09/2026 21:06:25.584000;-0.000167443204810679
15/09/2026 21:06:25.594000;-0.000170718888945294
15/09/2026 21:06:25.604000;-0.000169483700964525
15/09/2026 21:06:25.614000;-0.00016962986009914
15/09/2026 21:06:25.624000;-0.000168216988464525
15/09/2026 21:06:25.634000;-0.000168300098560679
15/09/2026 21:06:25.644000;-0.000170844987022217
15/09/2026 21:06:25.654000;-0.000168893332695294
15/09/2026 21:06:25.664000;-0.000169509493752987
15/09/2026 21:06:25.674000;-0.000171079987983756
15/09/2026 21:06:25.684000;-0.000167746986541448
15/09/2026 21:06:25.694000;-0.000171154500483756
15/09/2026 21:06:25.704000;-0.000167881682214525
15/09/2026 21:06:25.714000;-0.000170403643752987
15/09/2026 21:06:25.724000;-0.000169291687983756
15/09/2026 21:06:25.734000;-0.000168724246637602
15/09/2026 21:06:25.744000;-0.000170965353368371
15/09/2026 21:06:25.754000;-0.000170074069233756
15/09/2026 21:06:25.764000;-0.000170211630772217
15/09/2026 21:06:25.774000;-0.000169632725964525
15/09/2026 21:06:25.784000;-0.000168583819233756
15/09/2026 21:06:25.794000;-0.000169079613945294
15/09/2026 21:06:25.804000;-0.000168807356733756
15/09/2026 21:06:25.814000;-0.00016944931057991
15/09/2026 21:06:25.824000;-0.000169644189426063
15/09/2026 21:06:25.834000;-0.00016869845384914
15/09/2026 21:06:25.844000;-0.000169578274522217
15/09/2026 21:06:25.854000;-0.000170475290387602
15/09/2026 21:06:25.864000;-0.000170830657695294
15/09/2026 21:06:25.874000;-0.000169618396637602
15/09/2026 21:06:25.884000;-0.00016910827259914
15/09/2026 21:06:25.894000;-0.00016944357884914
15/09/2026 21:06:25.904000;-0.000169824738945294
15/09/2026 21:06:25.914000;-0.000170071203368371
15/09/2026 21:06:25.924000;-0.00016959260384914
15/09/2026 21:06:25.934000;-0.000167428875483756
15/09/2026 21:06:25.944000;-0.000170630047118371
15/09/2026 21:06:25.954000;-0.000168942052406833
15/09/2026 21:06:25.964000;-0.00017011992307991
15/09/2026 21:06:25.974000;-0.000168472050483756
15/09/2026 21:06:25.984000;-0.000170088398560679
15/09/2026 21:06:25.994000;-0.00016977888509914
15/09/2026 21:06:26.004000;-0.00016903949182991
15/09/2026 21:06:26.014000;-0.000170022483656833
15/09/2026 21:06:26.024000;-0.00016925729759914
15/09/2026 21:06:26.034000;-0.000168171134618371
15/09/2026 21:06:26.044000;-0.000170056874041448
15/09/2026 21:06:26.054000;-0.00016944357884914
15/09/2026 21:06:26.064000;-0.000171074256252987
15/09/2026 21:06:26.074000;-0.00016963559182991
15/09/2026 21:06:26.084000;-0.000168053634137602
15/09/2026 21:06:26.094000;-0.000169899251445294
15/09/2026 21:06:26.104000;-0.000169922178368371
15/09/2026 21:06:26.114000;-0.00016937479807991
15/09/2026 21:06:26.124000;-0.000169446444714525
15/09/2026 21:06:26.134000;-0.000168712783176063
15/09/2026 21:06:26.144000;-0.00017015717932991
15/09/2026 21:06:26.154000;-0.000169919312502986
15/09/2026 21:06:26.164000;-0.000170011020195294
15/09/2026 21:06:26.174000;-0.000169638457695294
15/09/2026 21:06:26.184000;-0.000168168268752987
15/09/2026 21:06:26.194000;-0.000169836202406833
15/09/2026 21:06:26.204000;-0.000168924857214525
15/09/2026 21:06:26.214000;-0.000169022296637602
15/09/2026 21:06:26.224000;-0.00017023169182991
15/09/2026 21:06:26.234000;-0.000168153939426063
15/09/2026 21:06:26.244000;-0.000169701506733756
15/09/2026 21:06:26.254000;-0.000169813275483756
15/09/2026 21:06:26.264000;-0.00016982187307991
15/09/2026 21:06:26.274000;-0.000169125467791448
15/09/2026 21:06:26.284000;-0.000168589550964525
15/09/2026 21:06:26.294000;-0.000169681445676063
15/09/2026 21:06:26.304000;-0.000169899251445294
15/09/2026 21:06:26.314000;-0.000169529554810679
15/09/2026 21:06:26.324000;-0.00016877869807991
15/09/2026 21:06:26.334000;-0.000166594908656833
15/09/2026 21:06:26.344000;-0.000170787669714525
15/09/2026 21:06:26.354000;-0.000169649921156833
15/09/2026 21:06:26.364000;-0.000170108459618371
15/09/2026 21:06:26.374000;-0.000170607120195294
15/09/2026 21:06:26.384000;-0.00016866692932991
15/09/2026 21:06:26.394000;-0.000170294740868371
15/09/2026 21:06:26.404000;-0.00017048675384914
15/09/2026 21:06:26.414000;-0.00016828863509914
15/09/2026 21:06:26.424000;-0.000168841747118371
15/09/2026 21:06:26.434000;-0.000168022109618371
15/09/2026 21:06:26.444000;-0.000170031081252987
15/09/2026 21:06:26.454000;-0.000169323212502987
15/09/2026 21:06:26.464000;-0.000169750226445294
15/09/2026 21:06:26.474000;-0.00016884747884914
15/09/2026 21:06:26.484000;-0.000168059365868371
15/09/2026 21:06:26.494000;-0.000171117244233756
15/09/2026 21:06:26.504000;-0.000170764742791448
15/09/2026 21:06:26.514000;-0.000169426383656833
15/09/2026 21:06:26.524000;-0.000168936320676063
15/09/2026 21:06:26.534000;-0.000167901743272217
15/09/2026 21:06:26.544000;-0.00017075327932991
15/09/2026 21:06:26.554000;-0.000169343273560679
15/09/2026 21:06:26.564000;-0.000169360468752987
15/09/2026 21:06:26.574000;-0.00016940632259914
15/09/2026 21:06:26.584000;-0.000169326078368371
15/09/2026 21:06:26.594000;-0.00017015717932991
15/09/2026 21:06:26.604000;-0.000170781937983756
15/09/2026 21:06:26.614000;-0.000168486379810679
15/09/2026 21:06:26.624000;-0.000170615717791448
15/09/2026 21:06:26.634000;-0.000169030894233756
15/09/2026 21:06:26.644000;-0.000169641323560679
15/09/2026 21:06:26.654000;-0.000170369253368371
15/09/2026 21:06:26.664000;-0.000169340407695294
15/09/2026 21:06:26.674000;-0.000169841934137602
15/09/2026 21:06:26.684000;-0.000168440525964525
15/09/2026 21:06:26.694000;-0.000170160045195294
15/09/2026 21:06:26.704000;-0.000168652600002987
15/09/2026 21:06:26.714000;-0.000168357415868371
15/09/2026 21:06:26.724000;-0.000170309070195294
15/09/2026 21:06:26.734000;-0.000168770100483756
15/09/2026 21:06:26.744000;-0.00017074754759914
15/09/2026 21:06:26.754000;-0.000168486379810679
15/09/2026 21:06:26.764000;-0.000169850531733756
15/09/2026 21:06:26.774000;-0.000170546937022217
15/09/2026 21:06:26.784000;-0.000168985040387602
15/09/2026 21:06:26.794000;-0.000170217362502987
15/09/2026 21:06:26.804000;-0.000168615343752987
15/09/2026 21:06:26.814000;-0.000168913393752987
15/09/2026 21:06:26.824000;-0.000169005101445294
15/09/2026 21:06:26.834000;-0.000168652600002987
15/09/2026 21:06:26.844000;-0.00016989638557991
15/09/2026 21:06:26.854000;-0.000168916259618371
15/09/2026 21:06:26.864000;-0.000169999556733756
15/09/2026 21:06:26.874000;-0.000168721380772217
15/09/2026 21:06:26.884000;-0.000168314427887602
15/09/2026 21:06:26.894000;-0.00016996516634914
15/09/2026 21:06:26.904000;-0.000170979682695294
15/09/2026 21:06:26.914000;-0.000170240289426063
15/09/2026 21:06:26.924000;-0.00017007693509914
15/09/2026 21:06:26.934000;-0.000168148207695294
15/09/2026 21:06:26.944000;-0.00016966711634914
15/09/2026 21:06:26.954000;-0.00017116309807991
15/09/2026 21:06:26.964000;-0.000170005288464525
15/09/2026 21:06:26.974000;-0.000169489432695294
15/09/2026 21:06:26.984000;-0.000168609612022217
15/09/2026 21:06:26.994000;-0.00017026894807991
15/09/2026 21:06:27.004000;-0.000168125280772217
15/09/2026 21:06:27.014000;-0.000169543884137602
15/09/2026 21:06:27.024000;-0.000169469371637602
15/09/2026 21:06:27.034000;-0.00016922577307991
15/09/2026 21:06:27.044000;-0.000169727299522217
15/09/2026 21:06:27.054000;-0.000169988093272217
15/09/2026 21:06:27.064000;-0.000168641136541448
15/09/2026 21:06:27.074000;-0.000168638270676063
15/09/2026 21:06:27.084000;-0.00016829436682991
15/09/2026 21:06:27.094000;-0.000169942239426063
15/09/2026 21:06:27.104000;-0.000170549802887602
15/09/2026 21:06:27.114000;-0.00016941205432991
15/09/2026 21:06:27.124000;-0.000168366013464525
15/09/2026 21:06:27.134000;-0.00016915126057991
15/09/2026 21:06:27.144000;-0.000170165776926063
15/09/2026 21:06:27.154000;-0.000170363521637602
15/09/2026 21:06:27.164000;-0.00017019443557991
15/09/2026 21:06:27.174000;-0.00016978461682991
15/09/2026 21:06:27.184000;-0.000168328757214525
15/09/2026 21:06:27.194000;-0.000169695775002987
15/09/2026 21:06:27.204000;-0.000169950837022217
15/09/2026 21:06:27.214000;-0.000169391993272217
15/09/2026 21:06:27.224000;-0.000171784990868371
15/09/2026 21:06:27.234000;-0.000167752718272217
15/09/2026 21:06:27.244000;-0.000169088211541448
15/09/2026 21:06:27.254000;-0.000170237423560679
15/09/2026 21:06:27.264000;-0.000170102727887602
15/09/2026 21:06:27.274000;-0.00016903376009914
15/09/2026 21:06:27.284000;-0.000167451802406833
15/09/2026 21:06:27.294000;-0.000169873458656833
15/09/2026 21:06:27.304000;-0.00016944931057991
15/09/2026 21:06:27.314000;-0.000168712783176063
15/09/2026 21:06:27.324000;-0.000169111138464525
15/09/2026 21:06:27.334000;-0.000167855889426063
15/09/2026 21:06:27.344000;-0.000169626994233756
15/09/2026 21:06:27.354000;-0.000169105406733756
15/09/2026 21:06:27.364000;-0.00016974162884914
15/09/2026 21:06:27.374000;-0.000169621262502987
15/09/2026 21:06:27.384000;-0.000167597961541448
15/09/2026 21:06:27.394000;-0.000170552668752987
15/09/2026 21:06:27.404000;-0.000169595469714525
15/09/2026 21:06:27.414000;-0.000169177053368371
15/09/2026 21:06:27.424000;-0.000170329131252987
15/09/2026 21:06:27.434000;-0.000169283090387602
15/09/2026 21:06:27.444000;-0.000170389314426063
15/09/2026 21:06:27.454000;-0.000170211630772217
15/09/2026 21:06:27.464000;-0.000169618396637602
15/09/2026 21:06:27.474000;-0.00017030047259914
15/09/2026 21:06:27.484000;-0.000167870218752987
15/09/2026 21:06:27.494000;-0.000169156992310679
15/09/2026 21:06:27.504000;-0.00016848064807991
15/09/2026 21:06:27.514000;-0.000169750226445294
15/09/2026 21:06:27.524000;-0.00016903949182991
15/09/2026 21:06:27.534000;-0.000168059365868371
15/09/2026 21:06:27.544000;-0.000170277545676063
15/09/2026 21:06:27.554000;-0.00016956107932991
15/09/2026 21:06:27.564000;-0.000169079613945294
15/09/2026 21:06:27.574000;-0.000170727486541448
15/09/2026 21:06:27.584000;-0.00016784729182991
15/09/2026 21:06:27.594000;-0.000171392367310679
15/09/2026 21:06:27.604000;-0.000170541205291448
15/09/2026 21:06:27.614000;-0.000170756145195294
15/09/2026 21:06:27.624000;-0.00016941205432991
15/09/2026 21:06:27.634000;-0.000168494977406833
15/09/2026 21:06:27.644000;-0.00016952382307991
15/09/2026 21:06:27.654000;-0.000168237049522217
15/09/2026 21:06:27.664000;-0.000169647055291448
15/09/2026 21:06:27.674000;-0.00016870418557991
15/09/2026 21:06:27.684000;-0.00016910827259914
15/09/2026 21:06:27.694000;-0.000169237236541448
15/09/2026 21:06:27.704000;-0.000168821686060679
15/09/2026 21:06:27.714000;-0.000169363334618371
15/09/2026 21:06:27.724000;-0.000169606933176063
15/09/2026 21:06:27.734000;-0.00016933181009914
15/09/2026 21:06:27.744000;-0.000171016938945294
15/09/2026 21:06:27.754000;-0.000167870218752987
15/09/2026 21:06:27.764000;-0.000169541018272217
15/09/2026 21:06:27.774000;-0.000173074630291448
15/09/2026 21:06:27.784000;-0.000169500896156833
15/09/2026 21:06:27.794000;-0.000170234557695294
15/09/2026 21:06:27.804000;-0.000169403456733756
15/09/2026 21:06:27.814000;-0.000169695775002987
15/09/2026 21:06:27.824000;-0.000169512359618371
15/09/2026 21:06:27.834000;-0.000168274305772217
15/09/2026 21:06:27.844000;-0.000169850531733756
15/09/2026 21:06:27.854000;-0.00016884747884914
15/09/2026 21:06:27.864000;-0.000169457908176063
15/09/2026 21:06:27.874000;-0.000169351871156833
15/09/2026 21:06:27.884000;-0.000168956381733756
15/09/2026 21:06:27.894000;-0.000170042544714525
15/09/2026 21:06:27.904000;-0.000169326078368371
15/09/2026 21:06:27.914000;-0.000170059739906833
15/09/2026 21:06:27.924000;-0.000169498030291448
15/09/2026 21:06:27.934000;-0.000168116683176063
15/09/2026 21:06:27.944000;-0.000169764555772217
15/09/2026 21:06:27.954000;-0.00016885321057991
15/09/2026 21:06:27.964000;-0.000170397912022217
15/09/2026 21:06:27.974000;-0.000169082479810679
15/09/2026 21:06:27.984000;-0.000167537778368371
15/09/2026 21:06:27.994000;-0.000170243155291448
15/09/2026 21:06:28.004000;-0.000169893519714525
15/09/2026 21:06:28.014000;-0.000169910714906833
15/09/2026 21:06:28.024000;-0.000169819007214525
15/09/2026 21:06:28.034000;-0.000168575221637602
15/09/2026 21:06:28.044000;-0.000170544071156833
15/09/2026 21:06:28.054000;-0.000169922178368371
15/09/2026 21:06:28.064000;-0.000169546750002987
15/09/2026 21:06:28.074000;-0.000169007967310679
15/09/2026 21:06:28.084000;-0.000169317480772217
15/09/2026 21:06:28.094000;-0.00016952382307991
15/09/2026 21:06:28.104000;-0.000168896198560679
15/09/2026 21:06:28.114000;-0.00016948083509914
15/09/2026 21:06:28.124000;-0.000169604067310679
15/09/2026 21:06:28.134000;-0.000168314427887602
15/09/2026 21:06:28.144000;-0.00017018870384914
15/09/2026 21:06:28.154000;-0.000170051142310679
15/09/2026 21:06:28.164000;-0.000169403456733756
15/09/2026 21:06:28.174000;-0.00016952382307991
15/09/2026 21:06:28.184000;-0.000168615343752987
15/09/2026 21:06:28.194000;-0.00016985339759914
15/09/2026 21:06:28.204000;-0.000169718701926063
15/09/2026 21:06:28.214000;-0.000169988093272217
15/09/2026 21:06:28.224000;-0.00016959260384914
15/09/2026 21:06:28.234000;-0.00016817686634914
15/09/2026 21:06:28.244000;-0.000169323212502987
15/09/2026 21:06:28.254000;-0.000167893145676063
15/09/2026 21:06:28.264000;-0.000170251752887602
15/09/2026 21:06:28.274000;-0.00017056699807991
15/09/2026 21:06:28.284000;-0.000168024975483756
15/09/2026 21:06:28.294000;-0.000170589925002987
15/09/2026 21:06:28.304000;-0.000168970711060679
15/09/2026 21:06:28.314000;-0.000169873458656833
15/09/2026 21:06:28.324000;-0.000171016938945294
15/09/2026 21:06:28.334000;-0.000169621262502987
15/09/2026 21:06:28.344000;-0.000169887787983756
15/09/2026 21:06:28.354000;-0.00017011419134914
15/09/2026 21:06:28.364000;-0.00016959260384914
15/09/2026 21:06:28.374000;-0.000168689856252987
15/09/2026 21:06:28.384000;-0.000169142662983756
15/09/2026 21:06:28.394000;-0.000169165589906833
15/09/2026 21:06:28.404000;-0.00016814534182991
15/09/2026 21:06:28.414000;-0.000169718701926063
15/09/2026 21:06:28.424000;-0.00017075327932991
15/09/2026 21:06:28.434000;-0.000168088024522217
15/09/2026 21:06:28.444000;-0.00017089657259914
15/09/2026 21:06:28.454000;-0.000169030894233756
15/09/2026 21:06:28.464000;-0.000169483700964525
15/09/2026 21:06:28.474000;-0.000170922365387602
15/09/2026 21:06:28.484000;-0.000169179919233756
15/09/2026 21:06:28.494000;-0.00016974162884914
15/09/2026 21:06:28.504000;-0.000170005288464525
15/09/2026 21:06:28.514000;-0.00016959833557991
15/09/2026 21:06:28.524000;-0.000170013886060679
15/09/2026 21:06:28.534000;-0.00016766101057991
15/09/2026 21:06:28.544000;-0.000169334675964525
15/09/2026 21:06:28.554000;-0.000168924857214525
15/09/2026 21:06:28.564000;-0.000169612664906833
15/09/2026 21:06:28.574000;-0.000172464200964525
15/09/2026 21:06:28.584000;-0.000167532046637602
15/09/2026 21:06:28.594000;-0.000170589925002987
15/09/2026 21:06:28.604000;-0.00016833162307991
15/09/2026 21:06:28.614000;-0.000170125654810679
15/09/2026 21:06:28.624000;-0.00016996516634914
15/09/2026 21:06:28.634000;-0.00016810235384914
15/09/2026 21:06:28.644000;-0.000169796080291448
15/09/2026 21:06:28.654000;-0.000170111325483756
15/09/2026 21:06:28.664000;-0.00016918278509914
15/09/2026 21:06:28.674000;-0.000168646868272217
15/09/2026 21:06:28.684000;-0.000167514851445294
15/09/2026 21:06:28.694000;-0.000169913580772217
15/09/2026 21:06:28.704000;-0.000169371932214525
15/09/2026 21:06:28.714000;-0.00017000242259914
15/09/2026 21:06:28.724000;-0.000170816328368371
15/09/2026 21:06:28.734000;-0.00016858668509914
15/09/2026 21:06:28.744000;-0.000169380529810679
15/09/2026 21:06:28.754000;-0.000169907849041448
15/09/2026 21:06:28.764000;-0.000169776019233756
15/09/2026 21:06:28.774000;-0.000169968032214525
15/09/2026 21:06:28.784000;-0.000169744494714525
15/09/2026 21:06:28.794000;-0.000169217175483756
15/09/2026 21:06:28.804000;-0.00016989638557991
15/09/2026 21:06:28.814000;-0.000169563945195294
15/09/2026 21:06:28.824000;-0.000170741815868371
15/09/2026 21:06:28.834000;-0.000169062418752987
15/09/2026 21:06:28.844000;-0.000170982548560679
15/09/2026 21:06:28.854000;-0.000168781563945294
15/09/2026 21:06:28.864000;-0.00016922577307991
15/09/2026 21:06:28.874000;-0.000169979495676063
15/09/2026 21:06:28.884000;-0.000168750039426063
15/09/2026 21:06:28.894000;-0.000168380342791448
15/09/2026 21:06:28.904000;-0.00016903376009914
15/09/2026 21:06:28.914000;-0.000168729978368371
15/09/2026 21:06:28.924000;-0.000169644189426063
15/09/2026 21:06:28.934000;-0.00016847491634914
15/09/2026 21:06:28.944000;-0.000169698640868371
15/09/2026 21:06:28.954000;-0.000168537965387602
15/09/2026 21:06:28.964000;-0.000168936320676063
15/09/2026 21:06:28.974000;-0.000170062605772217
15/09/2026 21:06:28.984000;-0.000168612477887602
15/09/2026 21:06:28.994000;-0.00016892772307991
15/09/2026 21:06:29.004000;-0.000169231504810679
15/09/2026 21:06:29.014000;-0.000171183159137602
15/09/2026 21:06:29.024000;-0.00017123187884914
15/09/2026 21:06:29.034000;-0.00016828863509914
15/09/2026 21:06:29.044000;-0.000169913580772217
15/09/2026 21:06:29.054000;-0.000168973576926063
15/09/2026 21:06:29.064000;-0.000169391993272217
15/09/2026 21:06:29.074000;-0.000168254244714525
15/09/2026 21:06:29.084000;-0.000168386074522217
15/09/2026 21:06:29.094000;-0.00016859241682991
15/09/2026 21:06:29.104000;-0.000169237236541448
15/09/2026 21:06:29.114000;-0.000169687177406833
15/09/2026 21:06:29.124000;-0.00016977888509914
15/09/2026 21:06:29.134000;-0.000168775832214525
15/09/2026 21:06:29.144000;-0.000170781937983756
15/09/2026 21:06:29.154000;-0.000170191569714525
15/09/2026 21:06:29.164000;-0.000170334862983756
15/09/2026 21:06:29.174000;-0.000172395420195294
15/09/2026 21:06:29.184000;-0.00016889046682991
15/09/2026 21:06:29.194000;-0.000170088398560679
15/09/2026 21:06:29.204000;-0.000170108459618371
15/09/2026 21:06:29.214000;-0.000170667303368371
15/09/2026 21:06:29.224000;-0.00016889046682991
15/09/2026 21:06:29.234000;-0.000169268761060679
15/09/2026 21:06:29.244000;-0.000169781750964525
15/09/2026 21:06:29.254000;-0.000170426570676063
15/09/2026 21:06:29.264000;-0.000169675713945294
15/09/2026 21:06:29.274000;-0.000170879377406833
15/09/2026 21:06:29.284000;-0.00016885321057991
15/09/2026 21:06:29.294000;-0.000170354924041448
15/09/2026 21:06:29.304000;-0.000170796267310679
15/09/2026 21:06:29.314000;-0.000169079613945294
15/09/2026 21:06:29.324000;-0.00017105132932991
15/09/2026 21:06:29.334000;-0.000168131012502987
15/09/2026 21:06:29.344000;-0.000170011020195294
15/09/2026 21:06:29.354000;-0.000169692909137602
15/09/2026 21:06:29.364000;-0.000170632912983756
15/09/2026 21:06:29.374000;-0.000168901930291448
15/09/2026 21:06:29.384000;-0.000169271626926063
15/09/2026 21:06:29.394000;-0.00016985912932991
15/09/2026 21:06:29.404000;-0.000169177053368371
15/09/2026 21:06:29.414000;-0.000168572355772217
15/09/2026 21:06:29.424000;-0.000172232065868371
15/09/2026 21:06:29.434000;-0.000169543884137602
15/09/2026 21:06:29.444000;-0.000169727299522217
15/09/2026 21:06:29.454000;-0.00017041797307991
15/09/2026 21:06:29.464000;-0.000169202846156833
15/09/2026 21:06:29.474000;-0.000170248887022217
15/09/2026 21:06:29.484000;-0.00016829436682991
15/09/2026 21:06:29.494000;-0.00017056126634914
15/09/2026 21:06:29.504000;-0.000169864861060679
15/09/2026 21:06:29.514000;-0.000170432302406833
15/09/2026 21:06:29.524000;-0.000171057061060679
15/09/2026 21:06:29.534000;-0.000169019430772217
15/09/2026 21:06:29.544000;-0.000170028215387602
15/09/2026 21:06:29.554000;-0.000170297606733756
15/09/2026 21:06:29.564000;-0.000169712970195294
15/09/2026 21:06:29.574000;-0.000171360842791448
15/09/2026 21:06:29.584000;-0.000168110951445294
15/09/2026 21:06:29.594000;-0.000169546750002987
15/09/2026 21:06:29.604000;-0.000168188329810679
15/09/2026 21:06:29.614000;-0.000168727112502987
15/09/2026 21:06:29.624000;-0.00016966711634914
15/09/2026 21:06:29.634000;-0.000167672474041448
15/09/2026 21:06:29.644000;-0.00017000815432991
15/09/2026 21:06:29.654000;-0.000169007967310679
15/09/2026 21:06:29.664000;-0.000169291687983756
15/09/2026 21:06:29.674000;-0.000170392180291448
15/09/2026 21:06:29.684000;-0.00016895924759914
15/09/2026 21:06:29.694000;-0.000170171508656833
15/09/2026 21:06:29.704000;-0.00016970437259914
15/09/2026 21:06:29.714000;-0.000170094130291448
15/09/2026 21:06:29.724000;-0.000172189077887602
15/09/2026 21:06:29.734000;-0.000168454855291448
15/09/2026 21:06:29.744000;-0.000169813275483756
15/09/2026 21:06:29.754000;-0.000168681258656833
15/09/2026 21:06:29.764000;-0.000169082479810679
15/09/2026 21:06:29.774000;-0.000171378037983756
15/09/2026 21:06:29.784000;-0.000169844800002987
15/09/2026 21:06:29.794000;-0.000168821686060679
15/09/2026 21:06:29.804000;-0.000169328944233756
15/09/2026 21:06:29.814000;-0.000168334488945294
15/09/2026 21:06:29.824000;-0.000170664437502987
15/09/2026 21:06:29.834000;-0.000168122414906833
15/09/2026 21:06:29.844000;-0.000170652974041448
15/09/2026 21:06:29.854000;-0.000169529554810679
15/09/2026 21:06:29.864000;-0.000169569676926063
15/09/2026 21:06:29.874000;-0.000171068524522217
15/09/2026 21:06:29.884000;-0.000168434794233756
15/09/2026 21:06:29.894000;-0.00016992791009914
15/09/2026 21:06:29.904000;-0.000169254431733756
15/09/2026 21:06:29.914000;-0.000169288822118371
15/09/2026 21:06:29.924000;-0.00017048675384914
15/09/2026 21:06:29.934000;-0.00016930028557991
15/09/2026 21:06:29.944000;-0.000170131386541448
15/09/2026 21:06:29.954000;-0.000168973576926063
15/09/2026 21:06:29.964000;-0.000169721567791448
15/09/2026 21:06:29.974000;-0.000170145715868371
15/09/2026 21:06:29.984000;-0.00016795332884914
15/09/2026 21:06:29.994000;-0.000169434981252987
15/09/2026 21:06:30.004000;-0.000170501083176063
15/09/2026 21:06:30.014000;-0.000170415107214525
15/09/2026 21:06:30.024000;-0.00017067303509914
15/09/2026 21:06:30.034000;-0.000167807169714525
15/09/2026 21:06:30.044000;-0.000168856076445294
15/09/2026 21:06:30.054000;-0.000168598148560679
15/09/2026 21:06:30.064000;-0.000169380529810679
15/09/2026 21:06:30.074000;-0.000172512920676063
15/09/2026 21:06:30.084000;-0.000168113817310679
15/09/2026 21:06:30.094000;-0.000169205712022217
15/09/2026 21:06:30.104000;-0.000170549802887602
15/09/2026 21:06:30.114000;-0.000169807543752986
15/09/2026 21:06:30.124000;-0.000169767421637602
15/09/2026 21:06:30.134000;-0.000167944731252987
15/09/2026 21:06:30.144000;-0.00016956107932991
15/09/2026 21:06:30.154000;-0.000170541205291448
15/09/2026 21:06:30.164000;-0.00016903376009914
15/09/2026 21:06:30.174000;-0.000170251752887602
15/09/2026 21:06:30.184000;-0.000169532420676063
15/09/2026 21:06:30.194000;-0.000170254618752987
15/09/2026 21:06:30.204000;-0.000168377476926063
15/09/2026 21:06:30.214000;-0.00016866692932991
15/09/2026 21:06:30.224000;-0.000171859503368371
15/09/2026 21:06:30.234000;-0.000168899064426063
15/09/2026 21:06:30.244000;-0.00016989065384914
15/09/2026 21:06:30.254000;-0.000169913580772217
15/09/2026 21:06:30.264000;-0.000170601388464525
15/09/2026 21:06:30.274000;-0.000171188890868371
15/09/2026 21:06:30.284000;-0.000168758637022217
15/09/2026 21:06:30.294000;-0.000169902117310679
15/09/2026 21:06:30.304000;-0.000170489619714525
15/09/2026 21:06:30.314000;-0.00016981614134914
15/09/2026 21:06:30.324000;-0.000170750413464525
15/09/2026 21:06:30.334000;-0.000169535286541448
15/09/2026 21:06:30.344000;-0.000168907662022217
15/09/2026 21:06:30.354000;-0.00017000242259914
15/09/2026 21:06:30.364000;-0.000169692909137602
15/09/2026 21:06:30.374000;-0.00016959260384914
15/09/2026 21:06:30.384000;-0.00016787881634914
15/09/2026 21:06:30.394000;-0.000169904983176063
15/09/2026 21:06:30.404000;-0.000168987906252987
15/09/2026 21:06:30.414000;-0.00016873571009914
15/09/2026 21:06:30.424000;-0.000171203220195294
15/09/2026 21:06:30.434000;-0.000168320159618371
15/09/2026 21:06:30.444000;-0.000168970711060679
15/09/2026 21:06:30.454000;-0.000170518278368371
15/09/2026 21:06:30.464000;-0.000168486379810679
15/09/2026 21:06:30.474000;-0.000169990959137602
15/09/2026 21:06:30.484000;-0.000168216988464525
15/09/2026 21:06:30.494000;-0.000170180106252987
15/09/2026 21:06:30.504000;-0.000169280224522217
15/09/2026 21:06:30.514000;-0.000169237236541448
15/09/2026 21:06:30.524000;-0.00017138090384914
15/09/2026 21:06:30.534000;-0.000167930401926063
15/09/2026 21:06:30.544000;-0.000169558213464525
15/09/2026 21:06:30.554000;-0.000169925044233756
15/09/2026 21:06:30.564000;-0.000169753092310679
15/09/2026 21:06:30.574000;-0.000171229012983756
15/09/2026 21:06:30.584000;-0.00016866692932991
15/09/2026 21:06:30.594000;-0.000169652787022217
15/09/2026 21:06:30.604000;-0.00016915126057991
15/09/2026 21:06:30.614000;-0.00016818259807991
15/09/2026 21:06:30.624000;-0.000168348818272217
15/09/2026 21:06:30.634000;-0.000168721380772217
15/09/2026 21:06:30.644000;-0.000169664250483756
15/09/2026 21:06:30.654000;-0.000169297419714525
15/09/2026 21:06:30.664000;-0.000169489432695294
15/09/2026 21:06:30.674000;-0.000170833523560679
15/09/2026 21:06:30.684000;-0.000169016564906833
15/09/2026 21:06:30.694000;-0.000169171321637602
15/09/2026 21:06:30.704000;-0.000170274679810679
15/09/2026 21:06:30.714000;-0.00016971010432991
15/09/2026 21:06:30.724000;-0.00016895924759914
15/09/2026 21:06:30.734000;-0.000168979308656833
15/09/2026 21:06:30.744000;-0.000169179919233756
15/09/2026 21:06:30.754000;-0.000168896198560679
15/09/2026 21:06:30.764000;-0.000169532420676063
15/09/2026 21:06:30.774000;-0.000171704746637602
15/09/2026 21:06:30.784000;-0.000167807169714525
15/09/2026 21:06:30.794000;-0.000168807356733756
15/09/2026 21:06:30.804000;-0.000169801812022217
15/09/2026 21:06:30.814000;-0.000170329131252987
15/09/2026 21:06:30.824000;-0.00016959260384914
15/09/2026 21:06:30.834000;-0.000167426009618371
15/09/2026 21:06:30.844000;-0.000169096809137602
15/09/2026 21:06:30.854000;-0.000170873645676063
15/09/2026 21:06:30.864000;-0.000170271813945294
15/09/2026 21:06:30.874000;-0.000170830657695294
15/09/2026 21:06:30.884000;-0.000168752905291448
15/09/2026 21:06:30.894000;-0.000170819194233756
15/09/2026 21:06:30.904000;-0.000168755771156833
15/09/2026 21:06:30.914000;-0.000169753092310679
15/09/2026 21:06:30.924000;-0.000169563945195294
15/09/2026 21:06:30.934000;-0.000168354550002987
15/09/2026 21:06:30.944000;-0.000169028028368371
15/09/2026 21:06:30.954000;-0.000169804677887602
15/09/2026 21:06:30.964000;-0.000170065471637602
15/09/2026 21:06:30.974000;-0.000170951024041448
15/09/2026 21:06:30.984000;-0.000168712783176063
15/09/2026 21:06:30.994000;-0.000169440712983756
15/09/2026 21:06:31.004000;-0.000170022483656833
15/09/2026 21:06:31.014000;-0.00016854942884914
15/09/2026 21:06:31.024000;-0.000171097183176063
15/09/2026 21:06:31.034000;-0.000168013512022217
15/09/2026 21:06:31.044000;-0.00017056699807991
15/09/2026 21:06:31.054000;-0.000170423704810679
15/09/2026 21:06:31.064000;-0.000170028215387602
15/09/2026 21:06:31.074000;-0.000170065471637602
15/09/2026 21:06:31.084000;-0.000169122601926063
15/09/2026 21:06:31.094000;-0.000169303151445294
15/09/2026 21:06:31.104000;-0.000169277358656833
15/09/2026 21:06:31.114000;-0.000170042544714525
15/09/2026 21:06:31.124000;-0.000171882430291448
15/09/2026 21:06:31.134000;-0.00016802784134914
15/09/2026 21:06:31.144000;-0.000169483700964525
15/09/2026 21:06:31.154000;-0.000169804677887602
15/09/2026 21:06:31.164000;-0.000168999369714525
15/09/2026 21:06:31.174000;-0.000171773527406833
15/09/2026 21:06:31.184000;-0.000167918938464525
15/09/2026 21:06:31.194000;-0.00017038071682991
15/09/2026 21:06:31.204000;-0.000169079613945294
15/09/2026 21:06:31.214000;-0.00016855516057991
15/09/2026 21:06:31.224000;-0.00017067876682991
15/09/2026 21:06:31.234000;-0.000168962113464525
15/09/2026 21:06:31.244000;-0.000169285956252987
15/09/2026 21:06:31.254000;-0.00016884747884914
15/09/2026 21:06:31.264000;-0.000168939186541448
15/09/2026 21:06:31.274000;-0.000169945105291448
15/09/2026 21:06:31.284000;-0.000169340407695294
15/09/2026 21:06:31.294000;-0.00016944357884914
15/09/2026 21:06:31.304000;-0.00017019443557991
15/09/2026 21:06:31.314000;-0.00016877869807991
15/09/2026 21:06:31.324000;-0.000171016938945294
15/09/2026 21:06:31.334000;-0.00016933181009914
15/09/2026 21:06:31.344000;-0.000169520957214525
15/09/2026 21:06:31.354000;-0.000169942239426063
15/09/2026 21:06:31.364000;-0.000169073882214525
15/09/2026 21:06:31.374000;-0.000170349192310679
15/09/2026 21:06:31.384000;-0.000169363334618371
15/09/2026 21:06:31.394000;-0.000169059552887602
15/09/2026 21:06:31.404000;-0.000169162724041448
15/09/2026 21:06:31.414000;-0.000169323212502987
15/09/2026 21:06:31.424000;-0.000171507001926063
15/09/2026 21:06:31.434000;-0.000167454668272217
15/09/2026 21:06:31.444000;-0.000168583819233756
15/09/2026 21:06:31.454000;-0.000169644189426063
15/09/2026 21:06:31.464000;-0.000168781563945294
15/09/2026 21:06:31.474000;-0.000170948158176063
15/09/2026 21:06:31.484000;-0.000168254244714525
15/09/2026 21:06:31.494000;-0.000169870592791448
15/09/2026 21:06:31.504000;-0.000168621075483756
15/09/2026 21:06:31.514000;-0.000168669795195294
15/09/2026 21:06:31.524000;-0.000171959808656833
15/09/2026 21:06:31.534000;-0.000168864674041448
15/09/2026 21:06:31.544000;-0.000170366387502987
15/09/2026 21:06:31.554000;-0.000168913393752987
15/09/2026 21:06:31.564000;-0.000169205712022217
15/09/2026 21:06:31.574000;-0.000171326452406833
15/09/2026 21:06:31.584000;-0.000168976442791448
15/09/2026 21:06:31.594000;-0.000168133878368371
15/09/2026 21:06:31.604000;-0.00016959260384914
15/09/2026 21:06:31.614000;-0.000169612664906833
15/09/2026 21:06:31.624000;-0.00017022596009914
15/09/2026 21:06:31.634000;-0.000168801625002987
15/09/2026 21:06:31.644000;-0.000168635404810679
15/09/2026 21:06:31.654000;-0.00016918851682991
15/09/2026 21:06:31.664000;-0.000169919312502986
15/09/2026 21:06:31.674000;-0.000170291875002987
15/09/2026 21:06:31.684000;-0.000168569489906833
15/09/2026 21:06:31.694000;-0.000167156618272217
15/09/2026 21:06:31.704000;-0.00017003967884914
15/09/2026 21:06:31.714000;-0.000169489432695294
15/09/2026 21:06:31.724000;-0.000171478343272217
15/09/2026 21:06:31.734000;-0.000167950462983756
15/09/2026 21:06:31.744000;-0.000168179732214525
15/09/2026 21:06:31.754000;-0.00017074754759914
15/09/2026 21:06:31.764000;-0.000169982361541448
15/09/2026 21:06:31.774000;-0.000171280598560679
15/09/2026 21:06:31.784000;-0.000168993637983756
15/09/2026 21:06:31.794000;-0.000169535286541448
15/09/2026 21:06:31.804000;-0.000169839068272217
15/09/2026 21:06:31.814000;-0.000169827604810679
15/09/2026 21:06:31.824000;-0.000172469932695294
15/09/2026 21:06:31.834000;-0.000169363334618371
15/09/2026 21:06:31.844000;-0.000170621449522217
15/09/2026 21:06:31.854000;-0.000169165589906833
15/09/2026 21:06:31.864000;-0.000169601201445294
15/09/2026 21:06:31.874000;-0.000170787669714525
15/09/2026 21:06:31.884000;-0.000168148207695294
15/09/2026 21:06:31.894000;-0.000168228451926063
15/09/2026 21:06:31.904000;-0.000168434794233756
15/09/2026 21:06:31.914000;-0.000169870592791448
15/09/2026 21:06:31.924000;-0.00017145541634914
15/09/2026 21:06:31.934000;-0.000168500709137602
15/09/2026 21:06:31.944000;-0.00016851790432991
15/09/2026 21:06:31.954000;-0.000169466505772217
15/09/2026 21:06:31.964000;-0.000170727486541448
15/09/2026 21:06:31.974000;-0.000170377850964525
15/09/2026 21:06:31.984000;-0.00016944931057991
15/09/2026 21:06:31.994000;-0.000168913393752987
15/09/2026 21:06:32.004000;-0.000169045223560679
15/09/2026 21:06:32.014000;-0.000169475103368371
15/09/2026 21:06:32.024000;-0.000170647242310679
15/09/2026 21:06:32.034000;-0.000168417599041448
15/09/2026 21:06:32.044000;-0.000170294740868371
15/09/2026 21:06:32.054000;-0.000168904796156833
15/09/2026 21:06:32.064000;-0.000169887787983756
15/09/2026 21:06:32.074000;-0.000171297793752987
15/09/2026 21:06:32.084000;-0.000168598148560679
15/09/2026 21:06:32.094000;-0.000169761689906833
15/09/2026 21:06:32.104000;-0.000168360281733756
15/09/2026 21:06:32.114000;-0.000169389127406833
15/09/2026 21:06:32.124000;-0.000170839255291448
15/09/2026 21:06:32.134000;-0.000168136744233756
15/09/2026 21:06:32.144000;-0.000169334675964525
15/09/2026 21:06:32.154000;-0.000170174374522217
15/09/2026 21:06:32.164000;-0.00016933181009914
15/09/2026 21:06:32.174000;-0.000170867913945294
15/09/2026 21:06:32.184000;-0.000168583819233756
15/09/2026 21:06:32.194000;-0.000168721380772217
15/09/2026 21:06:32.204000;-0.000168715649041448
15/09/2026 21:06:32.214000;-0.00016925729759914
15/09/2026 21:06:32.224000;-0.000172693470195294
15/09/2026 21:06:32.234000;-0.000168050768272217
15/09/2026 21:06:32.244000;-0.000170779072118371
15/09/2026 21:06:32.254000;-0.000168151073560679
15/09/2026 21:06:32.264000;-0.000169569676926063
15/09/2026 21:06:32.274000;-0.000169334675964525
15/09/2026 21:06:32.284000;-0.00016866692932991
15/09/2026 21:06:32.294000;-0.000170191569714525
15/09/2026 21:06:32.304000;-0.00016888473509914
15/09/2026 21:06:32.314000;-0.000169925044233756
15/09/2026 21:06:32.324000;-0.000172363895676063
15/09/2026 21:06:32.334000;-0.000167643815387602
15/09/2026 21:06:32.344000;-0.00016936906634914
15/09/2026 21:06:32.354000;-0.000169652787022217
15/09/2026 21:06:32.364000;-0.000169440712983756
15/09/2026 21:06:32.374000;-0.000171071390387602
15/09/2026 21:06:32.384000;-0.00016881595432991
15/09/2026 21:06:32.394000;-0.000169764555772217
15/09/2026 21:06:32.404000;-0.00016828863509914
15/09/2026 21:06:32.414000;-0.000170137118272217
15/09/2026 21:06:32.424000;-0.000170942426445294
15/09/2026 21:06:32.434000;-0.000168463452887602
15/09/2026 21:06:32.444000;-0.000168434794233756
15/09/2026 21:06:32.454000;-0.000169850531733756
15/09/2026 21:06:32.464000;-0.00016992791009914
15/09/2026 21:06:32.474000;-0.000171862369233756
15/09/2026 21:06:32.484000;-0.00016799058509914
15/09/2026 21:06:32.494000;-0.000169403456733756
15/09/2026 21:06:32.504000;-0.00017082206009914
15/09/2026 21:06:32.514000;-0.000170036812983756
15/09/2026 21:06:32.524000;-0.000170535473560679
15/09/2026 21:06:32.534000;-0.000168388940387602
15/09/2026 21:06:32.544000;-0.000170160045195294
15/09/2026 21:06:32.554000;-0.000169492298560679
15/09/2026 21:06:32.564000;-0.000169506627887602
15/09/2026 21:06:32.574000;-0.000170684498560679
15/09/2026 21:06:32.584000;-0.000168606746156833
15/09/2026 21:06:32.594000;-0.00017079053557991
15/09/2026 21:06:32.604000;-0.000169758824041448
15/09/2026 21:06:32.614000;-0.00016926302932991
15/09/2026 21:06:32.624000;-0.000170495351445294
15/09/2026 21:06:32.634000;-0.00016862967307991
15/09/2026 21:06:32.644000;-0.000169615530772217
15/09/2026 21:06:32.654000;-0.000169019430772217
15/09/2026 21:06:32.664000;-0.00017041797307991
15/09/2026 21:06:32.674000;-0.000171246208176063
15/09/2026 21:06:32.684000;-0.000168105219714525
15/09/2026 21:06:32.694000;-0.000169326078368371
15/09/2026 21:06:32.704000;-0.000169798946156833
15/09/2026 21:06:32.714000;-0.000170065471637602
15/09/2026 21:06:32.724000;-0.00017078480384914
15/09/2026 21:06:32.734000;-0.000169621262502987
15/09/2026 21:06:32.744000;-0.000168724246637602
15/09/2026 21:06:32.754000;-0.000169466505772217
15/09/2026 21:06:32.764000;-0.000169919312502986
15/09/2026 21:06:32.774000;-0.00017023169182991
15/09/2026 21:06:32.784000;-0.00016840613557991
15/09/2026 21:06:32.794000;-0.000169675713945294
15/09/2026 21:06:32.804000;-0.000169397725002987
15/09/2026 21:06:32.814000;-0.000168887600964525
15/09/2026 21:06:32.824000;-0.000171289196156833
15/09/2026 21:06:32.834000;-0.000168537965387602
15/09/2026 21:06:32.844000;-0.00016944357884914
15/09/2026 21:06:32.854000;-0.000170056874041448
15/09/2026 21:06:32.864000;-0.000169801812022217
15/09/2026 21:06:32.874000;-0.000171039865868371
15/09/2026 21:06:32.884000;-0.000167497656252987
15/09/2026 21:06:32.894000;-0.000170386448560679
15/09/2026 21:06:32.904000;-0.000168486379810679
15/09/2026 21:06:32.914000;-0.000169904983176063
15/09/2026 21:06:32.924000;-0.00017022596009914
15/09/2026 21:06:32.934000;-0.000168944918272217
15/09/2026 21:06:32.944000;-0.000169695775002987
15/09/2026 21:06:32.954000;-0.000168174000483756
15/09/2026 21:06:32.964000;-0.000169446444714525
15/09/2026 21:06:32.974000;-0.00017078480384914
15/09/2026 21:06:32.984000;-0.000169045223560679
15/09/2026 21:06:32.994000;-0.000169664250483756
15/09/2026 21:06:33.004000;-0.000169529554810679
15/09/2026 21:06:33.014000;-0.000169013699041448
15/09/2026 21:06:33.024000;-0.000171337915868371
15/09/2026 21:06:33.034000;-0.00016836314759914
15/09/2026 21:06:33.044000;-0.000169675713945294
15/09/2026 21:06:33.054000;-0.000169231504810679
15/09/2026 21:06:33.064000;-0.000169781750964525
15/09/2026 21:06:33.074000;-0.000171031268272217
15/09/2026 21:06:33.084000;-0.000168684124522217
15/09/2026 21:06:33.094000;-0.000168770100483756
15/09/2026 21:06:33.104000;-0.000168560892310679
15/09/2026 21:06:33.114000;-0.000168764368752987
15/09/2026 21:06:33.124000;-0.000170959621637602
15/09/2026 21:06:33.134000;-0.000168469184618371
15/09/2026 21:06:33.144000;-0.000169311749041448
15/09/2026 21:06:33.154000;-0.000168632538945294
15/09/2026 21:06:33.164000;-0.000168758637022217
15/09/2026 21:06:33.174000;-0.000170019617791448
15/09/2026 21:06:33.184000;-0.000168500709137602
15/09/2026 21:06:33.194000;-0.000167769913464525
15/09/2026 21:06:33.204000;-0.000169919312502986
15/09/2026 21:06:33.214000;-0.000169240102406833
15/09/2026 21:06:33.224000;-0.000170386448560679
15/09/2026 21:06:33.234000;-0.000168879003368371
15/09/2026 21:06:33.244000;-0.000168277171637602
15/09/2026 21:06:33.254000;-0.000169758824041448
15/09/2026 21:06:33.264000;-0.00016948656682991
15/09/2026 21:06:33.274000;-0.000170469558656833
15/09/2026 21:06:33.284000;-0.000168016377887602
15/09/2026 21:06:33.294000;-0.000169237236541448
15/09/2026 21:06:33.304000;-0.000170472424522217
15/09/2026 21:06:33.314000;-0.000169283090387602
15/09/2026 21:06:33.324000;-0.000169819007214525
15/09/2026 21:06:33.334000;-0.000169050955291448
15/09/2026 21:06:33.344000;-0.000169492298560679
15/09/2026 21:06:33.354000;-0.000169506627887602
15/09/2026 21:06:33.364000;-0.000169787482695294
15/09/2026 21:06:33.374000;-0.000170526875964525
15/09/2026 21:06:33.384000;-0.000168305830291448
15/09/2026 21:06:33.394000;-0.000168924857214525
15/09/2026 21:06:33.404000;-0.00017045522932991
15/09/2026 21:06:33.414000;-0.000170922365387602
15/09/2026 21:06:33.424000;-0.000171140171156833
15/09/2026 21:06:33.434000;-0.000168747173560679
15/09/2026 21:06:33.444000;-0.000169007967310679
15/09/2026 21:06:33.454000;-0.000169498030291448
15/09/2026 21:06:33.464000;-0.000170426570676063
15/09/2026 21:06:33.474000;-0.000170331997118371
15/09/2026 21:06:33.484000;-0.000168755771156833
15/09/2026 21:06:33.494000;-0.00016773552307991
15/09/2026 21:06:33.504000;-0.000168861808176063
15/09/2026 21:06:33.514000;-0.000170289009137602
15/09/2026 21:06:33.524000;-0.00017138663557991
15/09/2026 21:06:33.534000;-0.000169770287502987
15/09/2026 21:06:33.544000;-0.000168205525002987
15/09/2026 21:06:33.554000;-0.00016866692932991
15/09/2026 21:06:33.564000;-0.000170655839906833
15/09/2026 21:06:33.574000;-0.000170624315387602
15/09/2026 21:06:33.584000;-0.000168942052406833
15/09/2026 21:06:33.594000;-0.000169675713945294
15/09/2026 21:06:33.604000;-0.000169403456733756
15/09/2026 21:06:33.614000;-0.00016862394134914
15/09/2026 21:06:33.624000;-0.000170546937022217
15/09/2026 21:06:33.634000;-0.000169426383656833
15/09/2026 21:06:33.644000;-0.000170440900002987
15/09/2026 21:06:33.654000;-0.000169437847118371
15/09/2026 21:06:33.664000;-0.000168930588945294
15/09/2026 21:06:33.674000;-0.000171486940868371
15/09/2026 21:06:33.684000;-0.000168002048560679
15/09/2026 21:06:33.694000;-0.000168119549041448
15/09/2026 21:06:33.704000;-0.000169242968272217
15/09/2026 21:06:33.714000;-0.000169916446637602
15/09/2026 21:06:33.724000;-0.000171696149041448
15/09/2026 21:06:33.734000;-0.000168707051445294
15/09/2026 21:06:33.744000;-0.000168237049522217
15/09/2026 21:06:33.754000;-0.000169380529810679
15/09/2026 21:06:33.764000;-0.000167850157695294
15/09/2026 21:06:33.774000;-0.000170369253368371
15/09/2026 21:06:33.784000;-0.000169417786060679
15/09/2026 21:06:33.794000;-0.000167887413945294
15/09/2026 21:06:33.804000;-0.000167956194714525
15/09/2026 21:06:33.814000;-0.000168836015387602
15/09/2026 21:06:33.824000;-0.000170466692791448
15/09/2026 21:06:33.834000;-0.000168489245676063
15/09/2026 21:06:33.844000;-0.000169260163464525
15/09/2026 21:06:33.854000;-0.000170174374522217
15/09/2026 21:06:33.864000;-0.000169913580772217
15/09/2026 21:06:33.874000;-0.000170283277406833
15/09/2026 21:06:33.884000;-0.000169397725002987
15/09/2026 21:06:33.894000;-0.000168695587983756
15/09/2026 21:06:33.904000;-0.000169939373560679
15/09/2026 21:06:33.914000;-0.000168225586060679
15/09/2026 21:06:33.924000;-0.000170142850002987
15/09/2026 21:06:33.934000;-0.000169028028368371
15/09/2026 21:06:33.944000;-0.000167426009618371
15/09/2026 21:06:33.954000;-0.000169684311541448
15/09/2026 21:06:33.964000;-0.000168612477887602
15/09/2026 21:06:33.974000;-0.000169022296637602
15/09/2026 21:06:33.984000;-0.000168609612022217
15/09/2026 21:06:33.994000;-0.00016948656682991
15/09/2026 21:06:34.004000;-0.000169162724041448
15/09/2026 21:06:34.014000;-0.000168686990387602
15/09/2026 21:06:34.024000;-0.00017019443557991
15/09/2026 21:06:34.034000;-0.000169242968272217
15/09/2026 21:06:34.044000;-0.000170309070195294
15/09/2026 21:06:34.054000;-0.000169475103368371
15/09/2026 21:06:34.064000;-0.000168174000483756
15/09/2026 21:06:34.074000;-0.000170366387502987
15/09/2026 21:06:34.084000;-0.00016959833557991
15/09/2026 21:06:34.094000;-0.000168761502887602
15/09/2026 21:06:34.104000;-0.000169887787983756
15/09/2026 21:06:34.114000;-0.000169538152406833
15/09/2026 21:06:34.124000;-0.000170246021156833
15/09/2026 21:06:34.134000;-0.00016967284807991
15/09/2026 21:06:34.144000;-0.00016818259807991
15/09/2026 21:06:34.154000;-0.000168681258656833
15/09/2026 21:06:34.164000;-0.000169042357695294
15/09/2026 21:06:34.174000;-0.000169357602887602
15/09/2026 21:06:34.184000;-0.000168302964426063
15/09/2026 21:06:34.194000;-0.000169177053368371
15/09/2026 21:06:34.204000;-0.00016922004134914
15/09/2026 21:06:34.214000;-0.000168824551926063
15/09/2026 21:06:34.224000;-0.000170670169233756
15/09/2026 21:06:34.234000;-0.000169414920195294
15/09/2026 21:06:34.244000;-0.000168446257695294
15/09/2026 21:06:34.254000;-0.000170134252406833
15/09/2026 21:06:34.264000;-0.000169059552887602
15/09/2026 21:06:34.274000;-0.000170111325483756
15/09/2026 21:06:34.284000;-0.000170085532695294
15/09/2026 21:06:34.294000;-0.00016922577307991
15/09/2026 21:06:34.304000;-0.000168913393752987
15/09/2026 21:06:34.314000;-0.000169813275483756
15/09/2026 21:06:34.324000;-0.000169690043272217
15/09/2026 21:06:34.334000;-0.000168589550964525
15/09/2026 21:06:34.344000;-0.000170091264426063
15/09/2026 21:06:34.354000;-0.000169543884137602
15/09/2026 21:06:34.364000;-0.000170016751926063
15/09/2026 21:06:34.374000;-0.00017049248557991
15/09/2026 21:06:34.384000;-0.000168497843272217
15/09/2026 21:06:34.394000;-0.00016944357884914
15/09/2026 21:06:34.404000;-0.000169354737022217
15/09/2026 21:06:34.414000;-0.000169085345676063
15/09/2026 21:06:34.424000;-0.000171764929810679
15/09/2026 21:06:34.434000;-0.000169194248560679
15/09/2026 21:06:34.444000;-0.000169122601926063
15/09/2026 21:06:34.454000;-0.000169910714906833
15/09/2026 21:06:34.464000;-0.000169194248560679
15/09/2026 21:06:34.474000;-0.00016982187307991
15/09/2026 21:06:34.484000;-0.000167941865387602
15/09/2026 21:06:34.494000;-0.000170684498560679
15/09/2026 21:06:34.504000;-0.000168612477887602
15/09/2026 21:06:34.514000;-0.000169575408656833
15/09/2026 21:06:34.524000;-0.000170942426445294
15/09/2026 21:06:34.534000;-0.000168987906252987
15/09/2026 21:06:34.544000;-0.000168721380772217
15/09/2026 21:06:34.554000;-0.000168305830291448
15/09/2026 21:06:34.564000;-0.000168864674041448
15/09/2026 21:06:34.574000;-0.000172091638464525
15/09/2026 21:06:34.584000;-0.00016907674807991
15/09/2026 21:06:34.594000;-0.000169346139426063
15/09/2026 21:06:34.604000;-0.000169529554810679
15/09/2026 21:06:34.614000;-0.000170271813945294
15/09/2026 21:06:34.624000;-0.000171767795676063
15/09/2026 21:06:34.634000;-0.000167738388945294
15/09/2026 21:06:34.644000;-0.000169174187502987
15/09/2026 21:06:34.654000;-0.000169440712983756
15/09/2026 21:06:34.664000;-0.000167718327887602
15/09/2026 21:06:34.674000;-0.000170165776926063
15/09/2026 21:06:34.684000;-0.000169733031252987
15/09/2026 21:06:34.694000;-0.000168904796156833
15/09/2026 21:06:34.704000;-0.000168881869233756
15/09/2026 21:06:34.714000;-0.000168790161541448
15/09/2026 21:06:34.724000;-0.000170569863945294
15/09/2026 21:06:34.734000;-0.000168156805291448
15/09/2026 21:06:34.744000;-0.000168712783176063
15/09/2026 21:06:34.754000;-0.000168827417791448
15/09/2026 21:06:34.764000;-0.000169234370676063
15/09/2026 21:06:34.774000;-0.000169354737022217
15/09/2026 21:06:34.784000;-0.000168007780291448
15/09/2026 21:06:34.794000;-0.000169701506733756
15/09/2026 21:06:34.804000;-0.000169056687022217
15/09/2026 21:06:34.814000;-0.000169194248560679
15/09/2026 21:06:34.824000;-0.00017116309807991
15/09/2026 21:06:34.834000;-0.000169234370676063
15/09/2026 21:06:34.844000;-0.000169016564906833
15/09/2026 21:06:34.854000;-0.000169601201445294
15/09/2026 21:06:34.864000;-0.000169861995195294
15/09/2026 21:06:34.874000;-0.000170191569714525
15/09/2026 21:06:34.884000;-0.000169652787022217
15/09/2026 21:06:34.894000;-0.00016977888509914
15/09/2026 21:06:34.904000;-0.000169432115387602
15/09/2026 21:06:34.914000;-0.000169506627887602
15/09/2026 21:06:34.924000;-0.000170139984137602
15/09/2026 21:06:34.934000;-0.000168348818272217
15/09/2026 21:06:34.944000;-0.000169678579810679
15/09/2026 21:06:34.954000;-0.000169515225483756
15/09/2026 21:06:34.964000;-0.000168798759137602
15/09/2026 21:06:34.974000;-0.000168936320676063
15/09/2026 21:06:34.984000;-0.00016941205432991
15/09/2026 21:06:34.994000;-0.000169245834137602
15/09/2026 21:06:35.004000;-0.000169366200483756
15/09/2026 21:06:35.014000;-0.000169675713945294
15/09/2026 21:06:35.024000;-0.000170028215387602
15/09/2026 21:06:35.034000;-0.000168174000483756
15/09/2026 21:06:35.044000;-0.000170661571637602
15/09/2026 21:06:35.054000;-0.000169165589906833
15/09/2026 21:06:35.064000;-0.000168340220676063
15/09/2026 21:06:35.074000;-0.000171034134137602
15/09/2026 21:06:35.084000;-0.000168449123560679
15/09/2026 21:06:35.094000;-0.000170481022118371
15/09/2026 21:06:35.104000;-0.000168709917310679
15/09/2026 21:06:35.114000;-0.000169053821156833
15/09/2026 21:06:35.124000;-0.00017064151057991
15/09/2026 21:06:35.134000;-0.000167712596156833
15/09/2026 21:06:35.144000;-0.000169351871156833
15/09/2026 21:06:35.154000;-0.000169692909137602
15/09/2026 21:06:35.164000;-0.00016803357307991
15/09/2026 21:06:35.174000;-0.00016959260384914
15/09/2026 21:06:35.184000;-0.000169105406733756
15/09/2026 21:06:35.194000;-0.000170354924041448
15/09/2026 21:06:35.204000;-0.000169346139426063
15/09/2026 21:06:35.214000;-0.000168328757214525
15/09/2026 21:06:35.224000;-0.000170876511541448
15/09/2026 21:06:35.234000;-0.000168913393752987
15/09/2026 21:06:35.244000;-0.000169199980291448
15/09/2026 21:06:35.254000;-0.000169687177406833
15/09/2026 21:06:35.264000;-0.00016915126057991
15/09/2026 21:06:35.274000;-0.000171266269233756
15/09/2026 21:06:35.284000;-0.000168919125483756
15/09/2026 21:06:35.294000;-0.000169472237502987
15/09/2026 21:06:35.304000;-0.000169251565868371
15/09/2026 21:06:35.314000;-0.00016739448509914
15/09/2026 21:06:35.324000;-0.000171286330291448
15/09/2026 21:06:35.334000;-0.000169664250483756
15/09/2026 21:06:35.344000;-0.000169601201445294
15/09/2026 21:06:35.354000;-0.000168237049522217
15/09/2026 21:06:35.364000;-0.000169251565868371
15/09/2026 21:06:35.374000;-0.000170366387502987
15/09/2026 21:06:35.384000;-0.000169584006252987
15/09/2026 21:06:35.394000;-0.00016851217259914
15/09/2026 21:06:35.404000;-0.00016821985432991
15/09/2026 21:06:35.414000;-0.000167500522118371
15/09/2026 21:06:35.424000;-0.000170438034137602
15/09/2026 21:06:35.434000;-0.00016829436682991
15/09/2026 21:06:35.444000;-0.000169483700964525
15/09/2026 21:06:35.454000;-0.000169085345676063
15/09/2026 21:06:35.464000;-0.00016676686057991
15/09/2026 21:06:35.474000;-0.000171378037983756
15/09/2026 21:06:35.484000;-0.000167715462022217
15/09/2026 21:06:35.494000;-0.000171630234137602
15/09/2026 21:06:35.504000;-0.000168936320676063
15/09/2026 21:06:35.514000;-0.000167941865387602
15/09/2026 21:06:35.524000;-0.00016985912932991
15/09/2026 21:06:35.534000;-0.000168374611060679
15/09/2026 21:06:35.544000;-0.000168403269714525
15/09/2026 21:06:35.554000;-0.000168844612983756
15/09/2026 21:06:35.564000;-0.000169836202406833
15/09/2026 21:06:35.574000;-0.00016978461682991
15/09/2026 21:06:35.584000;-0.000169492298560679
15/09/2026 21:06:35.594000;-0.00016959833557991
15/09/2026 21:06:35.604000;-0.000168953515868371
15/09/2026 21:06:35.614000;-0.00016784729182991
15/09/2026 21:06:35.624000;-0.00017041797307991
15/09/2026 21:06:35.634000;-0.00016866692932991
15/09/2026 21:06:35.644000;-0.000168351684137602
15/09/2026 21:06:35.654000;-0.000169440712983756
15/09/2026 21:06:35.664000;-0.000169102540868371
15/09/2026 21:06:35.674000;-0.000169234370676063
15/09/2026 21:06:35.684000;-0.000168572355772217
15/09/2026 21:06:35.694000;-0.000169712970195294
15/09/2026 21:06:35.704000;-0.000168709917310679
15/09/2026 21:06:35.714000;-0.000169016564906833
15/09/2026 21:06:35.724000;-0.000171549989906833
15/09/2026 21:06:35.734000;-0.000169836202406833
15/09/2026 21:06:35.744000;-0.00016922577307991
15/09/2026 21:06:35.754000;-0.000169695775002987
15/09/2026 21:06:35.764000;-0.000168007780291448
15/09/2026 21:06:35.774000;-0.00016929455384914
15/09/2026 21:06:35.784000;-0.000170096996156833
15/09/2026 21:06:35.794000;-0.000170108459618371
15/09/2026 21:06:35.804000;-0.000169268761060679
15/09/2026 21:06:35.814000;-0.000168795893272217
15/09/2026 21:06:35.824000;-0.000170830657695294
15/09/2026 21:06:35.834000;-0.000169354737022217
15/09/2026 21:06:35.844000;-0.000169919312502986
15/09/2026 21:06:35.854000;-0.000169956568752987
15/09/2026 21:06:35.864000;-0.000167898877406833
15/09/2026 21:06:35.874000;-0.000169884922118371
15/09/2026 21:06:35.884000;-0.000169947971156833
15/09/2026 21:06:35.894000;-0.000169156992310679
15/09/2026 21:06:35.904000;-0.000169612664906833
15/09/2026 21:06:35.914000;-0.000167039117791448
15/09/2026 21:06:35.924000;-0.000170386448560679
15/09/2026 21:06:35.934000;-0.000170171508656833
15/09/2026 21:06:35.944000;-0.000169669982214525
15/09/2026 21:06:35.954000;-0.000168707051445294
15/09/2026 21:06:35.964000;-0.000167334301926063
15/09/2026 21:06:35.974000;-0.000170856450483756
15/09/2026 21:06:35.984000;-0.000169242968272217
15/09/2026 21:06:35.994000;-0.000168305830291448
15/09/2026 21:06:36.004000;-0.00016977888509914
15/09/2026 21:06:36.014000;-0.00016859241682991
15/09/2026 21:06:36.024000;-0.00017004541057991
15/09/2026 21:06:36.034000;-0.000168675526926063
15/09/2026 21:06:36.044000;-0.000170377850964525
15/09/2026 21:06:36.054000;-0.00017019443557991
15/09/2026 21:06:36.064000;-0.000167446070676063
15/09/2026 21:06:36.074000;-0.000170435168272217
15/09/2026 21:06:36.084000;-0.000169755958176063
15/09/2026 21:06:36.094000;-0.000169403456733756
15/09/2026 21:06:36.104000;-0.000169495164426063
15/09/2026 21:06:36.114000;-0.000168409001445294
15/09/2026 21:06:36.124000;-0.000170440900002987
15/09/2026 21:06:36.134000;-0.000168876137502987
15/09/2026 21:06:36.144000;-0.000169526688945294
15/09/2026 21:06:36.154000;-0.000168821686060679
15/09/2026 21:06:36.164000;-0.000168818820195294
15/09/2026 21:06:36.174000;-0.000170088398560679
15/09/2026 21:06:36.184000;-0.00016996516634914
15/09/2026 21:06:36.194000;-0.000170108459618371
15/09/2026 21:06:36.204000;-0.00016881022259914
15/09/2026 21:06:36.214000;-0.000165998808656833
15/09/2026 21:06:36.224000;-0.000169288822118371
15/09/2026 21:06:36.234000;-0.000169813275483756
15/09/2026 21:06:36.244000;-0.000169695775002987
15/09/2026 21:06:36.254000;-0.000169790348560679
15/09/2026 21:06:36.264000;-0.000168391806252987
15/09/2026 21:06:36.274000;-0.00017112584182991
15/09/2026 21:06:36.284000;-0.000169366200483756
15/09/2026 21:06:36.294000;-0.000168526501926063
15/09/2026 21:06:36.304000;-0.000169804677887602
15/09/2026 21:06:36.314000;-0.000167913206733756
15/09/2026 21:06:36.324000;-0.000170541205291448
15/09/2026 21:06:36.334000;-0.000169056687022217
15/09/2026 21:06:36.344000;-0.000168732844233756
15/09/2026 21:06:36.354000;-0.000167798572118371
15/09/2026 21:06:36.364000;-0.000169535286541448
15/09/2026 21:06:36.374000;-0.000170013886060679
15/09/2026 21:06:36.384000;-0.000170005288464525
15/09/2026 21:06:36.394000;-0.000169884922118371
15/09/2026 21:06:36.404000;-0.00016997089807991
15/09/2026 21:06:36.414000;-0.00016617076057991
15/09/2026 21:06:36.424000;-0.000170475290387602
15/09/2026 21:06:36.434000;-0.000168022109618371
15/09/2026 21:06:36.444000;-0.000168411867310679
15/09/2026 21:06:36.454000;-0.000169030894233756
15/09/2026 21:06:36.464000;-0.000168466318752987
15/09/2026 21:06:36.474000;-0.00017090230432991
15/09/2026 21:06:36.484000;-0.000169283090387602
15/09/2026 21:06:36.494000;-0.000169432115387602
15/09/2026 21:06:36.504000;-0.000169867726926063
15/09/2026 21:06:36.514000;-0.00016772979134914
15/09/2026 21:06:36.524000;-0.00017030047259914
15/09/2026 21:06:36.534000;-0.000168225586060679
15/09/2026 21:06:36.544000;-0.000170819194233756
15/09/2026 21:06:36.554000;-0.000168669795195294
15/09/2026 21:06:36.564000;-0.000168366013464525
15/09/2026 21:06:36.574000;-0.000170369253368371
15/09/2026 21:06:36.584000;-0.000167572168752987
15/09/2026 21:06:36.594000;-0.000168910527887602
15/09/2026 21:06:36.604000;-0.000168781563945294
15/09/2026 21:06:36.614000;-0.000167761315868371
15/09/2026 21:06:36.624000;-0.000169079613945294
15/09/2026 21:06:36.634000;-0.000168609612022217
15/09/2026 21:06:36.644000;-0.000171246208176063
15/09/2026 21:06:36.654000;-0.00016922004134914
15/09/2026 21:06:36.664000;-0.000169477969233756
15/09/2026 21:06:36.674000;-0.000170916633656833
15/09/2026 21:06:36.684000;-0.000169025162502987
15/09/2026 21:06:36.694000;-0.000169050955291448
15/09/2026 21:06:36.704000;-0.000169217175483756
15/09/2026 21:06:36.714000;-0.000168494977406833
15/09/2026 21:06:36.724000;-0.000169526688945294
15/09/2026 21:06:36.734000;-0.000168056500002987
15/09/2026 21:06:36.744000;-0.000169194248560679
15/09/2026 21:06:36.754000;-0.000170985414426063
15/09/2026 21:06:36.764000;-0.000168681258656833
15/09/2026 21:06:36.774000;-0.00017078480384914
15/09/2026 21:06:36.784000;-0.000170429436541448
15/09/2026 21:06:36.794000;-0.000169228638945294
15/09/2026 21:06:36.804000;-0.000170182972118371
15/09/2026 21:06:36.814000;-0.00016702192259914
15/09/2026 21:06:36.824000;-0.000170779072118371
15/09/2026 21:06:36.834000;-0.000168497843272217
15/09/2026 21:06:36.844000;-0.000170506814906833
15/09/2026 21:06:36.854000;-0.000170340594714525
15/09/2026 21:06:36.864000;-0.000167265521156833
15/09/2026 21:06:36.874000;-0.00017015717932991
15/09/2026 21:06:36.884000;-0.000168993637983756
15/09/2026 21:06:36.894000;-0.000169208577887602
15/09/2026 21:06:36.904000;-0.000169357602887602
15/09/2026 21:06:36.914000;-0.000167440338945294
15/09/2026 21:06:36.924000;-0.000170638644714525
15/09/2026 21:06:36.934000;-0.000169274492791448
15/09/2026 21:06:36.944000;-0.000169351871156833
15/09/2026 21:06:36.954000;-0.000169644189426063
15/09/2026 21:06:36.964000;-0.000167557839426063
15/09/2026 21:06:36.974000;-0.000171412428368371
15/09/2026 21:06:36.984000;-0.000170609986060679
15/09/2026 21:06:36.994000;-0.000168767234618371
15/09/2026 21:06:37.004000;-0.00016817686634914
15/09/2026 21:06:37.014000;-0.000169437847118371
15/09/2026 21:06:37.024000;-0.000169532420676063
15/09/2026 21:06:37.034000;-0.000170512546637602
15/09/2026 21:06:37.044000;-0.000169463639906833
15/09/2026 21:06:37.054000;-0.000169440712983756
15/09/2026 21:06:37.064000;-0.000168159671156833
15/09/2026 21:06:37.074000;-0.00016918851682991
15/09/2026 21:06:37.084000;-0.000171249074041448
15/09/2026 21:06:37.094000;-0.000168896198560679
15/09/2026 21:06:37.104000;-0.000169351871156833
15/09/2026 21:06:37.114000;-0.000167924670195294
15/09/2026 21:06:37.124000;-0.000169839068272217
15/09/2026 21:06:37.134000;-0.000169053821156833
15/09/2026 21:06:37.144000;-0.000169005101445294
15/09/2026 21:06:37.154000;-0.000169936507695294
15/09/2026 21:06:37.164000;-0.000166566250002987
15/09/2026 21:06:37.174000;-0.000170793401445294
15/09/2026 21:06:37.184000;-0.000169569676926063
15/09/2026 21:06:37.194000;-0.000169045223560679
15/09/2026 21:06:37.204000;-0.000169420651926063
15/09/2026 21:06:37.214000;-0.000168489245676063
15/09/2026 21:06:37.224000;-0.000169122601926063
15/09/2026 21:06:37.234000;-0.000170214496637602
15/09/2026 21:06:37.244000;-0.000169007967310679
15/09/2026 21:06:37.254000;-0.00016836314759914
15/09/2026 21:06:37.264000;-0.000168560892310679
15/09/2026 21:06:37.274000;-0.000170440900002987
15/09/2026 21:06:37.284000;-0.000169265895195294
15/09/2026 21:06:37.294000;-0.000168494977406833
15/09/2026 21:06:37.304000;-0.000167675339906833
15/09/2026 21:06:37.314000;-0.000168311562022217
15/09/2026 21:06:37.324000;-0.000169959434618371
15/09/2026 21:06:37.334000;-0.000169466505772217
15/09/2026 21:06:37.344000;-0.000169148394714525
15/09/2026 21:06:37.354000;-0.000169733031252987
15/09/2026 21:06:37.364000;-0.000169050955291448
15/09/2026 21:06:37.374000;-0.000171400964906833
15/09/2026 21:06:37.384000;-0.000169099675002987
15/09/2026 21:06:37.394000;-0.000170248887022217
15/09/2026 21:06:37.404000;-0.000168397537983756
15/09/2026 21:06:37.414000;-0.000167824364906833
15/09/2026 21:06:37.424000;-0.000170592790868371
15/09/2026 21:06:37.434000;-0.000169311749041448
15/09/2026 21:06:37.444000;-0.000169950837022217
15/09/2026 21:06:37.454000;-0.000168924857214525
15/09/2026 21:06:37.464000;-0.000168646868272217
15/09/2026 21:06:37.474000;-0.000170016751926063
15/09/2026 21:06:37.484000;-0.000169125467791448
15/09/2026 21:06:37.494000;-0.000169695775002987
15/09/2026 21:06:37.504000;-0.000167950462983756
15/09/2026 21:06:37.514000;-0.000167082105772217
15/09/2026 21:06:37.524000;-0.000169715836060679
15/09/2026 21:06:37.534000;-0.000169526688945294
15/09/2026 21:06:37.544000;-0.000169082479810679
15/09/2026 21:06:37.554000;-0.000169105406733756
15/09/2026 21:06:37.564000;-0.00016735722884914
15/09/2026 21:06:37.574000;-0.000170366387502987
15/09/2026 21:06:37.584000;-0.000168314427887602
15/09/2026 21:06:37.594000;-0.000169242968272217
15/09/2026 21:06:37.604000;-0.000170801999041448
15/09/2026 21:06:37.614000;-0.000169618396637602
15/09/2026 21:06:37.624000;-0.000171317854810679
15/09/2026 21:06:37.634000;-0.000167583632214525
15/09/2026 21:06:37.644000;-0.000167219667310679
15/09/2026 21:06:37.654000;-0.000169437847118371
15/09/2026 21:06:37.664000;-0.000168893332695294
15/09/2026 21:06:37.674000;-0.000169380529810679
15/09/2026 21:06:37.684000;-0.000169644189426063
15/09/2026 21:06:37.694000;-0.000168830283656833
15/09/2026 21:06:37.704000;-0.000169744494714525
15/09/2026 21:06:37.714000;-0.000167383021637602
15/09/2026 21:06:37.724000;-0.000169867726926063
15/09/2026 21:06:37.734000;-0.000169139797118371
15/09/2026 21:06:37.744000;-0.000169045223560679
15/09/2026 21:06:37.754000;-0.000169426383656833
15/09/2026 21:06:37.764000;-0.000169148394714525
15/09/2026 21:06:37.774000;-0.000169959434618371
15/09/2026 21:06:37.784000;-0.00017026321634914
15/09/2026 21:06:37.794000;-0.000170028215387602
15/09/2026 21:06:37.804000;-0.00016971010432991
15/09/2026 21:06:37.814000;-0.000167890279810679
15/09/2026 21:06:37.824000;-0.000170025349522217
15/09/2026 21:06:37.834000;-0.000168684124522217
15/09/2026 21:06:37.844000;-0.000169134065387602
15/09/2026 21:06:37.854000;-0.000168472050483756
15/09/2026 21:06:37.864000;-0.000168486379810679
15/09/2026 21:06:37.874000;-0.000170108459618371
15/09/2026 21:06:37.884000;-0.000169423517791448
15/09/2026 21:06:37.894000;-0.000168833149522217
15/09/2026 21:06:37.904000;-0.000170056874041448
15/09/2026 21:06:37.914000;-0.000167583632214525
15/09/2026 21:06:37.924000;-0.000170182972118371
15/09/2026 21:06:37.934000;-0.000169102540868371
15/09/2026 21:06:37.944000;-0.00016940632259914
15/09/2026 21:06:37.954000;-0.000169240102406833
15/09/2026 21:06:37.964000;-0.000167864487022217
15/09/2026 21:06:37.974000;-0.000170478156252987
15/09/2026 21:06:37.984000;-0.000169604067310679
15/09/2026 21:06:37.994000;-0.000168821686060679
15/09/2026 21:06:38.004000;-0.000170913767791448
15/09/2026 21:06:38.014000;-0.000168615343752987
15/09/2026 21:06:38.024000;-0.000170996877887602
15/09/2026 21:06:38.034000;-0.000169770287502987
15/09/2026 21:06:38.044000;-0.000169434981252987
15/09/2026 21:06:38.054000;-0.000168770100483756
15/09/2026 21:06:38.064000;-0.000169082479810679
15/09/2026 21:06:38.074000;-0.000169446444714525
15/09/2026 21:06:38.084000;-0.000168314427887602
15/09/2026 21:06:38.094000;-0.00016951809134914
15/09/2026 21:06:38.104000;-0.000169979495676063
15/09/2026 21:06:38.114000;-0.000168082292791448
15/09/2026 21:06:38.124000;-0.00016858668509914
15/09/2026 21:06:38.134000;-0.00016944931057991
15/09/2026 21:06:38.144000;-0.000167334301926063
15/09/2026 21:06:38.154000;-0.000168795893272217
15/09/2026 21:06:38.164000;-0.000167256923560679
15/09/2026 21:06:38.174000;-0.000169767421637602
15/09/2026 21:06:38.184000;-0.000169162724041448
15/09/2026 21:06:38.194000;-0.000169377663945294
15/09/2026 21:06:38.204000;-0.00016903949182991
15/09/2026 21:06:38.214000;-0.000167062044714525
15/09/2026 21:06:38.224000;-0.000170297606733756
15/09/2026 21:06:38.234000;-0.000169882056252987
15/09/2026 21:06:38.244000;-0.000168560892310679
15/09/2026 21:06:38.254000;-0.000169191382695294
15/09/2026 21:06:38.264000;-0.000166904422118371
15/09/2026 21:06:38.274000;-0.00016981614134914
15/09/2026 21:06:38.284000;-0.000169538152406833
15/09/2026 21:06:38.294000;-0.00016930028557991
15/09/2026 21:06:38.304000;-0.000168899064426063
15/09/2026 21:06:38.314000;-0.000166795519233756
15/09/2026 21:06:38.324000;-0.000169798946156833
15/09/2026 21:06:38.334000;-0.000168391806252987
15/09/2026 21:06:38.344000;-0.000169506627887602
15/09/2026 21:06:38.354000;-0.00016866692932991
15/09/2026 21:06:38.364000;-0.00016848064807991
15/09/2026 21:06:38.374000;-0.00016877869807991
15/09/2026 21:06:38.384000;-0.000170331997118371
15/09/2026 21:06:38.394000;-0.000169609799041448
15/09/2026 21:06:38.404000;-0.000168879003368371
15/09/2026 21:06:38.414000;-0.000168153939426063
15/09/2026 21:06:38.424000;-0.000168833149522217
15/09/2026 21:06:38.434000;-0.000169197114426063
15/09/2026 21:06:38.444000;-0.000169887787983756
15/09/2026 21:06:38.454000;-0.00016866692932991
15/09/2026 21:06:38.464000;-0.00016896497932991
15/09/2026 21:06:38.474000;-0.000170271813945294
15/09/2026 21:06:38.484000;-0.000170022483656833
15/09/2026 21:06:38.494000;-0.000169615530772217
15/09/2026 21:06:38.504000;-0.000171352245195294
15/09/2026 21:06:38.514000;-0.00016784156009914
15/09/2026 21:06:38.524000;-0.000170432302406833
15/09/2026 21:06:38.534000;-0.000168836015387602
15/09/2026 21:06:38.544000;-0.000169440712983756
15/09/2026 21:06:38.554000;-0.000169437847118371
15/09/2026 21:06:38.564000;-0.000167976255772217
15/09/2026 21:06:38.574000;-0.000169334675964525
15/09/2026 21:06:38.584000;-0.000168686990387602
15/09/2026 21:06:38.594000;-0.000169913580772217
15/09/2026 21:06:38.604000;-0.000168575221637602
15/09/2026 21:06:38.614000;-0.000168881869233756
15/09/2026 21:06:38.624000;-0.00016956107932991
15/09/2026 21:06:38.634000;-0.000169882056252987
15/09/2026 21:06:38.644000;-0.000169045223560679
15/09/2026 21:06:38.654000;-0.000168821686060679
15/09/2026 21:06:38.664000;-0.000167426009618371
15/09/2026 21:06:38.674000;-0.000169787482695294
15/09/2026 21:06:38.684000;-0.000170142850002987
15/09/2026 21:06:38.694000;-0.000169288822118371
15/09/2026 21:06:38.704000;-0.00016940632259914
15/09/2026 21:06:38.714000;-0.000168131012502987
15/09/2026 21:06:38.724000;-0.00017063577884914
15/09/2026 21:06:38.734000;-0.000169245834137602
15/09/2026 21:06:38.744000;-0.000169159858176063
15/09/2026 21:06:38.754000;-0.000169125467791448
15/09/2026 21:06:38.764000;-0.000167285582214525
15/09/2026 21:06:38.774000;-0.000169383395676063
15/09/2026 21:06:38.784000;-0.000169222907214525
15/09/2026 21:06:38.794000;-0.00016907101634914
15/09/2026 21:06:38.804000;-0.000169334675964525
15/09/2026 21:06:38.814000;-0.000167981987502987
15/09/2026 21:06:38.824000;-0.000168795893272217
15/09/2026 21:06:38.834000;-0.000169755958176063
15/09/2026 21:06:38.844000;-0.000168715649041448
15/09/2026 21:06:38.854000;-0.000169638457695294
15/09/2026 21:06:38.864000;-0.000169328944233756
15/09/2026 21:06:38.874000;-0.000168881869233756
15/09/2026 21:06:38.884000;-0.000169959434618371
15/09/2026 21:06:38.894000;-0.00016825137884914
15/09/2026 21:06:38.904000;-0.00016907101634914
15/09/2026 21:06:38.914000;-0.00016676112884914
15/09/2026 21:06:38.924000;-0.000170890840868371
15/09/2026 21:06:38.934000;-0.000170028215387602
15/09/2026 21:06:38.944000;-0.00016907101634914
15/09/2026 21:06:38.954000;-0.000169979495676063
15/09/2026 21:06:38.964000;-0.000167827230772217
15/09/2026 21:06:38.974000;-0.000170555534618371
15/09/2026 21:06:38.984000;-0.000167956194714525
15/09/2026 21:06:38.994000;-0.000169879190387602
15/09/2026 21:06:39.004000;-0.000170182972118371
15/09/2026 21:06:39.014000;-0.000167976255772217
15/09/2026 21:06:39.024000;-0.000168784429810679
15/09/2026 21:06:39.034000;-0.000169354737022217
15/09/2026 21:06:39.044000;-0.000168970711060679
15/09/2026 21:06:39.054000;-0.000169240102406833
15/09/2026 21:06:39.064000;-0.000167523449041448
15/09/2026 21:06:39.074000;-0.000170125654810679
15/09/2026 21:06:39.084000;-0.000169844800002987
15/09/2026 21:06:39.094000;-0.000169205712022217
15/09/2026 21:06:39.104000;-0.000169495164426063
15/09/2026 21:06:39.114000;-0.000168199793272217
15/09/2026 21:06:39.124000;-0.000170627181252986
15/09/2026 21:06:39.134000;-0.00016881595432991
15/09/2026 21:06:39.144000;-0.000169959434618371
15/09/2026 21:06:39.154000;-0.00016889046682991
15/09/2026 21:06:39.164000;-0.000168007780291448
15/09/2026 21:06:39.174000;-0.000169541018272217
15/09/2026 21:06:39.184000;-0.000170148581733756
15/09/2026 21:06:39.194000;-0.000169386261541448
15/09/2026 21:06:39.204000;-0.000168936320676063
15/09/2026 21:06:39.214000;-0.000167374424041448
15/09/2026 21:06:39.224000;-0.000169755958176063
15/09/2026 21:06:39.234000;-0.000170160045195294
15/09/2026 21:06:39.244000;-0.000168655465868371
15/09/2026 21:06:39.254000;-0.000169463639906833
15/09/2026 21:06:39.264000;-0.000169638457695294
15/09/2026 21:06:39.274000;-0.000170661571637602
15/09/2026 21:06:39.284000;-0.000170122788945294
15/09/2026 21:06:39.294000;-0.000169638457695294
15/09/2026 21:06:39.304000;-0.000169386261541448
15/09/2026 21:06:39.314000;-0.000168234183656833
15/09/2026 21:06:39.324000;-0.000170366387502987
15/09/2026 21:06:39.334000;-0.000169489432695294
15/09/2026 21:06:39.344000;-0.000169463639906833
15/09/2026 21:06:39.354000;-0.000168870405772217
15/09/2026 21:06:39.364000;-0.000168291500964525
15/09/2026 21:06:39.374000;-0.000169649921156833
15/09/2026 21:06:39.384000;-0.00017023169182991
15/09/2026 21:06:39.394000;-0.000169581140387602
15/09/2026 21:06:39.404000;-0.000169423517791448
15/09/2026 21:06:39.414000;-0.000168340220676063
15/09/2026 21:06:39.424000;-0.000169589737983756
15/09/2026 21:06:39.434000;-0.000169790348560679
15/09/2026 21:06:39.444000;-0.000169105406733756
15/09/2026 21:06:39.454000;-0.000169403456733756
15/09/2026 21:06:39.464000;-0.000166918751445294
15/09/2026 21:06:39.474000;-0.000169796080291448
15/09/2026 21:06:39.484000;-0.000169764555772217
15/09/2026 21:06:39.494000;-0.000168297232695294
15/09/2026 21:06:39.504000;-0.000170311936060679
15/09/2026 21:06:39.514000;-0.000168211256733756
15/09/2026 21:06:39.524000;-0.000170180106252987
15/09/2026 21:06:39.534000;-0.000169796080291448
15/09/2026 21:06:39.544000;-0.000169403456733756
15/09/2026 21:06:39.554000;-0.00016892772307991
15/09/2026 21:06:39.564000;-0.00016717667932991
15/09/2026 21:06:39.574000;-0.000170887975002987
15/09/2026 21:06:39.584000;-0.000168715649041448
15/09/2026 21:06:39.594000;-0.00016989638557991
15/09/2026 21:06:39.604000;-0.000169589737983756
15/09/2026 21:06:39.614000;-0.000167583632214525
15/09/2026 21:06:39.624000;-0.000170572729810679
15/09/2026 21:06:39.634000;-0.000168520770195294
15/09/2026 21:06:39.644000;-0.000169724433656833
15/09/2026 21:06:39.654000;-0.000169323212502987
15/09/2026 21:06:39.664000;-0.000167944731252987
15/09/2026 21:06:39.674000;-0.000170670169233756
15/09/2026 21:06:39.684000;-0.000169884922118371
15/09/2026 21:06:39.694000;-0.000168850344714525
15/09/2026 21:06:39.704000;-0.000170174374522217
15/09/2026 21:06:39.714000;-0.00016848064807991
15/09/2026 21:06:39.724000;-0.000169804677887602
15/09/2026 21:06:39.734000;-0.000170234557695294
15/09/2026 21:06:39.744000;-0.000170251752887602
15/09/2026 21:06:39.754000;-0.000169758824041448
15/09/2026 21:06:39.764000;-0.000168067963464525
15/09/2026 21:06:39.774000;-0.000169566811060679
15/09/2026 21:06:39.784000;-0.000169343273560679
15/09/2026 21:06:39.794000;-0.000169214309618371
15/09/2026 21:06:39.804000;-0.00017030047259914
15/09/2026 21:06:39.814000;-0.000168970711060679
15/09/2026 21:06:39.824000;-0.000169979495676063
15/09/2026 21:06:39.834000;-0.000168930588945294
15/09/2026 21:06:39.844000;-0.00016963559182991
15/09/2026 21:06:39.854000;-0.00016941205432991
15/09/2026 21:06:39.864000;-0.000168864674041448
15/09/2026 21:06:39.874000;-0.000169529554810679
15/09/2026 21:06:39.884000;-0.000169222907214525
15/09/2026 21:06:39.894000;-0.000168096622118371
15/09/2026 21:06:39.904000;-0.00016825137884914
15/09/2026 21:06:39.914000;-0.00016702765432991
15/09/2026 21:06:39.924000;-0.00016781003557991
15/09/2026 21:06:39.934000;-0.000168755771156833
15/09/2026 21:06:39.944000;-0.00016899650384914
15/09/2026 21:06:39.954000;-0.000170392180291448
15/09/2026 21:06:39.964000;-0.00016777277932991
15/09/2026 21:06:39.974000;-0.000169440712983756
15/09/2026 21:06:39.984000;-0.00017048675384914
15/09/2026 21:06:39.994000;-0.000168609612022217
15/09/2026 21:06:40.004000;-0.000169323212502987
15/09/2026 21:06:40.014000;-0.000167755584137602
15/09/2026 21:06:40.024000;-0.000169807543752986
15/09/2026 21:06:40.034000;-0.000169417786060679
15/09/2026 21:06:40.044000;-0.000168838881252987
15/09/2026 21:06:40.054000;-0.00016855516057991
15/09/2026 21:06:40.064000;-0.000167268387022217
15/09/2026 21:06:40.074000;-0.000169171321637602
15/09/2026 21:06:40.084000;-0.000170234557695294
15/09/2026 21:06:40.094000;-0.000170280411541448
15/09/2026 21:06:40.104000;-0.000170111325483756
15/09/2026 21:06:40.114000;-0.000169297419714525
15/09/2026 21:06:40.124000;-0.000171148768752987
15/09/2026 21:06:40.134000;-0.000169211443752987
15/09/2026 21:06:40.144000;-0.000170804864906833
15/09/2026 21:06:40.154000;-0.000168867539906833
15/09/2026 21:06:40.164000;-0.000167125093752987
15/09/2026 21:06:40.174000;-0.000169810409618371
15/09/2026 21:06:40.184000;-0.000169165589906833
15/09/2026 21:06:40.194000;-0.000169231504810679
15/09/2026 21:06:40.204000;-0.00016985912932991
15/09/2026 21:06:40.214000;-0.000168919125483756
15/09/2026 21:06:40.224000;-0.000169687177406833
15/09/2026 21:06:40.234000;-0.000169813275483756
15/09/2026 21:06:40.244000;-0.000169698640868371
15/09/2026 21:06:40.254000;-0.000170572729810679
15/09/2026 21:06:40.264000;-0.000168354550002987
15/09/2026 21:06:40.274000;-0.000171022670676063
15/09/2026 21:06:40.284000;-0.000169664250483756
15/09/2026 21:06:40.294000;-0.00016933181009914
15/09/2026 21:06:40.304000;-0.000169744494714525
15/09/2026 21:06:40.314000;-0.000168856076445294
15/09/2026 21:06:40.324000;-0.000168649734137602
15/09/2026 21:06:40.334000;-0.000168558026445294
15/09/2026 21:06:40.344000;-0.000168259976445294
15/09/2026 21:06:40.354000;-0.00017123187884914
15/09/2026 21:06:40.364000;-0.000168059365868371
15/09/2026 21:06:40.374000;-0.000171243342310679
15/09/2026 21:06:40.384000;-0.00016810235384914
15/09/2026 21:06:40.394000;-0.000168844612983756
15/09/2026 21:06:40.404000;-0.000170756145195294
15/09/2026 21:06:40.414000;-0.000168125280772217
15/09/2026 21:06:40.424000;-0.000170111325483756
15/09/2026 21:06:40.434000;-0.000169268761060679
15/09/2026 21:06:40.444000;-0.000169134065387602
15/09/2026 21:06:40.454000;-0.000169715836060679
15/09/2026 21:06:40.464000;-0.000168142475964525
15/09/2026 21:06:40.474000;-0.000169684311541448
15/09/2026 21:06:40.484000;-0.000167600827406833
15/09/2026 21:06:40.494000;-0.000169162724041448
15/09/2026 21:06:40.504000;-0.000170051142310679
15/09/2026 21:06:40.514000;-0.00016840613557991
15/09/2026 21:06:40.524000;-0.000170019617791448
15/09/2026 21:06:40.534000;-0.000169211443752987
15/09/2026 21:06:40.544000;-0.000169661384618371
15/09/2026 21:06:40.554000;-0.000168770100483756
15/09/2026 21:06:40.564000;-0.000168787295676063
15/09/2026 21:06:40.574000;-0.00016944931057991
15/09/2026 21:06:40.584000;-0.000169884922118371
15/09/2026 21:06:40.594000;-0.000168793027406833
15/09/2026 21:06:40.604000;-0.00016922004134914
15/09/2026 21:06:40.614000;-0.00016795906057991
15/09/2026 21:06:40.624000;-0.000171016938945294
15/09/2026 21:06:40.634000;-0.000170334862983756
15/09/2026 21:06:40.644000;-0.000168391806252987
15/09/2026 21:06:40.654000;-0.000169993825002987
15/09/2026 21:06:40.664000;-0.000169308883176063
15/09/2026 21:06:40.674000;-0.000170724620676063
15/09/2026 21:06:40.684000;-0.000170323399522217
15/09/2026 21:06:40.694000;-0.000169377663945294
15/09/2026 21:06:40.704000;-0.000169856263464525
15/09/2026 21:06:40.714000;-0.000167196740387602
15/09/2026 21:06:40.724000;-0.000170068337502987
15/09/2026 21:06:40.734000;-0.000170664437502987
15/09/2026 21:06:40.744000;-0.000169030894233756
15/09/2026 21:06:40.754000;-0.000169956568752987
15/09/2026 21:06:40.764000;-0.000168334488945294
15/09/2026 21:06:40.774000;-0.000169879190387602
15/09/2026 21:06:40.784000;-0.000169687177406833
15/09/2026 21:06:40.794000;-0.000168603880291448
15/09/2026 21:06:40.804000;-0.000171340781733756
15/09/2026 21:06:40.814000;-0.00016791607259914
15/09/2026 21:06:40.824000;-0.000170890840868371
15/09/2026 21:06:40.834000;-0.000170228825964525
15/09/2026 21:06:40.844000;-0.000167835828368371
15/09/2026 21:06:40.854000;-0.000168291500964525
15/09/2026 21:06:40.864000;-0.000168168268752987
15/09/2026 21:06:40.874000;-0.00016963559182991
15/09/2026 21:06:40.884000;-0.000169271626926063
15/09/2026 21:06:40.894000;-0.000169432115387602
15/09/2026 21:06:40.904000;-0.000170575595676063
15/09/2026 21:06:40.914000;-0.00016814534182991
15/09/2026 21:06:40.924000;-0.000169306017310679
15/09/2026 21:06:40.934000;-0.000169956568752987
15/09/2026 21:06:40.944000;-0.000169701506733756
15/09/2026 21:06:40.954000;-0.00016962986009914
15/09/2026 21:06:40.964000;-0.000168784429810679
15/09/2026 21:06:40.974000;-0.000168337354810679
15/09/2026 21:06:40.984000;-0.000167798572118371
15/09/2026 21:06:40.994000;-0.000169469371637602
15/09/2026 21:06:41.004000;-0.000170836389426063
15/09/2026 21:06:41.014000;-0.000167701132695294
15/09/2026 21:06:41.024000;-0.000169452176445294
15/09/2026 21:06:41.034000;-0.000168864674041448
15/09/2026 21:06:41.044000;-0.000169005101445294
15/09/2026 21:06:41.054000;-0.000169053821156833
15/09/2026 21:06:41.064000;-0.000168366013464525
15/09/2026 21:06:41.074000;-0.000169910714906833
15/09/2026 21:06:41.084000;-0.000168801625002987
15/09/2026 21:06:41.094000;-0.000170122788945294
15/09/2026 21:06:41.104000;-0.00017059852259914
15/09/2026 21:06:41.114000;-0.000169477969233756
15/09/2026 21:06:41.124000;-0.000170217362502987
15/09/2026 21:06:41.134000;-0.00017049248557991
15/09/2026 21:06:41.144000;-0.000169819007214525
15/09/2026 21:06:41.154000;-0.000171415294233756
15/09/2026 21:06:41.164000;-0.00016914552884914
15/09/2026 21:06:41.174000;-0.000169919312502986
15/09/2026 21:06:41.184000;-0.000169403456733756
15/09/2026 21:06:41.194000;-0.000168497843272217
15/09/2026 21:06:41.204000;-0.000170260350483756
15/09/2026 21:06:41.214000;-0.000167626620195294
15/09/2026 21:06:41.224000;-0.000170011020195294
15/09/2026 21:06:41.234000;-0.000168919125483756
15/09/2026 21:06:41.244000;-0.000169626994233756
15/09/2026 21:06:41.254000;-0.000171873832695294
15/09/2026 21:06:41.264000;-0.00016859241682991
15/09/2026 21:06:41.274000;-0.000169787482695294
15/09/2026 21:06:41.284000;-0.000170309070195294
15/09/2026 21:06:41.294000;-0.000169397725002987
15/09/2026 21:06:41.304000;-0.000170314801926063
15/09/2026 21:06:41.314000;-0.000168469184618371
15/09/2026 21:06:41.324000;-0.000170475290387602
15/09/2026 21:06:41.334000;-0.000169968032214525
15/09/2026 21:06:41.344000;-0.00016937479807991
15/09/2026 21:06:41.354000;-0.00016952382307991
15/09/2026 21:06:41.364000;-0.000168985040387602
15/09/2026 21:06:41.374000;-0.000170056874041448
15/09/2026 21:06:41.384000;-0.000169884922118371
15/09/2026 21:06:41.394000;-0.000169698640868371
15/09/2026 21:06:41.404000;-0.000170357789906833
15/09/2026 21:06:41.414000;-0.000167649547118371
15/09/2026 21:06:41.424000;-0.000169690043272217
15/09/2026 21:06:41.434000;-0.000168930588945294
15/09/2026 21:06:41.444000;-0.000170489619714525
15/09/2026 21:06:41.454000;-0.000168838881252987
15/09/2026 21:06:41.464000;-0.000166864300002987
15/09/2026 21:06:41.474000;-0.000170738950002987
15/09/2026 21:06:41.484000;-0.000169093943272217
15/09/2026 21:06:41.494000;-0.000168423330772217
15/09/2026 21:06:41.504000;-0.000170059739906833
15/09/2026 21:06:41.514000;-0.000168191195676063
15/09/2026 21:06:41.524000;-0.000169314614906833
15/09/2026 21:06:41.534000;-0.000169526688945294
15/09/2026 21:06:41.544000;-0.000169432115387602
15/09/2026 21:06:41.554000;-0.000169423517791448
15/09/2026 21:06:41.564000;-0.000169036625964525
15/09/2026 21:06:41.574000;-0.000169626994233756
15/09/2026 21:06:41.584000;-0.000169010833176063
15/09/2026 21:06:41.594000;-0.000169440712983756
15/09/2026 21:06:41.604000;-0.000168222720195294
15/09/2026 21:06:41.614000;-0.000166996129810679
15/09/2026 21:06:41.624000;-0.000170096996156833
15/09/2026 21:06:41.634000;-0.000168589550964525
15/09/2026 21:06:41.644000;-0.000169601201445294
15/09/2026 21:06:41.654000;-0.000169532420676063
15/09/2026 21:06:41.664000;-0.000167901743272217
15/09/2026 21:06:41.674000;-0.000170011020195294
15/09/2026 21:06:41.684000;-0.000169733031252987
15/09/2026 21:06:41.694000;-0.00017018870384914
15/09/2026 21:06:41.704000;-0.000170624315387602
15/09/2026 21:06:41.714000;-0.00016668661634914
15/09/2026 21:06:41.724000;-0.00017011992307991
15/09/2026 21:06:41.734000;-0.000169807543752986
15/09/2026 21:06:41.744000;-0.000169357602887602
15/09/2026 21:06:41.754000;-0.00017000242259914
15/09/2026 21:06:41.764000;-0.000166933080772217
15/09/2026 21:06:41.774000;-0.000169882056252987
15/09/2026 21:06:41.784000;-0.000169526688945294
15/09/2026 21:06:41.794000;-0.000168148207695294
15/09/2026 21:06:41.804000;-0.00017123761057991
15/09/2026 21:06:41.814000;-0.000168718514906833
15/09/2026 21:06:41.824000;-0.000170512546637602
15/09/2026 21:06:41.834000;-0.000169297419714525
15/09/2026 21:06:41.844000;-0.000170813462502987
15/09/2026 21:06:41.854000;-0.000170601388464525
15/09/2026 21:06:41.864000;-0.00016817686634914
15/09/2026 21:06:41.874000;-0.00016992791009914
15/09/2026 21:06:41.884000;-0.000168807356733756
15/09/2026 21:06:41.894000;-0.000169609799041448
15/09/2026 21:06:41.904000;-0.000169942239426063
15/09/2026 21:06:41.914000;-0.000168151073560679
15/09/2026 21:06:41.924000;-0.000168672661060679
15/09/2026 21:06:41.934000;-0.000169360468752987
15/09/2026 21:06:41.944000;-0.000169879190387602
15/09/2026 21:06:41.954000;-0.00017105132932991
15/09/2026 21:06:41.964000;-0.00016836887932991
15/09/2026 21:06:41.974000;-0.000169171321637602
15/09/2026 21:06:41.984000;-0.000169498030291448
15/09/2026 21:06:41.994000;-0.000168976442791448
15/09/2026 21:06:42.004000;-0.000170458095195294
15/09/2026 21:06:42.014000;-0.000168466318752987
15/09/2026 21:06:42.024000;-0.000169661384618371
15/09/2026 21:06:42.034000;-0.000167933267791448
15/09/2026 21:06:42.044000;-0.000168684124522217
15/09/2026 21:06:42.054000;-0.000170807730772217
15/09/2026 21:06:42.064000;-0.00016781003557991
15/09/2026 21:06:42.074000;-0.00016948083509914
15/09/2026 21:06:42.084000;-0.000169477969233756
15/09/2026 21:06:42.094000;-0.000169242968272217
15/09/2026 21:06:42.104000;-0.000170532607695294
15/09/2026 21:06:42.114000;-0.000168085158656833
15/09/2026 21:06:42.124000;-0.000169985227406833
15/09/2026 21:06:42.134000;-0.000168669795195294
15/09/2026 21:06:42.144000;-0.000170478156252987
15/09/2026 21:06:42.154000;-0.00016963559182991
15/09/2026 21:06:42.164000;-0.000169093943272217
15/09/2026 21:06:42.174000;-0.000170400777887602
15/09/2026 21:06:42.184000;-0.000168962113464525
15/09/2026 21:06:42.194000;-0.00016978461682991
15/09/2026 21:06:42.204000;-0.000170893706733756
15/09/2026 21:06:42.214000;-0.000167440338945294
15/09/2026 21:06:42.224000;-0.000168838881252987
15/09/2026 21:06:42.234000;-0.000169847665868371
15/09/2026 21:06:42.244000;-0.000169394859137602
15/09/2026 21:06:42.254000;-0.00017034346057991
15/09/2026 21:06:42.264000;-0.000169609799041448
15/09/2026 21:06:42.274000;-0.00016862967307991
15/09/2026 21:06:42.284000;-0.00016836887932991
15/09/2026 21:06:42.294000;-0.000168879003368371
15/09/2026 21:06:42.304000;-0.000170317667791448
15/09/2026 21:06:42.314000;-0.000169457908176063
15/09/2026 21:06:42.324000;-0.000167703998560679
15/09/2026 21:06:42.334000;-0.000170085532695294
15/09/2026 21:06:42.344000;-0.000169280224522217
15/09/2026 21:06:42.354000;-0.000170630047118371
15/09/2026 21:06:42.364000;-0.000167658144714525
15/09/2026 21:06:42.374000;-0.00017044949759914
15/09/2026 21:06:42.384000;-0.000169349005291448
15/09/2026 21:06:42.394000;-0.000170609986060679
15/09/2026 21:06:42.404000;-0.000171607307214525
15/09/2026 21:06:42.414000;-0.000169489432695294
15/09/2026 21:06:42.424000;-0.000169323212502987
15/09/2026 21:06:42.434000;-0.000169452176445294
15/09/2026 21:06:42.444000;-0.000169804677887602
15/09/2026 21:06:42.454000;-0.000169770287502987
15/09/2026 21:06:42.464000;-0.000169019430772217
15/09/2026 21:06:42.474000;-0.00017004541057991
15/09/2026 21:06:42.484000;-0.000169248700002987
15/09/2026 21:06:42.494000;-0.000169472237502987
15/09/2026 21:06:42.504000;-0.000171211817791448
15/09/2026 21:06:42.514000;-0.000169013699041448
15/09/2026 21:06:42.524000;-0.000169197114426063
15/09/2026 21:06:42.534000;-0.000169469371637602
15/09/2026 21:06:42.544000;-0.000168787295676063
15/09/2026 21:06:42.554000;-0.00017082779182991
15/09/2026 21:06:42.564000;-0.000168497843272217
15/09/2026 21:06:42.574000;-0.00016933754182991
15/09/2026 21:06:42.584000;-0.000169136931252987
15/09/2026 21:06:42.594000;-0.000170426570676063
15/09/2026 21:06:42.604000;-0.000168993637983756
15/09/2026 21:06:42.614000;-0.000169844800002987
15/09/2026 21:06:42.624000;-0.000169025162502987
15/09/2026 21:06:42.634000;-0.000169354737022217
15/09/2026 21:06:42.644000;-0.000167896011541448
15/09/2026 21:06:42.654000;-0.000170142850002987
15/09/2026 21:06:42.664000;-0.000168770100483756
15/09/2026 21:06:42.674000;-0.000167652412983756
15/09/2026 21:06:42.684000;-0.00016959260384914
15/09/2026 21:06:42.694000;-0.000169727299522217
15/09/2026 21:06:42.704000;-0.000170331997118371
15/09/2026 21:06:42.714000;-0.000167185276926063
15/09/2026 21:06:42.724000;-0.000169801812022217
15/09/2026 21:06:42.734000;-0.000168328757214525
15/09/2026 21:06:42.744000;-0.00016813961009914
15/09/2026 21:06:42.754000;-0.000170575595676063
15/09/2026 21:06:42.764000;-0.000168818820195294
15/09/2026 21:06:42.774000;-0.000169830470676063
15/09/2026 21:06:42.784000;-0.000169030894233756
15/09/2026 21:06:42.794000;-0.000169644189426063
15/09/2026 21:06:42.804000;-0.000170661571637602
15/09/2026 21:06:42.814000;-0.000168821686060679
15/09/2026 21:06:42.824000;-0.000169036625964525
15/09/2026 21:06:42.834000;-0.000168500709137602
15/09/2026 21:06:42.844000;-0.000169604067310679
15/09/2026 21:06:42.854000;-0.000170466692791448
15/09/2026 21:06:42.864000;-0.000168099487983756
15/09/2026 21:06:42.874000;-0.000169311749041448
15/09/2026 21:06:42.884000;-0.000168864674041448
15/09/2026 21:06:42.894000;-0.000167629486060679
15/09/2026 21:06:42.904000;-0.000169469371637602
15/09/2026 21:06:42.914000;-0.000169234370676063
15/09/2026 21:06:42.924000;-0.000168904796156833
15/09/2026 21:06:42.934000;-0.00016993364182991
15/09/2026 21:06:42.944000;-0.00016903376009914
15/09/2026 21:06:42.954000;-0.000169698640868371
15/09/2026 21:06:42.964000;-0.000169102540868371
15/09/2026 21:06:42.974000;-0.000169733031252987
15/09/2026 21:06:42.984000;-0.000168896198560679
15/09/2026 21:06:42.994000;-0.000169311749041448
15/09/2026 21:06:43.004000;-0.000170031081252987
15/09/2026 21:06:43.014000;-0.00016874144182991
15/09/2026 21:06:43.024000;-0.000169882056252987
15/09/2026 21:06:43.034000;-0.000168535099522217
15/09/2026 21:06:43.044000;-0.00016941205432991
15/09/2026 21:06:43.054000;-0.000170094130291448
15/09/2026 21:06:43.064000;-0.000169947971156833
15/09/2026 21:06:43.074000;-0.000169968032214525
15/09/2026 21:06:43.084000;-0.00016903949182991
15/09/2026 21:06:43.094000;-0.000169036625964525
15/09/2026 21:06:43.104000;-0.000171203220195294
15/09/2026 21:06:43.114000;-0.000168377476926063
15/09/2026 21:06:43.124000;-0.00016784156009914
15/09/2026 21:06:43.134000;-0.000169681445676063
15/09/2026 21:06:43.144000;-0.000169019430772217
15/09/2026 21:06:43.154000;-0.00017104559759914
15/09/2026 21:06:43.164000;-0.000168460587022217
15/09/2026 21:06:43.174000;-0.000169727299522217
15/09/2026 21:06:43.184000;-0.000168870405772217
15/09/2026 21:06:43.194000;-0.000169495164426063
15/09/2026 21:06:43.204000;-0.000171959808656833
15/09/2026 21:06:43.214000;-0.000168572355772217
15/09/2026 21:06:43.224000;-0.000168394672118371
15/09/2026 21:06:43.234000;-0.000168910527887602
15/09/2026 21:06:43.244000;-0.000168850344714525
15/09/2026 21:06:43.254000;-0.000170443765868371
15/09/2026 21:06:43.264000;-0.00016717667932991
15/09/2026 21:06:43.274000;-0.000167832962502987
15/09/2026 21:06:43.284000;-0.000170592790868371
15/09/2026 21:06:43.294000;-0.000170354924041448
15/09/2026 21:06:43.304000;-0.000170354924041448
15/09/2026 21:06:43.314000;-0.000168045036541448
15/09/2026 21:06:43.324000;-0.000169715836060679
15/09/2026 21:06:43.334000;-0.000168245647118371
15/09/2026 21:06:43.344000;-0.000168589550964525
15/09/2026 21:06:43.354000;-0.000168434794233756
15/09/2026 21:06:43.364000;-0.000167153752406833
15/09/2026 21:06:43.374000;-0.00016874144182991
15/09/2026 21:06:43.384000;-0.000169910714906833
15/09/2026 21:06:43.394000;-0.000168285769233756
15/09/2026 21:06:43.404000;-0.00017003967884914
15/09/2026 21:06:43.414000;-0.000168595282695294
15/09/2026 21:06:43.424000;-0.000170326265387602
15/09/2026 21:06:43.434000;-0.000170180106252987
15/09/2026 21:06:43.444000;-0.00016911400432991
15/09/2026 21:06:43.454000;-0.00016970437259914
15/09/2026 21:06:43.464000;-0.000169134065387602
15/09/2026 21:06:43.474000;-0.000167898877406833
15/09/2026 21:06:43.484000;-0.000169228638945294
15/09/2026 21:06:43.494000;-0.00016847491634914
15/09/2026 21:06:43.504000;-0.000170916633656833
15/09/2026 21:06:43.514000;-0.000167529180772217
15/09/2026 21:06:43.524000;-0.000168870405772217
15/09/2026 21:06:43.534000;-0.000169655652887602
15/09/2026 21:06:43.544000;-0.000170839255291448
15/09/2026 21:06:43.554000;-0.00017120035432991
15/09/2026 21:06:43.564000;-0.000169093943272217
15/09/2026 21:06:43.574000;-0.000169761689906833
15/09/2026 21:06:43.584000;-0.00016941205432991
15/09/2026 21:06:43.594000;-0.000169755958176063
15/09/2026 21:06:43.604000;-0.000170770474522217
15/09/2026 21:06:43.614000;-0.000167520583176063
15/09/2026 21:06:43.624000;-0.000168793027406833
15/09/2026 21:06:43.634000;-0.000168770100483756
15/09/2026 21:06:43.644000;-0.00016900223557991
15/09/2026 21:06:43.654000;-0.00017108858557991
15/09/2026 21:06:43.664000;-0.000168701319714525
15/09/2026 21:06:43.674000;-0.000169314614906833
15/09/2026 21:06:43.684000;-0.000169750226445294
15/09/2026 21:06:43.694000;-0.000170472424522217
15/09/2026 21:06:43.704000;-0.000169575408656833
15/09/2026 21:06:43.714000;-0.000169472237502987
15/09/2026 21:06:43.724000;-0.000168185463945294
15/09/2026 21:06:43.734000;-0.000168678392791448
15/09/2026 21:06:43.744000;-0.000168477782214525
15/09/2026 21:06:43.754000;-0.000170099862022217
15/09/2026 21:06:43.764000;-0.00016694741009914
15/09/2026 21:06:43.774000;-0.000168323025483756
15/09/2026 21:06:43.784000;-0.000168924857214525
15/09/2026 21:06:43.794000;-0.000169730165387602
15/09/2026 21:06:43.804000;-0.000170352058176063
15/09/2026 21:06:43.814000;-0.000169082479810679
15/09/2026 21:06:43.824000;-0.000169165589906833
15/09/2026 21:06:43.834000;-0.000170022483656833
15/09/2026 21:06:43.844000;-0.00017007693509914
15/09/2026 21:06:43.854000;-0.000170618583656833
15/09/2026 21:06:43.864000;-0.000168962113464525
15/09/2026 21:06:43.874000;-0.000168566624041448
15/09/2026 21:06:43.884000;-0.00016877296634914
15/09/2026 21:06:43.894000;-0.00016828863509914
15/09/2026 21:06:43.904000;-0.000169755958176063
15/09/2026 21:06:43.914000;-0.000167612290868371
15/09/2026 21:06:43.924000;-0.000169199980291448
15/09/2026 21:06:43.934000;-0.000168715649041448
15/09/2026 21:06:43.944000;-0.00017019443557991
15/09/2026 21:06:43.954000;-0.000171696149041448
15/09/2026 21:06:43.964000;-0.000169091077406833
15/09/2026 21:06:43.974000;-0.000169575408656833
15/09/2026 21:06:43.984000;-0.000169380529810679
15/09/2026 21:06:43.994000;-0.000169804677887602
15/09/2026 21:06:44.004000;-0.000170546937022217
15/09/2026 21:06:44.014000;-0.000168383208656833
15/09/2026 21:06:44.024000;-0.000168386074522217
15/09/2026 21:06:44.034000;-0.000168876137502987
15/09/2026 21:06:44.044000;-0.000168790161541448
15/09/2026 21:06:44.054000;-0.000170228825964525
15/09/2026 21:06:44.064000;-0.000168414733176063
15/09/2026 21:06:44.074000;-0.000168824551926063
15/09/2026 21:06:44.084000;-0.000168483513945294
15/09/2026 21:06:44.094000;-0.00016966711634914
15/09/2026 21:06:44.104000;-0.000170569863945294
15/09/2026 21:06:44.114000;-0.000168537965387602
15/09/2026 21:06:44.124000;-0.000170899438464525
15/09/2026 21:06:44.134000;-0.000168242781252987
15/09/2026 21:06:44.144000;-0.000169678579810679
15/09/2026 21:06:44.154000;-0.000170443765868371
15/09/2026 21:06:44.164000;-0.000168208390868371
15/09/2026 21:06:44.174000;-0.000168867539906833
15/09/2026 21:06:44.184000;-0.000168649734137602
15/09/2026 21:06:44.194000;-0.000167789974522217
15/09/2026 21:06:44.204000;-0.000170160045195294
15/09/2026 21:06:44.214000;-0.000168979308656833
15/09/2026 21:06:44.224000;-0.000168010646156833
15/09/2026 21:06:44.234000;-0.00017011419134914
15/09/2026 21:06:44.244000;-0.000170526875964525
15/09/2026 21:06:44.254000;-0.000172128894714525
15/09/2026 21:06:44.264000;-0.000167646681252987
15/09/2026 21:06:44.274000;-0.000168729978368371
15/09/2026 21:06:44.284000;-0.000169469371637602
15/09/2026 21:06:44.294000;-0.000170160045195294
15/09/2026 21:06:44.304000;-0.000170535473560679
15/09/2026 21:06:44.314000;-0.000167898877406833
15/09/2026 21:06:44.324000;-0.000168578087502987
15/09/2026 21:06:44.334000;-0.000168738575964525
15/09/2026 21:06:44.344000;-0.000169391993272217
15/09/2026 21:06:44.354000;-0.000170658705772217
15/09/2026 21:06:44.364000;-0.000167646681252987
15/09/2026 21:06:44.374000;-0.000169469371637602
15/09/2026 21:06:44.384000;-0.000168844612983756
15/09/2026 21:06:44.394000;-0.000170569863945294
15/09/2026 21:06:44.404000;-0.000169770287502987
15/09/2026 21:06:44.414000;-0.000169750226445294
15/09/2026 21:06:44.424000;-0.000169297419714525
15/09/2026 21:06:44.434000;-0.000168916259618371
15/09/2026 21:06:44.444000;-0.00017015717932991
15/09/2026 21:06:44.454000;-0.000170652974041448
15/09/2026 21:06:44.464000;-0.00016821985432991
15/09/2026 21:06:44.474000;-0.000169804677887602
15/09/2026 21:06:44.484000;-0.000168752905291448
15/09/2026 21:06:44.494000;-0.000169050955291448
15/09/2026 21:06:44.504000;-0.000170675900964525
15/09/2026 21:06:44.514000;-0.000169228638945294
15/09/2026 21:06:44.524000;-0.000168626807214525
15/09/2026 21:06:44.534000;-0.000169962300483756
15/09/2026 21:06:44.544000;-0.000168867539906833
15/09/2026 21:06:44.554000;-0.000169535286541448
15/09/2026 21:06:44.564000;-0.000169386261541448
15/09/2026 21:06:44.574000;-0.000168377476926063
15/09/2026 21:06:44.584000;-0.00016847491634914
15/09/2026 21:06:44.594000;-0.000169128333656833
15/09/2026 21:06:44.604000;-0.000170945292310679
15/09/2026 21:06:44.614000;-0.000168239915387602
15/09/2026 21:06:44.624000;-0.000168417599041448
15/09/2026 21:06:44.634000;-0.000169947971156833
15/09/2026 21:06:44.644000;-0.000169460774041448
15/09/2026 21:06:44.654000;-0.00017064151057991
15/09/2026 21:06:44.664000;-0.00016884747884914
15/09/2026 21:06:44.674000;-0.000169283090387602
15/09/2026 21:06:44.684000;-0.000169595469714525
15/09/2026 21:06:44.694000;-0.000168681258656833
15/09/2026 21:06:44.704000;-0.000171466879810679
15/09/2026 21:06:44.714000;-0.000168755771156833
15/09/2026 21:06:44.724000;-0.00016889046682991
15/09/2026 21:06:44.734000;-0.000169426383656833
15/09/2026 21:06:44.744000;-0.000169314614906833
15/09/2026 21:06:44.754000;-0.000170397912022217
15/09/2026 21:06:44.764000;-0.00016936906634914
15/09/2026 21:06:44.774000;-0.00016970437259914
15/09/2026 21:06:44.784000;-0.000169093943272217
15/09/2026 21:06:44.794000;-0.00016840613557991
15/09/2026 21:06:44.804000;-0.000169563945195294
15/09/2026 21:06:44.814000;-0.000169085345676063
15/09/2026 21:06:44.824000;-0.000166964605291448
15/09/2026 21:06:44.834000;-0.00016892199134914
15/09/2026 21:06:44.844000;-0.000168489245676063
15/09/2026 21:06:44.854000;-0.000170131386541448
15/09/2026 21:06:44.864000;-0.000168907662022217
15/09/2026 21:06:44.874000;-0.000169626994233756
15/09/2026 21:06:44.884000;-0.000170145715868371
15/09/2026 21:06:44.894000;-0.000169609799041448
15/09/2026 21:06:44.904000;-0.000171019804810679
15/09/2026 21:06:44.914000;-0.000168861808176063
15/09/2026 21:06:44.924000;-0.000168208390868371
15/09/2026 21:06:44.934000;-0.000169343273560679
15/09/2026 21:06:44.944000;-0.000167477595195294
15/09/2026 21:06:44.954000;-0.000169973763945294
15/09/2026 21:06:44.964000;-0.000168764368752987
15/09/2026 21:06:44.974000;-0.000168036438945294
15/09/2026 21:06:44.984000;-0.000170036812983756
15/09/2026 21:06:44.994000;-0.000169314614906833
15/09/2026 21:06:45.004000;-0.000171039865868371
15/09/2026 21:06:45.014000;-0.00016974736057991
15/09/2026 21:06:45.024000;-0.00017041224134914
15/09/2026 21:06:45.034000;-0.00016989065384914
15/09/2026 21:06:45.044000;-0.000169712970195294
15/09/2026 21:06:45.054000;-0.000169595469714525
15/09/2026 21:06:45.064000;-0.000168913393752987
15/09/2026 21:06:45.074000;-0.000168274305772217
15/09/2026 21:06:45.084000;-0.000169242968272217
15/09/2026 21:06:45.094000;-0.000168813088464525
15/09/2026 21:06:45.104000;-0.000169082479810679
15/09/2026 21:06:45.114000;-0.000167961926445294
15/09/2026 21:06:45.124000;-0.00016870418557991
15/09/2026 21:06:45.134000;-0.000168621075483756
15/09/2026 21:06:45.144000;-0.000169839068272217
15/09/2026 21:06:45.154000;-0.000171314988945294
15/09/2026 21:06:45.164000;-0.00016877296634914
15/09/2026 21:06:45.174000;-0.00016870418557991
15/09/2026 21:06:45.184000;-0.000169612664906833
15/09/2026 21:06:45.194000;-0.000170033947118371
15/09/2026 21:06:45.204000;-0.000170612851926063
15/09/2026 21:06:45.214000;-0.000168770100483756
15/09/2026 21:06:45.224000;-0.000167787108656833
15/09/2026 21:06:45.234000;-0.000168867539906833
15/09/2026 21:06:45.244000;-0.000168268574041448
15/09/2026 21:06:45.254000;-0.000168901930291448
15/09/2026 21:06:45.264000;-0.000166944544233756
15/09/2026 21:06:45.274000;-0.000170074069233756
15/09/2026 21:06:45.284000;-0.000169755958176063
15/09/2026 21:06:45.294000;-0.000169836202406833
15/09/2026 21:06:45.304000;-0.000170303338464525
15/09/2026 21:06:45.314000;-0.000169371932214525
15/09/2026 21:06:45.324000;-0.000170177240387602
15/09/2026 21:06:45.334000;-0.000168864674041448
15/09/2026 21:06:45.344000;-0.00016821412259914
15/09/2026 21:06:45.354000;-0.000171687551445294
15/09/2026 21:06:45.364000;-0.000168454855291448
15/09/2026 21:06:45.374000;-0.000167466131733756
15/09/2026 21:06:45.384000;-0.000169042357695294
15/09/2026 21:06:45.394000;-0.000169546750002987
15/09/2026 21:06:45.404000;-0.00017049248557991
15/09/2026 21:06:45.414000;-0.000168431928368371
15/09/2026 21:06:45.424000;-0.000169260163464525
15/09/2026 21:06:45.434000;-0.000169578274522217
15/09/2026 21:06:45.444000;-0.00016900223557991
15/09/2026 21:06:45.454000;-0.000170592790868371
15/09/2026 21:06:45.464000;-0.00016803357307991
15/09/2026 21:06:45.474000;-0.000169968032214525
15/09/2026 21:06:45.484000;-0.000168386074522217
15/09/2026 21:06:45.494000;-0.000169022296637602
15/09/2026 21:06:45.504000;-0.000171037000002987
15/09/2026 21:06:45.514000;-0.000168598148560679
15/09/2026 21:06:45.524000;-0.00016914552884914
15/09/2026 21:06:45.534000;-0.000169248700002987
15/09/2026 21:06:45.544000;-0.00016952382307991
15/09/2026 21:06:45.554000;-0.000169609799041448
15/09/2026 21:06:45.564000;-0.000168067963464525
15/09/2026 21:06:45.574000;-0.000170489619714525
15/09/2026 21:06:45.584000;-0.000168804490868371
15/09/2026 21:06:45.594000;-0.000169841934137602
15/09/2026 21:06:45.604000;-0.000169718701926063
15/09/2026 21:06:45.614000;-0.000166795519233756
15/09/2026 21:06:45.624000;-0.000168262842310679
15/09/2026 21:06:45.634000;-0.000167532046637602
15/09/2026 21:06:45.644000;-0.000169088211541448
15/09/2026 21:06:45.654000;-0.000170713157214525
15/09/2026 21:06:45.664000;-0.000166993263945294
15/09/2026 21:06:45.674000;-0.000169334675964525
15/09/2026 21:06:45.684000;-0.000169429249522217
15/09/2026 21:06:45.694000;-0.000167838694233756
15/09/2026 21:06:45.704000;-0.000169291687983756
15/09/2026 21:06:45.714000;-0.000169532420676063
15/09/2026 21:06:45.724000;-0.000170028215387602
15/09/2026 21:06:45.734000;-0.000170578461541448
15/09/2026 21:06:45.744000;-0.000169581140387602
15/09/2026 21:06:45.754000;-0.000170704559618371
15/09/2026 21:06:45.764000;-0.000167904609137602
15/09/2026 21:06:45.774000;-0.00016918851682991
15/09/2026 21:06:45.784000;-0.000169400590868371
15/09/2026 21:06:45.794000;-0.000168079426926063
15/09/2026 21:06:45.804000;-0.000170601388464525
15/09/2026 21:06:45.814000;-0.000167987719233756
15/09/2026 21:06:45.824000;-0.000168388940387602
15/09/2026 21:06:45.834000;-0.00016810808557991
15/09/2026 21:06:45.844000;-0.000169543884137602
15/09/2026 21:06:45.854000;-0.000170956755772217
15/09/2026 21:06:45.864000;-0.000169638457695294
15/09/2026 21:06:45.874000;-0.000168601014426063
15/09/2026 21:06:45.884000;-0.000169314614906833
15/09/2026 21:06:45.894000;-0.00016918278509914
15/09/2026 21:06:45.904000;-0.000170291875002987
15/09/2026 21:06:45.914000;-0.000169349005291448
15/09/2026 21:06:45.924000;-0.000169308883176063
15/09/2026 21:06:45.934000;-0.000169575408656833
15/09/2026 21:06:45.944000;-0.000168790161541448
15/09/2026 21:06:45.954000;-0.000170991146156833
15/09/2026 21:06:45.964000;-0.000168466318752987
15/09/2026 21:06:45.974000;-0.00016843766009914
15/09/2026 21:06:45.984000;-0.000168606746156833
15/09/2026 21:06:45.994000;-0.000168380342791448
15/09/2026 21:06:46.004000;-0.000169695775002987
15/09/2026 21:06:46.014000;-0.000167787108656833
15/09/2026 21:06:46.024000;-0.000169655652887602
15/09/2026 21:06:46.034000;-0.000169549615868371
15/09/2026 21:06:46.044000;-0.000169245834137602
15/09/2026 21:06:46.054000;-0.000169317480772217
15/09/2026 21:06:46.064000;-0.000168798759137602
15/09/2026 21:06:46.074000;-0.000168426196637602
15/09/2026 21:06:46.084000;-0.000168291500964525
15/09/2026 21:06:46.094000;-0.000168790161541448
15/09/2026 21:06:46.104000;-0.000170512546637602
15/09/2026 21:06:46.114000;-0.000169217175483756
15/09/2026 21:06:46.124000;-0.000168039304810679
15/09/2026 21:06:46.134000;-0.000170142850002987
15/09/2026 21:06:46.144000;-0.000169394859137602
15/09/2026 21:06:46.154000;-0.000171733405291448
15/09/2026 21:06:46.164000;-0.000170108459618371
15/09/2026 21:06:46.174000;-0.00016862967307991
15/09/2026 21:06:46.184000;-0.000168635404810679
15/09/2026 21:06:46.194000;-0.000169595469714525
15/09/2026 21:06:46.204000;-0.000169644189426063
15/09/2026 21:06:46.214000;-0.000169346139426063
15/09/2026 21:06:46.224000;-0.000169268761060679
15/09/2026 21:06:46.234000;-0.00016933181009914
15/09/2026 21:06:46.244000;-0.00016777277932991
15/09/2026 21:06:46.254000;-0.000170160045195294
15/09/2026 21:06:46.264000;-0.000168807356733756
15/09/2026 21:06:46.274000;-0.000168205525002987
15/09/2026 21:06:46.284000;-0.000169836202406833
15/09/2026 21:06:46.294000;-0.00017011992307991
15/09/2026 21:06:46.304000;-0.000169916446637602
15/09/2026 21:06:46.314000;-0.000168122414906833
15/09/2026 21:06:46.324000;-0.000169962300483756
15/09/2026 21:06:46.334000;-0.000170326265387602
15/09/2026 21:06:46.344000;-0.000169466505772217
15/09/2026 21:06:46.354000;-0.000170687364426063
15/09/2026 21:06:46.364000;-0.00016851790432991
15/09/2026 21:06:46.374000;-0.000168836015387602
15/09/2026 21:06:46.384000;-0.000169538152406833
15/09/2026 21:06:46.394000;-0.000169867726926063
15/09/2026 21:06:46.404000;-0.000170661571637602
15/09/2026 21:06:46.414000;-0.000168838881252987
15/09/2026 21:06:46.424000;-0.000169363334618371
15/09/2026 21:06:46.434000;-0.000168887600964525
15/09/2026 21:06:46.444000;-0.00016888473509914
15/09/2026 21:06:46.454000;-0.000169850531733756
15/09/2026 21:06:46.464000;-0.000167738388945294
15/09/2026 21:06:46.474000;-0.000168457721156833
15/09/2026 21:06:46.484000;-0.00016951809134914
15/09/2026 21:06:46.494000;-0.00016933181009914
15/09/2026 21:06:46.504000;-0.000169526688945294
15/09/2026 21:06:46.514000;-0.000169030894233756
15/09/2026 21:06:46.524000;-0.000168982174522217
15/09/2026 21:06:46.534000;-0.000169512359618371
15/09/2026 21:06:46.544000;-0.000167738388945294
15/09/2026 21:06:46.554000;-0.000171062792791448
15/09/2026 21:06:46.564000;-0.000168446257695294
15/09/2026 21:06:46.574000;-0.000168824551926063
15/09/2026 21:06:46.584000;-0.00016847491634914
15/09/2026 21:06:46.594000;-0.000169721567791448
15/09/2026 21:06:46.604000;-0.00016900223557991
15/09/2026 21:06:46.614000;-0.000167853023560679
15/09/2026 21:06:46.624000;-0.000167973389906833
15/09/2026 21:06:46.634000;-0.000169902117310679
15/09/2026 21:06:46.644000;-0.000167265521156833
15/09/2026 21:06:46.654000;-0.00016874144182991
15/09/2026 21:06:46.664000;-0.000168466318752987
15/09/2026 21:06:46.674000;-0.000168999369714525
15/09/2026 21:06:46.684000;-0.000169119736060679
15/09/2026 21:06:46.694000;-0.00016754924182991
15/09/2026 21:06:46.704000;-0.000169884922118371
15/09/2026 21:06:46.714000;-0.000168970711060679
15/09/2026 21:06:46.724000;-0.000169773153368371
15/09/2026 21:06:46.734000;-0.000169222907214525
15/09/2026 21:06:46.744000;-0.000169357602887602
15/09/2026 21:06:46.754000;-0.00016925729759914
15/09/2026 21:06:46.764000;-0.000169876324522217
15/09/2026 21:06:46.774000;-0.000168770100483756
15/09/2026 21:06:46.784000;-0.00016840613557991
15/09/2026 21:06:46.794000;-0.000167744120676063
15/09/2026 21:06:46.804000;-0.000171197488464525
15/09/2026 21:06:46.814000;-0.000167896011541448
15/09/2026 21:06:46.824000;-0.000168449123560679
15/09/2026 21:06:46.834000;-0.000169326078368371
15/09/2026 21:06:46.844000;-0.000168646868272217
15/09/2026 21:06:46.854000;-0.00017063577884914
15/09/2026 21:06:46.864000;-0.000168463452887602
15/09/2026 21:06:46.874000;-0.00017023169182991
15/09/2026 21:06:46.884000;-0.000169125467791448
15/09/2026 21:06:46.894000;-0.000169202846156833
15/09/2026 21:06:46.904000;-0.000169595469714525
15/09/2026 21:06:46.914000;-0.000168460587022217
15/09/2026 21:06:46.924000;-0.000169925044233756
15/09/2026 21:06:46.934000;-0.000169403456733756
15/09/2026 21:06:46.944000;-0.000168268574041448
15/09/2026 21:06:46.954000;-0.000170489619714525
15/09/2026 21:06:46.964000;-0.00016925729759914
15/09/2026 21:06:46.974000;-0.000167881682214525
15/09/2026 21:06:46.984000;-0.000169291687983756
15/09/2026 21:06:46.994000;-0.000167924670195294
15/09/2026 21:06:47.004000;-0.000169678579810679
15/09/2026 21:06:47.014000;-0.000168578087502987
15/09/2026 21:06:47.024000;-0.000166167894714525
15/09/2026 21:06:47.034000;-0.000170051142310679
15/09/2026 21:06:47.044000;-0.000168168268752987
15/09/2026 21:06:47.054000;-0.000171254805772217
15/09/2026 21:06:47.064000;-0.000168440525964525
15/09/2026 21:06:47.074000;-0.000169409188464525
15/09/2026 21:06:47.084000;-0.00016951809134914
15/09/2026 21:06:47.094000;-0.000167709730291448
15/09/2026 21:06:47.104000;-0.000170065471637602
15/09/2026 21:06:47.114000;-0.000169030894233756
15/09/2026 21:06:47.124000;-0.000168844612983756
15/09/2026 21:06:47.134000;-0.000169349005291448
15/09/2026 21:06:47.144000;-0.000168188329810679
15/09/2026 21:06:47.154000;-0.000169985227406833
15/09/2026 21:06:47.164000;-0.000168228451926063
15/09/2026 21:06:47.174000;-0.000168205525002987
15/09/2026 21:06:47.184000;-0.000168732844233756
15/09/2026 21:06:47.194000;-0.000169199980291448
15/09/2026 21:06:47.204000;-0.000170503949041448
15/09/2026 21:06:47.214000;-0.00016895924759914
15/09/2026 21:06:47.224000;-0.000169566811060679
15/09/2026 21:06:47.234000;-0.00016955534759914
15/09/2026 21:06:47.244000;-0.000169102540868371
15/09/2026 21:06:47.254000;-0.000169827604810679
15/09/2026 21:06:47.264000;-0.000169197114426063
15/09/2026 21:06:47.274000;-0.000167663876445294
15/09/2026 21:06:47.284000;-0.000169048089426063
15/09/2026 21:06:47.294000;-0.000169165589906833
15/09/2026 21:06:47.304000;-0.000169922178368371
15/09/2026 21:06:47.314000;-0.000168655465868371
15/09/2026 21:06:47.324000;-0.000170031081252987
15/09/2026 21:06:47.334000;-0.000168563758176063
15/09/2026 21:06:47.344000;-0.000168904796156833
15/09/2026 21:06:47.354000;-0.000170297606733756
15/09/2026 21:06:47.364000;-0.00016825711057991
15/09/2026 21:06:47.374000;-0.000169452176445294
15/09/2026 21:06:47.384000;-0.000169652787022217
15/09/2026 21:06:47.394000;-0.000167434607214525
15/09/2026 21:06:47.404000;-0.000171292062022217
15/09/2026 21:06:47.414000;-0.000168724246637602
15/09/2026 21:06:47.424000;-0.000168798759137602
15/09/2026 21:06:47.434000;-0.000169469371637602
15/09/2026 21:06:47.444000;-0.000168179732214525
15/09/2026 21:06:47.454000;-0.000170386448560679
15/09/2026 21:06:47.464000;-0.000170062605772217
15/09/2026 21:06:47.474000;-0.000168615343752987
15/09/2026 21:06:47.484000;-0.000169414920195294
15/09/2026 21:06:47.494000;-0.00016709643509914
15/09/2026 21:06:47.504000;-0.000170211630772217
15/09/2026 21:06:47.514000;-0.000169386261541448
15/09/2026 21:06:47.524000;-0.000167789974522217
15/09/2026 21:06:47.534000;-0.000168300098560679
15/09/2026 21:06:47.544000;-0.000168500709137602
15/09/2026 21:06:47.554000;-0.000170744681733756
15/09/2026 21:06:47.564000;-0.000168947784137602
15/09/2026 21:06:47.574000;-0.000170117057214525
15/09/2026 21:06:47.584000;-0.000169251565868371
15/09/2026 21:06:47.594000;-0.000169288822118371
15/09/2026 21:06:47.604000;-0.00016971010432991
15/09/2026 21:06:47.614000;-0.000169692909137602
15/09/2026 21:06:47.624000;-0.000168944918272217
15/09/2026 21:06:47.634000;-0.000169882056252987
15/09/2026 21:06:47.644000;-0.000168781563945294
15/09/2026 21:06:47.654000;-0.000169457908176063
15/09/2026 21:06:47.664000;-0.000168489245676063
15/09/2026 21:06:47.674000;-0.000168357415868371
15/09/2026 21:06:47.684000;-0.000168807356733756
15/09/2026 21:06:47.694000;-0.000168449123560679
15/09/2026 21:06:47.704000;-0.000170916633656833
15/09/2026 21:06:47.714000;-0.000168724246637602
15/09/2026 21:06:47.724000;-0.000169053821156833
15/09/2026 21:06:47.734000;-0.000169380529810679
15/09/2026 21:06:47.744000;-0.000167337167791448
15/09/2026 21:06:47.754000;-0.00017003967884914
15/09/2026 21:06:47.764000;-0.000168429062502987
15/09/2026 21:06:47.774000;-0.000168678392791448
15/09/2026 21:06:47.784000;-0.000168658331733756
15/09/2026 21:06:47.794000;-0.000167354362983756
15/09/2026 21:06:47.804000;-0.000170687364426063
15/09/2026 21:06:47.814000;-0.000169400590868371
15/09/2026 21:06:47.824000;-0.000168982174522217
15/09/2026 21:06:47.834000;-0.000169498030291448
15/09/2026 21:06:47.844000;-0.000167678205772217
15/09/2026 21:06:47.854000;-0.000170781937983756
15/09/2026 21:06:47.864000;-0.000169466505772217
15/09/2026 21:06:47.874000;-0.000169807543752986
15/09/2026 21:06:47.884000;-0.000169409188464525
15/09/2026 21:06:47.894000;-0.000168328757214525
15/09/2026 21:06:47.904000;-0.000170148581733756
15/09/2026 21:06:47.914000;-0.000167632351926063
15/09/2026 21:06:47.924000;-0.000168205525002987
15/09/2026 21:06:47.934000;-0.000168409001445294
15/09/2026 21:06:47.944000;-0.00017038071682991
15/09/2026 21:06:47.954000;-0.000169512359618371
15/09/2026 21:06:47.964000;-0.000169535286541448
15/09/2026 21:06:47.974000;-0.00016914552884914
15/09/2026 21:06:47.984000;-0.000169973763945294
15/09/2026 21:06:47.994000;-0.000167371558176063
15/09/2026 21:06:48.004000;-0.000170512546637602
15/09/2026 21:06:48.014000;-0.000168979308656833
15/09/2026 21:06:48.024000;-0.000169644189426063
15/09/2026 21:06:48.034000;-0.00016851790432991
15/09/2026 21:06:48.044000;-0.000168692722118371
15/09/2026 21:06:48.054000;-0.000170515412502987
15/09/2026 21:06:48.064000;-0.000168976442791448
15/09/2026 21:06:48.074000;-0.000169632725964525
15/09/2026 21:06:48.084000;-0.00016899650384914
15/09/2026 21:06:48.094000;-0.000168019243752987
15/09/2026 21:06:48.104000;-0.000170051142310679
15/09/2026 21:06:48.114000;-0.000169099675002987
15/09/2026 21:06:48.124000;-0.000170154313464525
15/09/2026 21:06:48.134000;-0.000169019430772217
15/09/2026 21:06:48.144000;-0.000167087837502987
15/09/2026 21:06:48.154000;-0.000170890840868371
15/09/2026 21:06:48.164000;-0.000168985040387602
15/09/2026 21:06:48.174000;-0.00016836887932991
15/09/2026 21:06:48.184000;-0.000169285956252987
15/09/2026 21:06:48.194000;-0.000167231130772217
15/09/2026 21:06:48.204000;-0.000170420838945294
15/09/2026 21:06:48.214000;-0.000168701319714525
15/09/2026 21:06:48.224000;-0.000168953515868371
15/09/2026 21:06:48.234000;-0.000169403456733756
15/09/2026 21:06:48.244000;-0.000168775832214525
15/09/2026 21:06:48.254000;-0.000170197301445294
15/09/2026 21:06:48.264000;-0.000168314427887602
15/09/2026 21:06:48.274000;-0.000169466505772217
15/09/2026 21:06:48.284000;-0.000168016377887602
15/09/2026 21:06:48.294000;-0.00016955534759914
15/09/2026 21:06:48.304000;-0.000170102727887602
15/09/2026 21:06:48.314000;-0.000168621075483756
15/09/2026 21:06:48.324000;-0.000169148394714525
15/09/2026 21:06:48.334000;-0.000168280037502987
15/09/2026 21:06:48.344000;-0.000166480274041448
15/09/2026 21:06:48.354000;-0.000170965353368371
15/09/2026 21:06:48.364000;-0.000169578274522217
15/09/2026 21:06:48.374000;-0.00016963559182991
15/09/2026 21:06:48.384000;-0.000169830470676063
15/09/2026 21:06:48.394000;-0.000167715462022217
15/09/2026 21:06:48.404000;-0.000170951024041448
15/09/2026 21:06:48.414000;-0.000169535286541448
15/09/2026 21:06:48.424000;-0.000169417786060679
15/09/2026 21:06:48.434000;-0.00016944931057991
15/09/2026 21:06:48.444000;-0.000168752905291448
15/09/2026 21:06:48.454000;-0.000169721567791448
15/09/2026 21:06:48.464000;-0.000168371745195294
15/09/2026 21:06:48.474000;-0.000168684124522217
15/09/2026 21:06:48.484000;-0.000167910340868371
15/09/2026 21:06:48.494000;-0.000167875950483756
15/09/2026 21:06:48.504000;-0.000169397725002987
15/09/2026 21:06:48.514000;-0.000169068150483756
15/09/2026 21:06:48.524000;-0.000168732844233756
15/09/2026 21:06:48.534000;-0.000170154313464525
15/09/2026 21:06:48.544000;-0.000168856076445294
15/09/2026 21:06:48.554000;-0.00017019443557991
15/09/2026 21:06:48.564000;-0.000168858942310679
15/09/2026 21:06:48.574000;-0.000168632538945294
15/09/2026 21:06:48.584000;-0.000169753092310679
15/09/2026 21:06:48.594000;-0.000166832775483756
15/09/2026 21:06:48.604000;-0.000169022296637602
15/09/2026 21:06:48.614000;-0.000168540831252987
15/09/2026 21:06:48.624000;-0.000169234370676063
15/09/2026 21:06:48.634000;-0.000169452176445294
15/09/2026 21:06:48.644000;-0.000167812901445294
15/09/2026 21:06:48.654000;-0.000169804677887602
15/09/2026 21:06:48.664000;-0.00016962986009914
15/09/2026 21:06:48.674000;-0.000168429062502987
15/09/2026 21:06:48.684000;-0.000169022296637602
15/09/2026 21:06:48.694000;-0.000167073508176063
15/09/2026 21:06:48.704000;-0.000169483700964525
15/09/2026 21:06:48.714000;-0.000168655465868371
15/09/2026 21:06:48.724000;-0.000169624128368371
15/09/2026 21:06:48.734000;-0.00016903376009914
15/09/2026 21:06:48.744000;-0.000167632351926063
15/09/2026 21:06:48.754000;-0.000169755958176063
15/09/2026 21:06:48.764000;-0.000168641136541448
15/09/2026 21:06:48.774000;-0.000168497843272217
15/09/2026 21:06:48.784000;-0.000169079613945294
15/09/2026 21:06:48.794000;-0.000167973389906833
15/09/2026 21:06:48.804000;-0.000169297419714525
15/09/2026 21:06:48.814000;-0.000168973576926063
15/09/2026 21:06:48.824000;-0.000169793214426063
15/09/2026 21:06:48.834000;-0.00016944357884914
15/09/2026 21:06:48.844000;-0.000169996690868371
15/09/2026 21:06:48.854000;-0.000170022483656833
15/09/2026 21:06:48.864000;-0.000168764368752987
15/09/2026 21:06:48.874000;-0.00016858668509914
15/09/2026 21:06:48.884000;-0.000169214309618371
15/09/2026 21:06:48.894000;-0.00016840613557991
15/09/2026 21:06:48.904000;-0.000170360655772217
15/09/2026 21:06:48.914000;-0.000168434794233756
15/09/2026 21:06:48.924000;-0.000170056874041448
15/09/2026 21:06:48.934000;-0.000169091077406833
15/09/2026 21:06:48.944000;-0.00016810235384914
15/09/2026 21:06:48.954000;-0.000169641323560679
15/09/2026 21:06:48.964000;-0.000169864861060679
15/09/2026 21:06:48.974000;-0.000168649734137602
15/09/2026 21:06:48.984000;-0.000169079613945294
15/09/2026 21:06:48.994000;-0.000168205525002987
15/09/2026 21:06:49.004000;-0.000169718701926063
15/09/2026 21:06:49.014000;-0.000169584006252987
15/09/2026 21:06:49.024000;-0.000169509493752987
15/09/2026 21:06:49.034000;-0.000168721380772217
15/09/2026 21:06:49.044000;-0.000168328757214525
15/09/2026 21:06:49.054000;-0.00017126913509914
15/09/2026 21:06:49.064000;-0.000168039304810679
15/09/2026 21:06:49.074000;-0.000170320533656833
15/09/2026 21:06:49.084000;-0.000168887600964525
15/09/2026 21:06:49.094000;-0.000170011020195294
15/09/2026 21:06:49.104000;-0.00016862394134914
15/09/2026 21:06:49.114000;-0.000169340407695294
15/09/2026 21:06:49.124000;-0.000168615343752987
15/09/2026 21:06:49.134000;-0.00016936906634914
15/09/2026 21:06:49.144000;-0.000170148581733756
15/09/2026 21:06:49.154000;-0.000171114378368371
15/09/2026 21:06:49.164000;-0.000169308883176063
15/09/2026 21:06:49.174000;-0.000168489245676063
15/09/2026 21:06:49.184000;-0.000169641323560679
15/09/2026 21:06:49.194000;-0.000168208390868371
15/09/2026 21:06:49.204000;-0.000170595656733756
15/09/2026 21:06:49.214000;-0.000169718701926063
15/09/2026 21:06:49.224000;-0.000169116870195294
15/09/2026 21:06:49.234000;-0.000168457721156833
15/09/2026 21:06:49.244000;-0.000168076561060679
15/09/2026 21:06:49.254000;-0.000170684498560679
15/09/2026 21:06:49.264000;-0.000167853023560679
15/09/2026 21:06:49.274000;-0.000169844800002987
15/09/2026 21:06:49.284000;-0.00016911400432991
15/09/2026 21:06:49.294000;-0.000169959434618371
15/09/2026 21:06:49.304000;-0.000169790348560679
15/09/2026 21:06:49.314000;-0.000168970711060679
15/09/2026 21:06:49.324000;-0.000168707051445294
15/09/2026 21:06:49.334000;-0.000168870405772217
15/09/2026 21:06:49.344000;-0.000167554973560679
15/09/2026 21:06:49.354000;-0.000169841934137602
15/09/2026 21:06:49.364000;-0.000169586872118371
15/09/2026 21:06:49.374000;-0.000169687177406833
15/09/2026 21:06:49.384000;-0.000170031081252987
15/09/2026 21:06:49.394000;-0.000166755397118371
15/09/2026 21:06:49.404000;-0.00017015144759914
15/09/2026 21:06:49.414000;-0.000167741254810679
15/09/2026 21:06:49.424000;-0.000168122414906833
15/09/2026 21:06:49.434000;-0.000169500896156833
15/09/2026 21:06:49.444000;-0.00016925729759914
15/09/2026 21:06:49.454000;-0.000170647242310679
15/09/2026 21:06:49.464000;-0.000169721567791448
15/09/2026 21:06:49.474000;-0.00017011992307991
15/09/2026 21:06:49.484000;-0.000170108459618371
15/09/2026 21:06:49.494000;-0.000168388940387602
15/09/2026 21:06:49.504000;-0.000170489619714525
15/09/2026 21:06:49.514000;-0.000168824551926063
15/09/2026 21:06:49.524000;-0.000168999369714525
15/09/2026 21:06:49.534000;-0.000168655465868371
15/09/2026 21:06:49.544000;-0.000168411867310679
15/09/2026 21:06:49.554000;-0.000170541205291448
15/09/2026 21:06:49.564000;-0.000168151073560679
15/09/2026 21:06:49.574000;-0.000168265708176063
15/09/2026 21:06:49.584000;-0.000168910527887602
15/09/2026 21:06:49.594000;-0.000169661384618371
15/09/2026 21:06:49.604000;-0.00017130639134914
15/09/2026 21:06:49.614000;-0.000169234370676063
15/09/2026 21:06:49.624000;-0.00016862967307991
15/09/2026 21:06:49.634000;-0.000168933454810679
15/09/2026 21:06:49.644000;-0.000167557839426063
15/09/2026 21:06:49.654000;-0.00016922577307991
15/09/2026 21:06:49.664000;-0.000169678579810679
15/09/2026 21:06:49.674000;-0.000168578087502987
15/09/2026 21:06:49.684000;-0.000167764181733756
15/09/2026 21:06:49.694000;-0.000167354362983756
15/09/2026 21:06:49.704000;-0.000169761689906833
15/09/2026 21:06:49.714000;-0.000167746986541448
15/09/2026 21:06:49.724000;-0.000169844800002987
15/09/2026 21:06:49.734000;-0.000169515225483756
15/09/2026 21:06:49.744000;-0.000167686803368371
15/09/2026 21:06:49.754000;-0.000170796267310679
15/09/2026 21:06:49.764000;-0.000168764368752987
15/09/2026 21:06:49.774000;-0.000170033947118371
15/09/2026 21:06:49.784000;-0.000168300098560679
15/09/2026 21:06:49.794000;-0.000168409001445294
15/09/2026 21:06:49.804000;-0.000169976629810679
15/09/2026 21:06:49.814000;-0.000170174374522217
15/09/2026 21:06:49.824000;-0.000169824738945294
15/09/2026 21:06:49.834000;-0.00016844339182991
15/09/2026 21:06:49.844000;-0.000166632164906833
15/09/2026 21:06:49.854000;-0.000170257484618371
15/09/2026 21:06:49.864000;-0.000169632725964525
15/09/2026 21:06:49.874000;-0.000169013699041448
15/09/2026 21:06:49.884000;-0.000169990959137602
15/09/2026 21:06:49.894000;-0.000167380155772217
15/09/2026 21:06:49.904000;-0.000170248887022217
15/09/2026 21:06:49.914000;-0.000168976442791448
15/09/2026 21:06:49.924000;-0.000168302964426063
15/09/2026 21:06:49.934000;-0.000169578274522217
15/09/2026 21:06:49.944000;-0.000166958873560679
15/09/2026 21:06:49.954000;-0.000169429249522217
15/09/2026 21:06:49.964000;-0.000168320159618371
15/09/2026 21:06:49.974000;-0.000169297419714525
15/09/2026 21:06:49.984000;-0.00016807082932991
15/09/2026 21:06:49.994000;-0.000165944357214525
15/09/2026 21:06:50.004000;-0.00017000815432991
15/09/2026 21:06:50.014000;-0.000168529367791448
15/09/2026 21:06:50.024000;-0.000169727299522217
15/09/2026 21:06:50.034000;-0.000168007780291448
15/09/2026 21:06:50.044000;-0.00016717667932991
15/09/2026 21:06:50.054000;-0.000170650108176063
15/09/2026 21:06:50.064000;-0.000169111138464525
15/09/2026 21:06:50.074000;-0.000169254431733756
15/09/2026 21:06:50.084000;-0.000169563945195294
15/09/2026 21:06:50.094000;-0.00016609624807991
15/09/2026 21:06:50.104000;-0.000171400964906833
15/09/2026 21:06:50.114000;-0.000168795893272217
15/09/2026 21:06:50.124000;-0.000169053821156833
15/09/2026 21:06:50.134000;-0.000168970711060679
15/09/2026 21:06:50.144000;-0.000168669795195294
15/09/2026 21:06:50.154000;-0.000168546562983756
15/09/2026 21:06:50.164000;-0.00016881595432991
15/09/2026 21:06:50.174000;-0.000169472237502987
15/09/2026 21:06:50.184000;-0.00016911400432991
15/09/2026 21:06:50.194000;-0.000167491924522217
15/09/2026 21:06:50.204000;-0.000169827604810679
15/09/2026 21:06:50.214000;-0.000169810409618371
15/09/2026 21:06:50.224000;-0.000169446444714525
15/09/2026 21:06:50.234000;-0.000169148394714525
15/09/2026 21:06:50.244000;-0.00016582972259914
15/09/2026 21:06:50.254000;-0.000168944918272217
15/09/2026 21:06:50.264000;-0.000169655652887602
15/09/2026 21:06:50.274000;-0.000169558213464525
15/09/2026 21:06:50.284000;-0.000168305830291448
15/09/2026 21:06:50.294000;-0.000167666742310679
15/09/2026 21:06:50.304000;-0.00017141816009914
15/09/2026 21:06:50.314000;-0.00016840040384914
15/09/2026 21:06:50.324000;-0.000169796080291448
15/09/2026 21:06:50.334000;-0.000169174187502987
15/09/2026 21:06:50.344000;-0.000167311375002987
15/09/2026 21:06:50.354000;-0.000169237236541448
15/09/2026 21:06:50.364000;-0.00016795332884914
15/09/2026 21:06:50.374000;-0.000169942239426063
15/09/2026 21:06:50.384000;-0.000167870218752987
15/09/2026 21:06:50.394000;-0.000168337354810679
15/09/2026 21:06:50.404000;-0.00016799631682991
15/09/2026 21:06:50.414000;-0.000169538152406833
15/09/2026 21:06:50.424000;-0.000169520957214525
15/09/2026 21:06:50.434000;-0.000168729978368371
15/09/2026 21:06:50.444000;-0.000167970524041448
15/09/2026 21:06:50.454000;-0.000171486940868371
15/09/2026 21:06:50.464000;-0.00016877296634914
15/09/2026 21:06:50.474000;-0.00016941205432991
15/09/2026 21:06:50.484000;-0.000169156992310679
15/09/2026 21:06:50.494000;-0.000168807356733756
15/09/2026 21:06:50.504000;-0.000169274492791448
15/09/2026 21:06:50.514000;-0.000168583819233756
15/09/2026 21:06:50.524000;-0.000168956381733756
15/09/2026 21:06:50.534000;-0.000168569489906833
15/09/2026 21:06:50.544000;-0.000168626807214525
15/09/2026 21:06:50.554000;-0.00017052974182991
15/09/2026 21:06:50.564000;-0.00016825711057991
15/09/2026 21:06:50.574000;-0.00016870418557991
15/09/2026 21:06:50.584000;-0.000168583819233756
15/09/2026 21:06:50.594000;-0.000168618209618371
15/09/2026 21:06:50.604000;-0.000170664437502987
15/09/2026 21:06:50.614000;-0.000169171321637602
15/09/2026 21:06:50.624000;-0.000170283277406833
15/09/2026 21:06:50.634000;-0.000169750226445294
15/09/2026 21:06:50.644000;-0.000168758637022217
15/09/2026 21:06:50.654000;-0.000169870592791448
15/09/2026 21:06:50.664000;-0.000169285956252987
15/09/2026 21:06:50.674000;-0.000168836015387602
15/09/2026 21:06:50.684000;-0.000169154126445294
15/09/2026 21:06:50.694000;-0.000168672661060679
15/09/2026 21:06:50.704000;-0.000169810409618371
15/09/2026 21:06:50.714000;-0.000170205899041448
15/09/2026 21:06:50.724000;-0.000169839068272217
15/09/2026 21:06:50.734000;-0.00016929455384914
15/09/2026 21:06:50.744000;-0.000168131012502987
15/09/2026 21:06:50.754000;-0.000169466505772217
15/09/2026 21:06:50.764000;-0.00016870418557991
15/09/2026 21:06:50.774000;-0.000169240102406833
15/09/2026 21:06:50.784000;-0.000168692722118371
15/09/2026 21:06:50.794000;-0.000167970524041448
15/09/2026 21:06:50.804000;-0.000170237423560679
15/09/2026 21:06:50.814000;-0.000168692722118371
15/09/2026 21:06:50.824000;-0.000169460774041448
15/09/2026 21:06:50.834000;-0.000168259976445294
15/09/2026 21:06:50.844000;-0.000168234183656833
15/09/2026 21:06:50.854000;-0.000170615717791448
15/09/2026 21:06:50.864000;-0.000168724246637602
15/09/2026 21:06:50.874000;-0.00016877296634914
15/09/2026 21:06:50.884000;-0.000169366200483756
15/09/2026 21:06:50.894000;-0.000168830283656833
15/09/2026 21:06:50.904000;-0.000169417786060679
15/09/2026 21:06:50.914000;-0.000169681445676063
15/09/2026 21:06:50.924000;-0.00016948083509914
15/09/2026 21:06:50.934000;-0.000169131199522217
15/09/2026 21:06:50.944000;-0.000167259789426063
15/09/2026 21:06:50.954000;-0.000169776019233756
15/09/2026 21:06:50.964000;-0.000169790348560679
15/09/2026 21:06:50.974000;-0.000169922178368371
15/09/2026 21:06:50.984000;-0.000169581140387602
15/09/2026 21:06:50.994000;-0.000166460212983756
15/09/2026 21:06:51.004000;-0.000170148581733756
15/09/2026 21:06:51.014000;-0.000169136931252987
15/09/2026 21:06:51.024000;-0.000169841934137602
15/09/2026 21:06:51.034000;-0.000168953515868371
15/09/2026 21:06:51.044000;-0.000166867165868371
15/09/2026 21:06:51.054000;-0.000169503762022217
15/09/2026 21:06:51.064000;-0.000168899064426063
15/09/2026 21:06:51.074000;-0.000169655652887602
15/09/2026 21:06:51.084000;-0.00016859241682991
15/09/2026 21:06:51.094000;-0.000168271439906833
15/09/2026 21:06:51.104000;-0.000168919125483756
15/09/2026 21:06:51.114000;-0.000168116683176063
15/09/2026 21:06:51.124000;-0.00017011419134914
15/09/2026 21:06:51.134000;-0.000170601388464525
15/09/2026 21:06:51.144000;-0.000168821686060679
15/09/2026 21:06:51.154000;-0.000170526875964525
15/09/2026 21:06:51.164000;-0.000169446444714525
15/09/2026 21:06:51.174000;-0.000169360468752987
15/09/2026 21:06:51.184000;-0.000170042544714525
15/09/2026 21:06:51.194000;-0.000169242968272217
15/09/2026 21:06:51.204000;-0.000169807543752986
15/09/2026 21:06:51.214000;-0.000170062605772217
15/09/2026 21:06:51.224000;-0.000169386261541448
15/09/2026 21:06:51.234000;-0.00016933754182991
15/09/2026 21:06:51.244000;-0.000170022483656833
15/09/2026 21:06:51.254000;-0.000169177053368371
15/09/2026 21:06:51.264000;-0.000168552294714525
15/09/2026 21:06:51.274000;-0.000169543884137602
15/09/2026 21:06:51.284000;-0.000170177240387602
15/09/2026 21:06:51.294000;-0.00016825137884914
15/09/2026 21:06:51.304000;-0.000169377663945294
15/09/2026 21:06:51.314000;-0.000168675526926063
15/09/2026 21:06:51.324000;-0.000169125467791448
15/09/2026 21:06:51.334000;-0.00016926302932991
15/09/2026 21:06:51.344000;-0.00016676686057991
15/09/2026 21:06:51.354000;-0.000170065471637602
15/09/2026 21:06:51.364000;-0.000169947971156833
15/09/2026 21:06:51.374000;-0.000168721380772217
15/09/2026 21:06:51.384000;-0.000169945105291448
15/09/2026 21:06:51.394000;-0.000168429062502987
15/09/2026 21:06:51.404000;-0.000169437847118371
15/09/2026 21:06:51.414000;-0.000170071203368371
15/09/2026 21:06:51.424000;-0.00016915126057991
15/09/2026 21:06:51.434000;-0.000168649734137602
15/09/2026 21:06:51.444000;-0.00016784156009914
15/09/2026 21:06:51.454000;-0.000169819007214525
15/09/2026 21:06:51.464000;-0.000169446444714525
15/09/2026 21:06:51.474000;-0.000167592229810679
15/09/2026 21:06:51.484000;-0.000168681258656833
15/09/2026 21:06:51.494000;-0.000168543697118371
15/09/2026 21:06:51.504000;-0.000169844800002987
15/09/2026 21:06:51.514000;-0.00016843766009914
15/09/2026 21:06:51.524000;-0.000169904983176063
15/09/2026 21:06:51.534000;-0.000168652600002987
15/09/2026 21:06:51.544000;-0.000167222533176063
15/09/2026 21:06:51.554000;-0.000171134439426063
15/09/2026 21:06:51.564000;-0.000168649734137602
15/09/2026 21:06:51.574000;-0.000169403456733756
15/09/2026 21:06:51.584000;-0.000170122788945294
15/09/2026 21:06:51.594000;-0.000166331249041448
15/09/2026 21:06:51.604000;-0.000169684311541448
15/09/2026 21:06:51.614000;-0.00016866692932991
15/09/2026 21:06:51.624000;-0.000167649547118371
15/09/2026 21:06:51.634000;-0.000168644002406833
15/09/2026 21:06:51.644000;-0.000168503575002987
15/09/2026 21:06:51.654000;-0.000169440712983756
15/09/2026 21:06:51.664000;-0.000169351871156833
15/09/2026 21:06:51.674000;-0.00016840613557991
15/09/2026 21:06:51.684000;-0.000168603880291448
15/09/2026 21:06:51.694000;-0.000168678392791448
15/09/2026 21:06:51.704000;-0.00017000242259914
15/09/2026 21:06:51.714000;-0.000168451989426063
15/09/2026 21:06:51.724000;-0.00016885321057991
15/09/2026 21:06:51.734000;-0.000168013512022217
15/09/2026 21:06:51.744000;-0.000167062044714525
15/09/2026 21:06:51.754000;-0.000170054008176063
15/09/2026 21:06:51.764000;-0.000168881869233756
15/09/2026 21:06:51.774000;-0.00016933181009914
15/09/2026 21:06:51.784000;-0.000168457721156833
15/09/2026 21:06:51.794000;-0.000168345952406833
15/09/2026 21:06:51.804000;-0.000169403456733756
15/09/2026 21:06:51.814000;-0.000168692722118371
15/09/2026 21:06:51.824000;-0.000170139984137602
15/09/2026 21:06:51.834000;-0.000170420838945294
15/09/2026 21:06:51.844000;-0.000168056500002987
15/09/2026 21:06:51.854000;-0.000169982361541448
15/09/2026 21:06:51.864000;-0.000170033947118371
15/09/2026 21:06:51.874000;-0.000169285956252987
15/09/2026 21:06:51.884000;-0.000170203033176063
15/09/2026 21:06:51.894000;-0.000167354362983756
15/09/2026 21:06:51.904000;-0.000169847665868371
15/09/2026 21:06:51.914000;-0.000170271813945294
15/09/2026 21:06:51.924000;-0.000168750039426063
15/09/2026 21:06:51.934000;-0.000170122788945294
15/09/2026 21:06:51.944000;-0.000166867165868371
15/09/2026 21:06:51.954000;-0.000169541018272217
15/09/2026 21:06:51.964000;-0.000169308883176063
15/09/2026 21:06:51.974000;-0.000168824551926063
15/09/2026 21:06:51.984000;-0.000169615530772217
15/09/2026 21:06:51.994000;-0.000167532046637602
15/09/2026 21:06:52.004000;-0.000170145715868371
15/09/2026 21:06:52.014000;-0.000169162724041448
15/09/2026 21:06:52.024000;-0.000167540644233756
15/09/2026 21:06:52.034000;-0.000168119549041448
15/09/2026 21:06:52.044000;-0.00016848064807991
15/09/2026 21:06:52.054000;-0.000169165589906833
15/09/2026 21:06:52.064000;-0.00016910827259914
15/09/2026 21:06:52.074000;-0.000169242968272217
15/09/2026 21:06:52.084000;-0.000168973576926063
15/09/2026 21:06:52.094000;-0.000167775645195294
15/09/2026 21:06:52.104000;-0.000170839255291448
15/09/2026 21:06:52.114000;-0.000168729978368371
15/09/2026 21:06:52.124000;-0.000168858942310679
15/09/2026 21:06:52.134000;-0.000169397725002987
15/09/2026 21:06:52.144000;-0.000167256923560679
15/09/2026 21:06:52.154000;-0.000169690043272217
15/09/2026 21:06:52.164000;-0.00016985912932991
15/09/2026 21:06:52.174000;-0.000169641323560679
15/09/2026 21:06:52.184000;-0.000169205712022217
15/09/2026 21:06:52.194000;-0.000168016377887602
15/09/2026 21:06:52.204000;-0.000169956568752987
15/09/2026 21:06:52.214000;-0.000169738762983756
15/09/2026 21:06:52.224000;-0.000168985040387602
15/09/2026 21:06:52.234000;-0.000168621075483756
15/09/2026 21:06:52.244000;-0.000168188329810679
15/09/2026 21:06:52.254000;-0.00017015717932991
15/09/2026 21:06:52.264000;-0.00017000242259914
15/09/2026 21:06:52.274000;-0.000168970711060679
15/09/2026 21:06:52.284000;-0.000169434981252987
15/09/2026 21:06:52.294000;-0.000168053634137602
15/09/2026 21:06:52.304000;-0.000169609799041448
15/09/2026 21:06:52.314000;-0.000168784429810679
15/09/2026 21:06:52.324000;-0.000169469371637602
15/09/2026 21:06:52.334000;-0.000169460774041448
15/09/2026 21:06:52.344000;-0.000167411680291448
15/09/2026 21:06:52.354000;-0.00017108858557991
15/09/2026 21:06:52.364000;-0.000169082479810679
15/09/2026 21:06:52.374000;-0.00016937479807991
15/09/2026 21:06:52.384000;-0.000168537965387602
15/09/2026 21:06:52.394000;-0.000168133878368371
15/09/2026 21:06:52.404000;-0.000169420651926063
15/09/2026 21:06:52.414000;-0.000169457908176063
15/09/2026 21:06:52.424000;-0.000169618396637602
15/09/2026 21:06:52.434000;-0.000169136931252987
15/09/2026 21:06:52.444000;-0.000167529180772217
15/09/2026 21:06:52.454000;-0.00016970437259914
15/09/2026 21:06:52.464000;-0.000169248700002987
15/09/2026 21:06:52.474000;-0.00016810808557991
15/09/2026 21:06:52.484000;-0.000169446444714525
15/09/2026 21:06:52.494000;-0.000168088024522217
15/09/2026 21:06:52.504000;-0.000170205899041448
15/09/2026 21:06:52.514000;-0.00016862394134914
15/09/2026 21:06:52.524000;-0.000169512359618371
15/09/2026 21:06:52.534000;-0.000169947971156833
15/09/2026 21:06:52.544000;-0.000168440525964525
15/09/2026 21:06:52.554000;-0.000170314801926063
15/09/2026 21:06:52.564000;-0.000169022296637602
15/09/2026 21:06:52.574000;-0.000169197114426063
15/09/2026 21:06:52.584000;-0.000168836015387602
15/09/2026 21:06:52.594000;-0.000168110951445294
15/09/2026 21:06:52.604000;-0.000170311936060679
15/09/2026 21:06:52.614000;-0.000169990959137602
15/09/2026 21:06:52.624000;-0.000169099675002987
15/09/2026 21:06:52.634000;-0.000170999743752987
15/09/2026 21:06:52.644000;-0.000168119549041448
15/09/2026 21:06:52.654000;-0.00016985339759914
15/09/2026 21:06:52.664000;-0.000168864674041448
15/09/2026 21:06:52.674000;-0.000169993825002987
15/09/2026 21:06:52.684000;-0.000168744307695294
15/09/2026 21:06:52.694000;-0.000167463265868371
15/09/2026 21:06:52.704000;-0.00017175346634914
15/09/2026 21:06:52.714000;-0.000169420651926063
15/09/2026 21:06:52.724000;-0.000169850531733756
15/09/2026 21:06:52.734000;-0.000168216988464525
15/09/2026 21:06:52.744000;-0.000167907475002987
15/09/2026 21:06:52.754000;-0.000169323212502987
15/09/2026 21:06:52.764000;-0.000167626620195294
15/09/2026 21:06:52.774000;-0.000168790161541448
15/09/2026 21:06:52.784000;-0.000169099675002987
15/09/2026 21:06:52.794000;-0.000167640949522217
15/09/2026 21:06:52.804000;-0.000169217175483756
15/09/2026 21:06:52.814000;-0.000169541018272217
15/09/2026 21:06:52.824000;-0.00016874144182991
15/09/2026 21:06:52.834000;-0.000169343273560679
15/09/2026 21:06:52.844000;-0.000168383208656833
15/09/2026 21:06:52.854000;-0.000169400590868371
15/09/2026 21:06:52.864000;-0.000169469371637602
15/09/2026 21:06:52.874000;-0.000168426196637602
15/09/2026 21:06:52.884000;-0.000169546750002987
15/09/2026 21:06:52.894000;-0.000167993450964525
15/09/2026 21:06:52.904000;-0.000170131386541448
15/09/2026 21:06:52.914000;-0.000168798759137602
15/09/2026 21:06:52.924000;-0.000168472050483756
15/09/2026 21:06:52.934000;-0.000169873458656833
15/09/2026 21:06:52.944000;-0.000167703998560679
15/09/2026 21:06:52.954000;-0.000169976629810679
15/09/2026 21:06:52.964000;-0.000168079426926063
15/09/2026 21:06:52.974000;-0.000168621075483756
15/09/2026 21:06:52.984000;-0.000169105406733756
15/09/2026 21:06:52.994000;-0.000167534912502987
15/09/2026 21:06:53.004000;-0.000169678579810679
15/09/2026 21:06:53.014000;-0.000170134252406833
15/09/2026 21:06:53.024000;-0.000168429062502987
15/09/2026 21:06:53.034000;-0.000168801625002987
15/09/2026 21:06:53.044000;-0.00016859241682991
15/09/2026 21:06:53.054000;-0.000168664063464525
15/09/2026 21:06:53.064000;-0.000169520957214525
15/09/2026 21:06:53.074000;-0.000169973763945294
15/09/2026 21:06:53.084000;-0.000169830470676063
15/09/2026 21:06:53.094000;-0.00016765527884914
15/09/2026 21:06:53.104000;-0.000170042544714525
15/09/2026 21:06:53.114000;-0.000169744494714525
15/09/2026 21:06:53.124000;-0.000168715649041448
15/09/2026 21:06:53.134000;-0.000168744307695294
15/09/2026 21:06:53.144000;-0.00016750625384914
15/09/2026 21:06:53.154000;-0.00017011992307991
15/09/2026 21:06:53.164000;-0.000170323399522217
15/09/2026 21:06:53.174000;-0.000167746986541448
15/09/2026 21:06:53.184000;-0.000168727112502987
15/09/2026 21:06:53.194000;-0.000168580953368371
15/09/2026 21:06:53.204000;-0.000170489619714525
15/09/2026 21:06:53.214000;-0.000170197301445294
15/09/2026 21:06:53.224000;-0.000169595469714525
15/09/2026 21:06:53.234000;-0.000170618583656833
15/09/2026 21:06:53.244000;-0.000169234370676063
15/09/2026 21:06:53.254000;-0.000169455042310679
15/09/2026 21:06:53.264000;-0.00017041797307991
15/09/2026 21:06:53.274000;-0.000170406509618371
15/09/2026 21:06:53.284000;-0.000168962113464525
15/09/2026 21:06:53.294000;-0.000167322838464525
15/09/2026 21:06:53.304000;-0.000170105593752987
15/09/2026 21:06:53.314000;-0.000170584193272217
15/09/2026 21:06:53.324000;-0.000168002048560679
15/09/2026 21:06:53.334000;-0.000168537965387602
15/09/2026 21:06:53.344000;-0.000168646868272217
15/09/2026 21:06:53.354000;-0.00016982187307991
15/09/2026 21:06:53.364000;-0.000168067963464525
15/09/2026 21:06:53.374000;-0.000168231317791448
15/09/2026 21:06:53.384000;-0.000168603880291448
15/09/2026 21:06:53.394000;-0.000168088024522217
15/09/2026 21:06:53.404000;-0.000170048276445294
15/09/2026 21:06:53.414000;-0.000169222907214525
15/09/2026 21:06:53.424000;-0.000169727299522217
15/09/2026 21:06:53.434000;-0.000168133878368371
15/09/2026 21:06:53.444000;-0.000169460774041448
15/09/2026 21:06:53.454000;-0.000169712970195294
15/09/2026 21:06:53.464000;-0.000168707051445294
15/09/2026 21:06:53.474000;-0.00016955534759914
15/09/2026 21:06:53.484000;-0.000169131199522217
15/09/2026 21:06:53.494000;-0.000168305830291448
15/09/2026 21:06:53.504000;-0.000170013886060679
15/09/2026 21:06:53.514000;-0.000168686990387602
15/09/2026 21:06:53.524000;-0.000168641136541448
15/09/2026 21:06:53.534000;-0.00017033772884914
15/09/2026 21:06:53.544000;-0.000167451802406833
15/09/2026 21:06:53.554000;-0.000169730165387602
15/09/2026 21:06:53.564000;-0.000169079613945294
15/09/2026 21:06:53.574000;-0.000169624128368371
15/09/2026 21:06:53.584000;-0.000169400590868371
15/09/2026 21:06:53.594000;-0.000167552107695294
15/09/2026 21:06:53.604000;-0.000170429436541448
15/09/2026 21:06:53.614000;-0.000169171321637602
15/09/2026 21:06:53.624000;-0.000169050955291448
15/09/2026 21:06:53.634000;-0.000168245647118371
15/09/2026 21:06:53.644000;-0.000168317293752987
15/09/2026 21:06:53.654000;-0.00016978461682991
15/09/2026 21:06:53.664000;-0.000169770287502987
15/09/2026 21:06:53.674000;-0.000169475103368371
15/09/2026 21:06:53.684000;-0.000168767234618371
15/09/2026 21:06:53.694000;-0.000169492298560679
15/09/2026 21:06:53.704000;-0.000168239915387602
15/09/2026 21:06:53.714000;-0.000169913580772217
15/09/2026 21:06:53.724000;-0.000169125467791448
15/09/2026 21:06:53.734000;-0.000168913393752987
15/09/2026 21:06:53.744000;-0.000168002048560679
15/09/2026 21:06:53.754000;-0.000169962300483756
15/09/2026 21:06:53.764000;-0.000167348631252987
15/09/2026 21:06:53.774000;-0.000170111325483756
15/09/2026 21:06:53.784000;-0.000169787482695294
15/09/2026 21:06:53.794000;-0.000169131199522217
15/09/2026 21:06:53.804000;-0.00016948083509914
15/09/2026 21:06:53.814000;-0.000170558400483756
15/09/2026 21:06:53.824000;-0.000169297419714525
15/09/2026 21:06:53.834000;-0.000170162911060679
15/09/2026 21:06:53.844000;-0.000167626620195294
15/09/2026 21:06:53.854000;-0.000170065471637602
15/09/2026 21:06:53.864000;-0.000169397725002987
15/09/2026 21:06:53.874000;-0.000168973576926063
15/09/2026 21:06:53.884000;-0.000170085532695294
15/09/2026 21:06:53.894000;-0.000167672474041448
15/09/2026 21:06:53.904000;-0.000170357789906833
15/09/2026 21:06:53.914000;-0.000171019804810679
15/09/2026 21:06:53.924000;-0.000168721380772217
15/09/2026 21:06:53.934000;-0.000168979308656833
15/09/2026 21:06:53.944000;-0.000170128520676063
15/09/2026 21:06:53.954000;-0.000169767421637602
15/09/2026 21:06:53.964000;-0.000170019617791448
15/09/2026 21:06:53.974000;-0.000168990772118371
15/09/2026 21:06:53.984000;-0.000168870405772217
15/09/2026 21:06:53.994000;-0.000168248512983756
15/09/2026 21:06:54.004000;-0.00016910827259914
15/09/2026 21:06:54.014000;-0.000168271439906833
15/09/2026 21:06:54.024000;-0.000168472050483756
15/09/2026 21:06:54.034000;-0.000169085345676063
15/09/2026 21:06:54.044000;-0.000168506440868371
15/09/2026 21:06:54.054000;-0.000170819194233756
15/09/2026 21:06:54.064000;-0.00016888473509914
15/09/2026 21:06:54.074000;-0.000169346139426063
15/09/2026 21:06:54.084000;-0.000169062418752987
15/09/2026 21:06:54.094000;-0.000167557839426063
15/09/2026 21:06:54.104000;-0.000168002048560679
15/09/2026 21:06:54.114000;-0.00016948083509914
15/09/2026 21:06:54.124000;-0.000168271439906833
15/09/2026 21:06:54.134000;-0.000169420651926063
15/09/2026 21:06:54.144000;-0.000168185463945294
15/09/2026 21:06:54.154000;-0.000168967845195294
15/09/2026 21:06:54.164000;-0.000169956568752987
15/09/2026 21:06:54.174000;-0.00016985339759914
15/09/2026 21:06:54.184000;-0.000169308883176063
15/09/2026 21:06:54.194000;-0.000167738388945294
15/09/2026 21:06:54.204000;-0.00017018870384914
15/09/2026 21:06:54.214000;-0.000168426196637602
15/09/2026 21:06:54.224000;-0.000169902117310679
15/09/2026 21:06:54.234000;-0.000169503762022217
15/09/2026 21:06:54.244000;-0.000166672287022217
15/09/2026 21:06:54.254000;-0.000170260350483756
15/09/2026 21:06:54.264000;-0.000170154313464525
15/09/2026 21:06:54.274000;-0.000169091077406833
15/09/2026 21:06:54.284000;-0.00016847491634914
15/09/2026 21:06:54.294000;-0.000168775832214525
15/09/2026 21:06:54.304000;-0.000170707425483756
15/09/2026 21:06:54.314000;-0.000169695775002987
15/09/2026 21:06:54.324000;-0.00017074754759914
15/09/2026 21:06:54.334000;-0.000168047902406833
15/09/2026 21:06:54.344000;-0.00016694741009914
15/09/2026 21:06:54.354000;-0.000169884922118371
15/09/2026 21:06:54.364000;-0.000170291875002987
15/09/2026 21:06:54.374000;-0.000167890279810679
15/09/2026 21:06:54.384000;-0.000170108459618371
15/09/2026 21:06:54.394000;-0.000168291500964525
15/09/2026 21:06:54.404000;-0.00016977888509914
15/09/2026 21:06:54.414000;-0.000168277171637602
15/09/2026 21:06:54.424000;-0.00016828863509914
15/09/2026 21:06:54.434000;-0.000169707238464525
15/09/2026 21:06:54.444000;-0.000167844425964525
15/09/2026 21:06:54.454000;-0.000169217175483756
15/09/2026 21:06:54.464000;-0.000170257484618371
15/09/2026 21:06:54.474000;-0.00016948656682991
15/09/2026 21:06:54.484000;-0.000169787482695294
15/09/2026 21:06:54.494000;-0.00016877296634914
15/09/2026 21:06:54.504000;-0.000169535286541448
15/09/2026 21:06:54.514000;-0.000169861995195294
15/09/2026 21:06:54.524000;-0.000169526688945294
15/09/2026 21:06:54.534000;-0.000169976629810679
15/09/2026 21:06:54.544000;-0.000168881869233756
15/09/2026 21:06:54.554000;-0.000169681445676063
15/09/2026 21:06:54.564000;-0.000169093943272217
15/09/2026 21:06:54.574000;-0.000169380529810679
15/09/2026 21:06:54.584000;-0.000168297232695294
15/09/2026 21:06:54.594000;-0.000167494790387602
15/09/2026 21:06:54.604000;-0.000170068337502987
15/09/2026 21:06:54.614000;-0.00016829436682991
15/09/2026 21:06:54.624000;-0.000169349005291448
15/09/2026 21:06:54.634000;-0.00016807082932991
15/09/2026 21:06:54.644000;-0.000168411867310679
15/09/2026 21:06:54.654000;-0.000169354737022217
15/09/2026 21:06:54.664000;-0.000170128520676063
15/09/2026 21:06:54.674000;-0.000170168642791448
15/09/2026 21:06:54.684000;-0.000169274492791448
15/09/2026 21:06:54.694000;-0.000167107898560679
15/09/2026 21:06:54.704000;-0.000170569863945294
15/09/2026 21:06:54.714000;-0.000168168268752987
15/09/2026 21:06:54.724000;-0.00016974162884914
15/09/2026 21:06:54.734000;-0.000169830470676063
15/09/2026 21:06:54.744000;-0.000166474542310679
15/09/2026 21:06:54.754000;-0.000169916446637602
15/09/2026 21:06:54.764000;-0.000169050955291448
15/09/2026 21:06:54.774000;-0.000169738762983756
15/09/2026 21:06:54.784000;-0.000168016377887602
15/09/2026 21:06:54.794000;-0.000166715275002987
15/09/2026 21:06:54.804000;-0.000170478156252987
15/09/2026 21:06:54.814000;-0.000168211256733756
15/09/2026 21:06:54.824000;-0.000168010646156833
15/09/2026 21:06:54.834000;-0.000170346326445294
15/09/2026 21:06:54.844000;-0.000166864300002987
15/09/2026 21:06:54.854000;-0.00016933181009914
15/09/2026 21:06:54.864000;-0.000169260163464525
15/09/2026 21:06:54.874000;-0.000168678392791448
15/09/2026 21:06:54.884000;-0.000168082292791448
15/09/2026 21:06:54.894000;-0.000168535099522217
15/09/2026 21:06:54.904000;-0.000169985227406833
15/09/2026 21:06:54.914000;-0.000169022296637602
15/09/2026 21:06:54.924000;-0.000169185650964525
15/09/2026 21:06:54.934000;-0.000168758637022217
15/09/2026 21:06:54.944000;-0.000167663876445294
15/09/2026 21:06:54.954000;-0.000169455042310679
15/09/2026 21:06:54.964000;-0.000168228451926063
15/09/2026 21:06:54.974000;-0.000169810409618371
15/09/2026 21:06:54.984000;-0.000169022296637602
15/09/2026 21:06:54.994000;-0.000168489245676063
15/09/2026 21:06:55.004000;-0.000170446631733756
15/09/2026 21:06:55.014000;-0.00016732570432991
15/09/2026 21:06:55.024000;-0.000169652787022217
15/09/2026 21:06:55.034000;-0.00016944931057991
15/09/2026 21:06:55.044000;-0.000168211256733756
15/09/2026 21:06:55.054000;-0.000169377663945294
15/09/2026 21:06:55.064000;-0.000169409188464525
15/09/2026 21:06:55.074000;-0.000168423330772217
15/09/2026 21:06:55.084000;-0.000170048276445294
15/09/2026 21:06:55.094000;-0.000168024975483756
15/09/2026 21:06:55.104000;-0.000170108459618371
15/09/2026 21:06:55.114000;-0.000169996690868371
15/09/2026 21:06:55.124000;-0.000168790161541448
15/09/2026 21:06:55.134000;-0.000168758637022217
15/09/2026 21:06:55.144000;-0.000167572168752987
15/09/2026 21:06:55.154000;-0.00016963559182991
15/09/2026 21:06:55.164000;-0.000168340220676063
15/09/2026 21:06:55.174000;-0.000169996690868371
15/09/2026 21:06:55.184000;-0.000169512359618371
15/09/2026 21:06:55.194000;-0.00016833162307991
15/09/2026 21:06:55.204000;-0.000170612851926063
15/09/2026 21:06:55.214000;-0.000169632725964525
15/09/2026 21:06:55.224000;-0.00016944931057991
15/09/2026 21:06:55.234000;-0.000169824738945294
15/09/2026 21:06:55.244000;-0.00016818259807991
15/09/2026 21:06:55.254000;-0.000170587059137602
15/09/2026 21:06:55.264000;-0.000169426383656833
15/09/2026 21:06:55.274000;-0.000169563945195294
15/09/2026 21:06:55.284000;-0.000168162537022217
15/09/2026 21:06:55.294000;-0.00016874144182991
15/09/2026 21:06:55.304000;-0.000169753092310679
15/09/2026 21:06:55.314000;-0.00016971010432991
15/09/2026 21:06:55.324000;-0.00016992791009914
15/09/2026 21:06:55.334000;-0.000168644002406833
15/09/2026 21:06:55.344000;-0.000168626807214525
15/09/2026 21:06:55.354000;-0.000169391993272217
15/09/2026 21:06:55.364000;-0.000168265708176063
15/09/2026 21:06:55.374000;-0.000168904796156833
15/09/2026 21:06:55.384000;-0.000169053821156833
15/09/2026 21:06:55.394000;-0.000167205337983756
15/09/2026 21:06:55.404000;-0.000169945105291448
15/09/2026 21:06:55.414000;-0.000170042544714525
15/09/2026 21:06:55.424000;-0.000168870405772217
15/09/2026 21:06:55.434000;-0.000168454855291448
15/09/2026 21:06:55.444000;-0.000168787295676063
15/09/2026 21:06:55.454000;-0.000168976442791448
15/09/2026 21:06:55.464000;-0.00017123761057991
15/09/2026 21:06:55.474000;-0.000169389127406833
15/09/2026 21:06:55.484000;-0.000169391993272217
15/09/2026 21:06:55.494000;-0.000168016377887602
15/09/2026 21:06:55.504000;-0.000170426570676063
15/09/2026 21:06:55.514000;-0.000168274305772217
15/09/2026 21:06:55.524000;-0.00016814534182991
15/09/2026 21:06:55.534000;-0.000168933454810679
15/09/2026 21:06:55.544000;-0.00016724546009914
15/09/2026 21:06:55.554000;-0.000170942426445294
15/09/2026 21:06:55.564000;-0.000169417786060679
15/09/2026 21:06:55.574000;-0.000168976442791448
15/09/2026 21:06:55.584000;-0.000169733031252987
15/09/2026 21:06:55.594000;-0.000168904796156833
15/09/2026 21:06:55.604000;-0.000170638644714525
15/09/2026 21:06:55.614000;-0.00016959260384914
15/09/2026 21:06:55.624000;-0.000168222720195294
15/09/2026 21:06:55.634000;-0.000167913206733756
15/09/2026 21:06:55.644000;-0.000169171321637602
15/09/2026 21:06:55.654000;-0.000169589737983756
15/09/2026 21:06:55.664000;-0.000169400590868371
15/09/2026 21:06:55.674000;-0.000170291875002987
15/09/2026 21:06:55.684000;-0.000169208577887602
15/09/2026 21:06:55.694000;-0.000168827417791448
15/09/2026 21:06:55.704000;-0.000170148581733756
15/09/2026 21:06:55.714000;-0.00016877869807991
15/09/2026 21:06:55.724000;-0.00016769253509914
15/09/2026 21:06:55.734000;-0.000169664250483756
15/09/2026 21:06:55.744000;-0.000167718327887602
15/09/2026 21:06:55.754000;-0.000170552668752987
15/09/2026 21:06:55.764000;-0.00017052401009914
15/09/2026 21:06:55.774000;-0.000169366200483756
15/09/2026 21:06:55.784000;-0.000168159671156833
15/09/2026 21:06:55.794000;-0.000167546375964525
15/09/2026 21:06:55.804000;-0.000170200167310679
15/09/2026 21:06:55.814000;-0.000169819007214525
15/09/2026 21:06:55.824000;-0.000169956568752987
15/09/2026 21:06:55.834000;-0.000168520770195294
15/09/2026 21:06:55.844000;-0.000167896011541448
15/09/2026 21:06:55.854000;-0.000169492298560679
15/09/2026 21:06:55.864000;-0.000167964792310679
15/09/2026 21:06:55.874000;-0.000168844612983756
15/09/2026 21:06:55.884000;-0.000169050955291448
15/09/2026 21:06:55.894000;-0.000167964792310679
15/09/2026 21:06:55.904000;-0.000170397912022217
15/09/2026 21:06:55.914000;-0.000168669795195294
15/09/2026 21:06:55.924000;-0.000169154126445294
15/09/2026 21:06:55.934000;-0.000169626994233756
15/09/2026 21:06:55.944000;-0.000168701319714525
15/09/2026 21:06:55.954000;-0.000170360655772217
15/09/2026 21:06:55.964000;-0.000170005288464525
15/09/2026 21:06:55.974000;-0.00016971010432991
15/09/2026 21:06:55.984000;-0.000169391993272217
15/09/2026 21:06:55.994000;-0.00016881022259914
15/09/2026 21:06:56.004000;-0.000168755771156833
15/09/2026 21:06:56.014000;-0.000169945105291448
15/09/2026 21:06:56.024000;-0.000168881869233756
15/09/2026 21:06:56.034000;-0.000168601014426063
15/09/2026 21:06:56.044000;-0.000167815767310679
15/09/2026 21:06:56.054000;-0.000170816328368371
15/09/2026 21:06:56.064000;-0.000170182972118371
15/09/2026 21:06:56.074000;-0.00016922004134914
15/09/2026 21:06:56.084000;-0.000169999556733756
15/09/2026 21:06:56.094000;-0.000167405948560679
15/09/2026 21:06:56.104000;-0.000169466505772217
15/09/2026 21:06:56.114000;-0.000169091077406833
15/09/2026 21:06:56.124000;-0.000168758637022217
15/09/2026 21:06:56.134000;-0.000170197301445294
15/09/2026 21:06:56.144000;-0.00016784729182991
15/09/2026 21:06:56.154000;-0.00017082779182991
15/09/2026 21:06:56.164000;-0.000168503575002987
15/09/2026 21:06:56.174000;-0.00017011992307991
15/09/2026 21:06:56.184000;-0.000169185650964525
15/09/2026 21:06:56.194000;-0.000167981987502987
15/09/2026 21:06:56.204000;-0.000170426570676063
15/09/2026 21:06:56.214000;-0.000168764368752987
15/09/2026 21:06:56.224000;-0.00016997089807991
15/09/2026 21:06:56.234000;-0.000169664250483756
15/09/2026 21:06:56.244000;-0.00016799058509914
15/09/2026 21:06:56.254000;-0.000170309070195294
15/09/2026 21:06:56.264000;-0.000169566811060679
15/09/2026 21:06:56.274000;-0.000169025162502987
15/09/2026 21:06:56.284000;-0.00016974736057991
15/09/2026 21:06:56.294000;-0.000167904609137602
15/09/2026 21:06:56.304000;-0.000170363521637602
15/09/2026 21:06:56.314000;-0.000169389127406833
15/09/2026 21:06:56.324000;-0.000169265895195294
15/09/2026 21:06:56.334000;-0.000167976255772217
15/09/2026 21:06:56.344000;-0.000168317293752987
15/09/2026 21:06:56.354000;-0.00017008266682991
15/09/2026 21:06:56.364000;-0.000169096809137602
15/09/2026 21:06:56.374000;-0.000169050955291448
15/09/2026 21:06:56.384000;-0.000168944918272217
15/09/2026 21:06:56.394000;-0.000167299911541448
15/09/2026 21:06:56.404000;-0.00017071602307991
15/09/2026 21:06:56.414000;-0.00016914552884914
15/09/2026 21:06:56.424000;-0.00016884747884914
15/09/2026 21:06:56.434000;-0.000169288822118371
15/09/2026 21:06:56.444000;-0.000167781376926063
15/09/2026 21:06:56.454000;-0.000169767421637602
15/09/2026 21:06:56.464000;-0.000167629486060679
15/09/2026 21:06:56.474000;-0.000168317293752987
15/09/2026 21:06:56.484000;-0.000168185463945294
15/09/2026 21:06:56.494000;-0.000167890279810679
15/09/2026 21:06:56.504000;-0.000170205899041448
15/09/2026 21:06:56.514000;-0.00016818259807991
15/09/2026 21:06:56.524000;-0.000169248700002987
15/09/2026 21:06:56.534000;-0.00016930028557991
15/09/2026 21:06:56.544000;-0.000168652600002987
15/09/2026 21:06:56.554000;-0.000170286143272217
15/09/2026 21:06:56.564000;-0.000168913393752987
15/09/2026 21:06:56.574000;-0.000169684311541448
15/09/2026 21:06:56.584000;-0.000168546562983756
15/09/2026 21:06:56.594000;-0.000167629486060679
15/09/2026 21:06:56.604000;-0.000169492298560679
15/09/2026 21:06:56.614000;-0.000170139984137602
15/09/2026 21:06:56.624000;-0.000168483513945294
15/09/2026 21:06:56.634000;-0.000168371745195294
15/09/2026 21:06:56.644000;-0.000167758450002987
15/09/2026 21:06:56.654000;-0.00017138090384914
15/09/2026 21:06:56.664000;-0.000168901930291448
15/09/2026 21:06:56.674000;-0.000169062418752987
15/09/2026 21:06:56.684000;-0.00016896497932991
15/09/2026 21:06:56.694000;-0.000168096622118371
15/09/2026 21:06:56.704000;-0.000170085532695294
15/09/2026 21:06:56.714000;-0.000168085158656833
15/09/2026 21:06:56.724000;-0.000168426196637602
15/09/2026 21:06:56.734000;-0.000169698640868371
15/09/2026 21:06:56.744000;-0.000166540457214525
15/09/2026 21:06:56.754000;-0.000170286143272217
15/09/2026 21:06:56.764000;-0.000170185837983756
15/09/2026 21:06:56.774000;-0.000168262842310679
15/09/2026 21:06:56.784000;-0.000169179919233756
15/09/2026 21:06:56.794000;-0.000168311562022217
15/09/2026 21:06:56.804000;-0.000170850718752987
15/09/2026 21:06:56.814000;-0.000168956381733756
15/09/2026 21:06:56.824000;-0.000169314614906833
15/09/2026 21:06:56.834000;-0.00016914552884914
15/09/2026 21:06:56.844000;-0.000168151073560679
15/09/2026 21:06:56.854000;-0.000170125654810679
15/09/2026 21:06:56.864000;-0.000169391993272217
15/09/2026 21:06:56.874000;-0.000169323212502987
15/09/2026 21:06:56.884000;-0.000166829909618371
15/09/2026 21:06:56.894000;-0.000168391806252987
15/09/2026 21:06:56.904000;-0.000170237423560679
15/09/2026 21:06:56.914000;-0.00016818259807991
15/09/2026 21:06:56.924000;-0.000169179919233756
15/09/2026 21:06:56.934000;-0.000168970711060679
15/09/2026 21:06:56.944000;-0.000167443204810679
15/09/2026 21:06:56.954000;-0.000170271813945294
15/09/2026 21:06:56.964000;-0.000168497843272217
15/09/2026 21:06:56.974000;-0.000168947784137602
15/09/2026 21:06:56.984000;-0.000168850344714525
15/09/2026 21:06:56.994000;-0.000167855889426063
15/09/2026 21:06:57.004000;-0.000170079800964525
15/09/2026 21:06:57.014000;-0.000167956194714525
15/09/2026 21:06:57.024000;-0.000168466318752987
15/09/2026 21:06:57.034000;-0.000169879190387602
15/09/2026 21:06:57.044000;-0.000165752344233756
15/09/2026 21:06:57.054000;-0.000170882243272217
15/09/2026 21:06:57.064000;-0.000168543697118371
15/09/2026 21:06:57.074000;-0.00016899650384914
15/09/2026 21:06:57.084000;-0.000168002048560679
15/09/2026 21:06:57.094000;-0.000168030707214525
15/09/2026 21:06:57.104000;-0.000169910714906833
15/09/2026 21:06:57.114000;-0.000168537965387602
15/09/2026 21:06:57.124000;-0.000169546750002987
15/09/2026 21:06:57.134000;-0.00016963559182991
15/09/2026 21:06:57.144000;-0.000168836015387602
15/09/2026 21:06:57.154000;-0.000169632725964525
15/09/2026 21:06:57.164000;-0.000169572542791448
15/09/2026 21:06:57.174000;-0.00016903376009914
15/09/2026 21:06:57.184000;-0.000168391806252987
15/09/2026 21:06:57.194000;-0.000167276984618371
15/09/2026 21:06:57.204000;-0.000169463639906833
15/09/2026 21:06:57.214000;-0.000169383395676063
15/09/2026 21:06:57.224000;-0.000168609612022217
15/09/2026 21:06:57.234000;-0.000169156992310679
15/09/2026 21:06:57.244000;-0.000168939186541448
15/09/2026 21:06:57.254000;-0.000169847665868371
15/09/2026 21:06:57.264000;-0.000169721567791448
15/09/2026 21:06:57.274000;-0.000168904796156833
15/09/2026 21:06:57.284000;-0.000170091264426063
15/09/2026 21:06:57.294000;-0.000167577900483756
15/09/2026 21:06:57.304000;-0.000170154313464525
15/09/2026 21:06:57.314000;-0.000169426383656833
15/09/2026 21:06:57.324000;-0.000169377663945294
15/09/2026 21:06:57.334000;-0.000169328944233756
15/09/2026 21:06:57.344000;-0.000168162537022217
15/09/2026 21:06:57.354000;-0.000169761689906833
15/09/2026 21:06:57.364000;-0.000168414733176063
15/09/2026 21:06:57.374000;-0.000170271813945294
15/09/2026 21:06:57.384000;-0.000170549802887602
15/09/2026 21:06:57.394000;-0.00016781003557991
15/09/2026 21:06:57.404000;-0.000170220228368371
15/09/2026 21:06:57.414000;-0.00016914552884914
15/09/2026 21:06:57.424000;-0.000168500709137602
15/09/2026 21:06:57.434000;-0.000168924857214525
15/09/2026 21:06:57.444000;-0.000167758450002987
15/09/2026 21:06:57.454000;-0.000170575595676063
15/09/2026 21:06:57.464000;-0.000167557839426063
15/09/2026 21:06:57.474000;-0.000169626994233756
15/09/2026 21:06:57.484000;-0.000169535286541448
15/09/2026 21:06:57.494000;-0.000166262468272217
15/09/2026 21:06:57.504000;-0.000171240476445294
15/09/2026 21:06:57.514000;-0.000169541018272217
15/09/2026 21:06:57.524000;-0.00016993364182991
15/09/2026 21:06:57.534000;-0.00016851217259914
15/09/2026 21:06:57.544000;-0.00016799631682991
15/09/2026 21:06:57.554000;-0.000169211443752987
15/09/2026 21:06:57.564000;-0.000168838881252987
15/09/2026 21:06:57.574000;-0.000169091077406833
15/09/2026 21:06:57.584000;-0.000168185463945294
15/09/2026 21:06:57.594000;-0.000169532420676063
15/09/2026 21:06:57.604000;-0.000168062231733756
15/09/2026 21:06:57.614000;-0.000169664250483756
15/09/2026 21:06:57.624000;-0.000168119549041448
15/09/2026 21:06:57.634000;-0.000169500896156833
15/09/2026 21:06:57.644000;-0.000167792840387602
15/09/2026 21:06:57.654000;-0.000170707425483756
15/09/2026 21:06:57.664000;-0.00017041224134914
15/09/2026 21:06:57.674000;-0.000168440525964525
15/09/2026 21:06:57.684000;-0.000168947784137602
15/09/2026 21:06:57.694000;-0.00016862967307991
15/09/2026 21:06:57.704000;-0.00016982187307991
15/09/2026 21:06:57.714000;-0.000168305830291448
15/09/2026 21:06:57.724000;-0.000169861995195294
15/09/2026 21:06:57.734000;-0.000167947597118371
15/09/2026 21:06:57.744000;-0.000166809848560679
15/09/2026 21:06:57.754000;-0.00017015144759914
15/09/2026 21:06:57.764000;-0.00016672960432991
15/09/2026 21:06:57.774000;-0.000169535286541448
15/09/2026 21:06:57.784000;-0.00016907101634914
15/09/2026 21:06:57.794000;-0.000167746986541448
15/09/2026 21:06:57.804000;-0.000168695587983756
15/09/2026 21:06:57.814000;-0.000169386261541448
15/09/2026 21:06:57.824000;-0.000169048089426063
15/09/2026 21:06:57.834000;-0.000168492111541448
15/09/2026 21:06:57.844000;-0.00016903376009914
15/09/2026 21:06:57.854000;-0.000170211630772217
15/09/2026 21:06:57.864000;-0.000169939373560679
15/09/2026 21:06:57.874000;-0.000169687177406833
15/09/2026 21:06:57.884000;-0.00016977888509914
15/09/2026 21:06:57.894000;-0.000167815767310679
15/09/2026 21:06:57.904000;-0.000169887787983756
15/09/2026 21:06:57.914000;-0.000168589550964525
15/09/2026 21:06:57.924000;-0.000169563945195294
15/09/2026 21:06:57.934000;-0.000168824551926063
15/09/2026 21:06:57.944000;-0.00016769826682991
15/09/2026 21:06:57.954000;-0.000169776019233756
15/09/2026 21:06:57.964000;-0.000170234557695294
15/09/2026 21:06:57.974000;-0.000170197301445294
15/09/2026 21:06:57.984000;-0.00016933754182991
15/09/2026 21:06:57.994000;-0.000167724059618371
15/09/2026 21:06:58.004000;-0.000170096996156833
15/09/2026 21:06:58.014000;-0.000169268761060679
15/09/2026 21:06:58.024000;-0.000168813088464525
15/09/2026 21:06:58.034000;-0.000168976442791448
15/09/2026 21:06:58.044000;-0.00016843766009914
15/09/2026 21:06:58.054000;-0.000169910714906833
15/09/2026 21:06:58.064000;-0.00016955534759914
15/09/2026 21:06:58.074000;-0.000169400590868371
15/09/2026 21:06:58.084000;-0.000167709730291448
15/09/2026 21:06:58.094000;-0.000168537965387602
15/09/2026 21:06:58.104000;-0.000170609986060679
15/09/2026 21:06:58.114000;-0.00016922004134914
15/09/2026 21:06:58.124000;-0.000168987906252987
15/09/2026 21:06:58.134000;-0.000168709917310679
15/09/2026 21:06:58.144000;-0.000169520957214525
15/09/2026 21:06:58.154000;-0.000169363334618371
15/09/2026 21:06:58.164000;-0.000168489245676063
15/09/2026 21:06:58.174000;-0.000169116870195294
15/09/2026 21:06:58.184000;-0.000169116870195294
15/09/2026 21:06:58.194000;-0.000167414546156833
15/09/2026 21:06:58.204000;-0.000171111512502987
15/09/2026 21:06:58.214000;-0.000168004914426063
15/09/2026 21:06:58.224000;-0.000168523636060679
15/09/2026 21:06:58.234000;-0.000168463452887602
15/09/2026 21:06:58.244000;-0.000168030707214525
15/09/2026 21:06:58.254000;-0.000169566811060679
15/09/2026 21:06:58.264000;-0.000169647055291448
15/09/2026 21:06:58.274000;-0.000168896198560679
15/09/2026 21:06:58.284000;-0.000167451802406833
15/09/2026 21:06:58.294000;-0.000166732470195294
15/09/2026 21:06:58.304000;-0.000169125467791448
15/09/2026 21:06:58.314000;-0.000168383208656833
15/09/2026 21:06:58.324000;-0.000169506627887602
15/09/2026 21:06:58.334000;-0.000168804490868371
15/09/2026 21:06:58.344000;-0.000167867352887602
15/09/2026 21:06:58.354000;-0.000168171134618371
15/09/2026 21:06:58.364000;-0.000169761689906833
15/09/2026 21:06:58.374000;-0.000168876137502987
15/09/2026 21:06:58.384000;-0.000167423143752987
15/09/2026 21:06:58.394000;-0.00016728271634914
15/09/2026 21:06:58.404000;-0.000170403643752987
15/09/2026 21:06:58.414000;-0.000167666742310679
15/09/2026 21:06:58.424000;-0.000169661384618371
15/09/2026 21:06:58.434000;-0.000169194248560679
15/09/2026 21:06:58.444000;-0.000166956007695294
15/09/2026 21:06:58.454000;-0.000170286143272217
15/09/2026 21:06:58.464000;-0.000170549802887602
15/09/2026 21:06:58.474000;-0.000169841934137602
15/09/2026 21:06:58.484000;-0.000167463265868371
15/09/2026 21:06:58.494000;-0.00016740021682991
15/09/2026 21:06:58.504000;-0.00017056699807991
15/09/2026 21:06:58.514000;-0.00016971010432991
15/09/2026 21:06:58.524000;-0.000168566624041448
15/09/2026 21:06:58.534000;-0.000169119736060679
15/09/2026 21:06:58.544000;-0.000168973576926063
15/09/2026 21:06:58.554000;-0.000170515412502987
15/09/2026 21:06:58.564000;-0.000168262842310679
15/09/2026 21:06:58.574000;-0.000169013699041448
15/09/2026 21:06:58.584000;-0.000168354550002987
15/09/2026 21:06:58.594000;-0.00016844339182991
15/09/2026 21:06:58.604000;-0.000170395046156833
15/09/2026 21:06:58.614000;-0.000169165589906833
15/09/2026 21:06:58.624000;-0.000168096622118371
15/09/2026 21:06:58.634000;-0.00016948083509914
15/09/2026 21:06:58.644000;-0.000167683937502987
15/09/2026 21:06:58.654000;-0.000170363521637602
15/09/2026 21:06:58.664000;-0.000170108459618371
15/09/2026 21:06:58.674000;-0.000168953515868371
15/09/2026 21:06:58.684000;-0.000168844612983756
15/09/2026 21:06:58.694000;-0.000169165589906833
15/09/2026 21:06:58.704000;-0.000169549615868371
15/09/2026 21:06:58.714000;-0.000169612664906833
15/09/2026 21:06:58.724000;-0.00016896497932991
15/09/2026 21:06:58.734000;-0.000168790161541448
15/09/2026 21:06:58.744000;-0.000167222533176063
15/09/2026 21:06:58.754000;-0.000169753092310679
15/09/2026 21:06:58.764000;-0.00016926302932991
15/09/2026 21:06:58.774000;-0.000169976629810679
15/09/2026 21:06:58.784000;-0.000170584193272217
15/09/2026 21:06:58.794000;-0.000167276984618371
15/09/2026 21:06:58.804000;-0.000170105593752987
15/09/2026 21:06:58.814000;-0.000169340407695294
15/09/2026 21:06:58.824000;-0.000168724246637602
15/09/2026 21:06:58.834000;-0.000168174000483756
15/09/2026 21:06:58.844000;-0.000168907662022217
15/09/2026 21:06:58.854000;-0.000169389127406833
15/09/2026 21:06:58.864000;-0.000169354737022217
15/09/2026 21:06:58.874000;-0.00016933181009914
15/09/2026 21:06:58.884000;-0.000169245834137602
15/09/2026 21:06:58.894000;-0.000168649734137602
15/09/2026 21:06:58.904000;-0.000169242968272217
15/09/2026 21:06:58.914000;-0.000169240102406833
15/09/2026 21:06:58.924000;-0.000169199980291448
15/09/2026 21:06:58.934000;-0.000169744494714525
15/09/2026 21:06:58.944000;-0.000169391993272217
15/09/2026 21:06:58.954000;-0.000169334675964525
15/09/2026 21:06:58.964000;-0.000170091264426063
15/09/2026 21:06:58.974000;-0.000168073695195294
15/09/2026 21:06:58.984000;-0.000169578274522217
15/09/2026 21:06:58.994000;-0.000168156805291448
15/09/2026 21:06:59.004000;-0.00016989638557991
15/09/2026 21:06:59.014000;-0.000169985227406833
15/09/2026 21:06:59.024000;-0.000168302964426063
15/09/2026 21:06:59.034000;-0.000169669982214525
15/09/2026 21:06:59.044000;-0.000168297232695294
15/09/2026 21:06:59.054000;-0.000169139797118371
15/09/2026 21:06:59.064000;-0.000168305830291448
15/09/2026 21:06:59.074000;-0.00017119462259914
15/09/2026 21:06:59.084000;-0.000169434981252987
15/09/2026 21:06:59.094000;-0.000167999182695294
15/09/2026 21:06:59.104000;-0.00017000242259914
15/09/2026 21:06:59.114000;-0.000169091077406833
15/09/2026 21:06:59.124000;-0.000170088398560679
15/09/2026 21:06:59.134000;-0.000169626994233756
15/09/2026 21:06:59.144000;-0.000166887226926063
15/09/2026 21:06:59.154000;-0.000168770100483756
15/09/2026 21:06:59.164000;-0.000169695775002987
15/09/2026 21:06:59.174000;-0.000168913393752987
15/09/2026 21:06:59.184000;-0.00017000815432991
15/09/2026 21:06:59.194000;-0.000167867352887602
15/09/2026 21:06:59.204000;-0.000169804677887602
15/09/2026 21:06:59.214000;-0.000169280224522217
15/09/2026 21:06:59.224000;-0.000169563945195294
15/09/2026 21:06:59.234000;-0.000169884922118371
15/09/2026 21:06:59.244000;-0.000167950462983756
15/09/2026 21:06:59.254000;-0.00016971010432991
15/09/2026 21:06:59.264000;-0.000168449123560679
15/09/2026 21:06:59.274000;-0.000169125467791448
15/09/2026 21:06:59.284000;-0.000169214309618371
15/09/2026 21:06:59.294000;-0.000167815767310679
15/09/2026 21:06:59.304000;-0.000170727486541448
15/09/2026 21:06:59.314000;-0.000169389127406833
15/09/2026 21:06:59.324000;-0.000169810409618371
15/09/2026 21:06:59.334000;-0.000169389127406833
15/09/2026 21:06:59.344000;-0.000167658144714525
15/09/2026 21:06:59.354000;-0.000170544071156833
15/09/2026 21:06:59.364000;-0.000170051142310679
15/09/2026 21:06:59.374000;-0.000168641136541448
15/09/2026 21:06:59.384000;-0.000168712783176063
15/09/2026 21:06:59.394000;-0.000168317293752987
15/09/2026 21:06:59.404000;-0.000169907849041448
15/09/2026 21:06:59.414000;-0.000168016377887602
15/09/2026 21:06:59.424000;-0.000169541018272217
15/09/2026 21:06:59.434000;-0.000168695587983756
15/09/2026 21:06:59.444000;-0.000166528993752987
15/09/2026 21:06:59.454000;-0.000170658705772217
15/09/2026 21:06:59.464000;-0.000170005288464525
15/09/2026 21:06:59.474000;-0.000169526688945294
15/09/2026 21:06:59.484000;-0.000168689856252987
15/09/2026 21:06:59.494000;-0.000169208577887602
15/09/2026 21:06:59.504000;-0.000170228825964525
15/09/2026 21:06:59.514000;-0.00017018870384914
15/09/2026 21:06:59.524000;-0.00016948656682991
15/09/2026 21:06:59.534000;-0.000168601014426063
15/09/2026 21:06:59.544000;-0.00016889046682991
15/09/2026 21:06:59.554000;-0.000170452363464525
15/09/2026 21:06:59.564000;-0.000169761689906833
15/09/2026 21:06:59.574000;-0.000169632725964525
15/09/2026 21:06:59.584000;-0.000167638083656833
15/09/2026 21:06:59.594000;-0.000166589176926063
15/09/2026 21:06:59.604000;-0.000168729978368371
15/09/2026 21:06:59.614000;-0.000169618396637602
15/09/2026 21:06:59.624000;-0.000171025536541448
15/09/2026 21:06:59.634000;-0.000169515225483756
15/09/2026 21:06:59.644000;-0.000168583819233756
15/09/2026 21:06:59.654000;-0.00017011992307991
15/09/2026 21:06:59.664000;-0.000171097183176063
15/09/2026 21:06:59.674000;-0.00016896497932991
15/09/2026 21:06:59.684000;-0.000168575221637602
15/09/2026 21:06:59.694000;-0.00016788454807991
15/09/2026 21:06:59.704000;-0.000169942239426063
15/09/2026 21:06:59.714000;-0.00016907674807991
15/09/2026 21:06:59.724000;-0.00016955534759914
15/09/2026 21:06:59.734000;-0.000167274118752987
15/09/2026 21:06:59.744000;-0.00016885321057991
15/09/2026 21:06:59.754000;-0.000170489619714525
15/09/2026 21:06:59.764000;-0.000169500896156833
15/09/2026 21:06:59.774000;-0.000169790348560679
15/09/2026 21:06:59.784000;-0.000168896198560679
15/09/2026 21:06:59.794000;-0.000167340033656833
15/09/2026 21:06:59.804000;-0.000169240102406833
15/09/2026 21:06:59.814000;-0.000168982174522217
15/09/2026 21:06:59.824000;-0.000168540831252987
15/09/2026 21:06:59.834000;-0.000168858942310679
15/09/2026 21:06:59.844000;-0.000168002048560679
15/09/2026 21:06:59.854000;-0.00016974736057991
15/09/2026 21:06:59.864000;-0.000170675900964525
15/09/2026 21:06:59.874000;-0.000168724246637602
15/09/2026 21:06:59.884000;-0.000169136931252987
15/09/2026 21:06:59.894000;-0.000169099675002987
15/09/2026 21:06:59.904000;-0.00017026894807991
15/09/2026 21:06:59.914000;-0.000169985227406833
15/09/2026 21:06:59.924000;-0.000169205712022217
15/09/2026 21:06:59.934000;-0.000170013886060679
15/09/2026 21:06:59.944000;-0.000168924857214525
15/09/2026 21:06:59.954000;-0.000170546937022217
15/09/2026 21:06:59.964000;-0.000167597961541448
15/09/2026 21:06:59.974000;-0.000168483513945294
15/09/2026 21:06:59.984000;-0.000169446444714525
15/09/2026 21:06:59.994000;-0.000167130825483756
15/09/2026 21:07:00.004000;-0.000170664437502987
15/09/2026 21:07:00.014000;-0.000167446070676063
15/09/2026 21:07:00.024000;-0.000169796080291448
15/09/2026 21:07:00.034000;-0.000168334488945294
15/09/2026 21:07:00.044000;-0.000167534912502987
15/09/2026 21:07:00.054000;-0.000169202846156833
15/09/2026 21:07:00.064000;-0.000168807356733756
15/09/2026 21:07:00.074000;-0.00016971010432991
15/09/2026 21:07:00.084000;-0.000169764555772217
15/09/2026 21:07:00.094000;-0.000168343086541448
15/09/2026 21:07:00.104000;-0.000169317480772217
15/09/2026 21:07:00.114000;-0.000167956194714525
15/09/2026 21:07:00.124000;-0.000170899438464525
15/09/2026 21:07:00.134000;-0.000168953515868371
15/09/2026 21:07:00.144000;-0.00016687289759914
15/09/2026 21:07:00.154000;-0.000170240289426063
15/09/2026 21:07:00.164000;-0.00016881595432991
15/09/2026 21:07:00.174000;-0.000169016564906833
15/09/2026 21:07:00.184000;-0.000168578087502987
15/09/2026 21:07:00.194000;-0.00016769253509914
15/09/2026 21:07:00.204000;-0.00017130639134914
15/09/2026 21:07:00.214000;-0.000169357602887602
15/09/2026 21:07:00.224000;-0.000167979121637602
15/09/2026 21:07:00.234000;-0.000169632725964525
15/09/2026 21:07:00.244000;-0.000168758637022217
15/09/2026 21:07:00.254000;-0.000169913580772217
15/09/2026 21:07:00.264000;-0.000169684311541448
15/09/2026 21:07:00.274000;-0.000168985040387602
15/09/2026 21:07:00.284000;-0.00016996516634914
15/09/2026 21:07:00.294000;-0.000167150886541448
15/09/2026 21:07:00.304000;-0.000169893519714525
15/09/2026 21:07:00.314000;-0.000169469371637602
15/09/2026 21:07:00.324000;-0.000169139797118371
15/09/2026 21:07:00.334000;-0.000168987906252987
15/09/2026 21:07:00.344000;-0.000167669608176063
15/09/2026 21:07:00.354000;-0.000169947971156833
15/09/2026 21:07:00.364000;-0.000168942052406833
15/09/2026 21:07:00.374000;-0.000169148394714525
15/09/2026 21:07:00.384000;-0.000169377663945294
15/09/2026 21:07:00.394000;-0.00016844339182991
15/09/2026 21:07:00.404000;-0.000169664250483756
15/09/2026 21:07:00.414000;-0.00016997089807991
15/09/2026 21:07:00.424000;-0.000168681258656833
15/09/2026 21:07:00.434000;-0.000168560892310679
15/09/2026 21:07:00.444000;-0.00016766101057991
15/09/2026 21:07:00.454000;-0.000168942052406833
15/09/2026 21:07:00.464000;-0.000169134065387602
15/09/2026 21:07:00.474000;-0.000170019617791448
15/09/2026 21:07:00.484000;-0.000168388940387602
15/09/2026 21:07:00.494000;-0.000167612290868371
15/09/2026 21:07:00.504000;-0.000170191569714525
15/09/2026 21:07:00.514000;-0.000169346139426063
15/09/2026 21:07:00.524000;-0.000169119736060679
15/09/2026 21:07:00.534000;-0.000168646868272217
15/09/2026 21:07:00.544000;-0.000168059365868371
15/09/2026 21:07:00.554000;-0.00016925729759914
15/09/2026 21:07:00.564000;-0.00016896497932991
15/09/2026 21:07:00.574000;-0.000169724433656833
15/09/2026 21:07:00.584000;-0.000168727112502987
15/09/2026 21:07:00.594000;-0.000166511798560679
15/09/2026 21:07:00.604000;-0.00016892199134914
15/09/2026 21:07:00.614000;-0.00016810235384914
15/09/2026 21:07:00.624000;-0.000169861995195294
15/09/2026 21:07:00.634000;-0.000169340407695294
15/09/2026 21:07:00.644000;-0.000167993450964525
15/09/2026 21:07:00.654000;-0.000170764742791448
15/09/2026 21:07:00.664000;-0.000168601014426063
15/09/2026 21:07:00.674000;-0.000169807543752986
15/09/2026 21:07:00.684000;-0.000169162724041448
15/09/2026 21:07:00.694000;-0.000167494790387602
15/09/2026 21:07:00.704000;-0.000169475103368371
15/09/2026 21:07:00.714000;-0.000167322838464525
15/09/2026 21:07:00.724000;-0.00017030620432991
15/09/2026 21:07:00.734000;-0.000169191382695294
15/09/2026 21:07:00.744000;-0.00016694741009914
15/09/2026 21:07:00.754000;-0.000170200167310679
15/09/2026 21:07:00.764000;-0.000169503762022217
15/09/2026 21:07:00.774000;-0.000169128333656833
15/09/2026 21:07:00.784000;-0.000168386074522217
15/09/2026 21:07:00.794000;-0.000168552294714525
15/09/2026 21:07:00.804000;-0.000168752905291448
15/09/2026 21:07:00.814000;-0.000170578461541448
15/09/2026 21:07:00.824000;-0.000168558026445294
15/09/2026 21:07:00.834000;-0.000167999182695294
15/09/2026 21:07:00.844000;-0.000167936133656833
15/09/2026 21:07:00.854000;-0.000169758824041448
15/09/2026 21:07:00.864000;-0.00016970437259914
15/09/2026 21:07:00.874000;-0.000168689856252987
15/09/2026 21:07:00.884000;-0.000168039304810679
15/09/2026 21:07:00.894000;-0.000167503387983756
15/09/2026 21:07:00.904000;-0.000170383582695294
15/09/2026 21:07:00.914000;-0.00017019443557991
15/09/2026 21:07:00.924000;-0.000168701319714525
15/09/2026 21:07:00.934000;-0.000170326265387602
15/09/2026 21:07:00.944000;-0.000168343086541448
15/09/2026 21:07:00.954000;-0.000170248887022217
15/09/2026 21:07:00.964000;-0.000168119549041448
15/09/2026 21:07:00.974000;-0.000169976629810679
15/09/2026 21:07:00.984000;-0.000168956381733756
15/09/2026 21:07:00.994000;-0.000167870218752987
15/09/2026 21:07:01.004000;-0.00016967284807991
15/09/2026 21:07:01.014000;-0.000168612477887602
15/09/2026 21:07:01.024000;-0.000169733031252987
15/09/2026 21:07:01.034000;-0.000169274492791448
15/09/2026 21:07:01.044000;-0.000166892958656833
15/09/2026 21:07:01.054000;-0.000169887787983756
15/09/2026 21:07:01.064000;-0.000170068337502987
15/09/2026 21:07:01.074000;-0.000168678392791448
15/09/2026 21:07:01.084000;-0.000169538152406833
15/09/2026 21:07:01.094000;-0.000168987906252987
15/09/2026 21:07:01.104000;-0.000168936320676063
15/09/2026 21:07:01.114000;-0.000168899064426063
15/09/2026 21:07:01.124000;-0.000169185650964525
15/09/2026 21:07:01.134000;-0.000167514851445294
15/09/2026 21:07:01.144000;-0.000168589550964525
15/09/2026 21:07:01.154000;-0.000169904983176063
15/09/2026 21:07:01.164000;-0.00016862967307991
15/09/2026 21:07:01.174000;-0.000169340407695294
15/09/2026 21:07:01.184000;-0.00016914552884914
15/09/2026 21:07:01.194000;-0.000169171321637602
15/09/2026 21:07:01.204000;-0.000169744494714525
15/09/2026 21:07:01.214000;-0.000168807356733756
15/09/2026 21:07:01.224000;-0.000168770100483756
15/09/2026 21:07:01.234000;-0.000169400590868371
15/09/2026 21:07:01.244000;-0.000167961926445294
15/09/2026 21:07:01.254000;-0.000169956568752987
15/09/2026 21:07:01.264000;-0.000169515225483756
15/09/2026 21:07:01.274000;-0.000168936320676063
15/09/2026 21:07:01.284000;-0.000169211443752987
15/09/2026 21:07:01.294000;-0.000167930401926063
15/09/2026 21:07:01.304000;-0.00017038071682991
15/09/2026 21:07:01.314000;-0.000168761502887602
15/09/2026 21:07:01.324000;-0.000168962113464525
15/09/2026 21:07:01.334000;-0.00016784729182991
15/09/2026 21:07:01.344000;-0.000168351684137602
15/09/2026 21:07:01.354000;-0.000169552481733756
15/09/2026 21:07:01.364000;-0.000170853584618371
15/09/2026 21:07:01.374000;-0.00016903376009914
15/09/2026 21:07:01.384000;-0.000169231504810679
15/09/2026 21:07:01.394000;-0.000167262655291448
15/09/2026 21:07:01.404000;-0.000170521144233756
15/09/2026 21:07:01.414000;-0.000169813275483756
15/09/2026 21:07:01.424000;-0.000168618209618371
15/09/2026 21:07:01.434000;-0.00016914552884914
15/09/2026 21:07:01.444000;-0.000167666742310679
15/09/2026 21:07:01.454000;-0.000169793214426063
15/09/2026 21:07:01.464000;-0.000168171134618371
15/09/2026 21:07:01.474000;-0.000168268574041448
15/09/2026 21:07:01.484000;-0.000168174000483756
15/09/2026 21:07:01.494000;-0.000167896011541448
15/09/2026 21:07:01.504000;-0.000169010833176063
15/09/2026 21:07:01.514000;-0.000171062792791448
15/09/2026 21:07:01.524000;-0.000168500709137602
15/09/2026 21:07:01.534000;-0.000168701319714525
15/09/2026 21:07:01.544000;-0.000168560892310679
15/09/2026 21:07:01.554000;-0.000169773153368371
15/09/2026 21:07:01.564000;-0.000168371745195294
15/09/2026 21:07:01.574000;-0.000169311749041448
15/09/2026 21:07:01.584000;-0.000168397537983756
15/09/2026 21:07:01.594000;-0.000167385887502987
15/09/2026 21:07:01.604000;-0.000169136931252987
15/09/2026 21:07:01.614000;-0.000169899251445294
15/09/2026 21:07:01.624000;-0.000168050768272217
15/09/2026 21:07:01.634000;-0.000170142850002987
15/09/2026 21:07:01.644000;-0.000166517530291448
15/09/2026 21:07:01.654000;-0.000169469371637602
15/09/2026 21:07:01.664000;-0.000168016377887602
15/09/2026 21:07:01.674000;-0.00016914552884914
15/09/2026 21:07:01.684000;-0.000169968032214525
15/09/2026 21:07:01.694000;-0.000167494790387602
15/09/2026 21:07:01.704000;-0.000169899251445294
15/09/2026 21:07:01.714000;-0.000169437847118371
15/09/2026 21:07:01.724000;-0.000167981987502987
15/09/2026 21:07:01.734000;-0.000167563571156833
15/09/2026 21:07:01.744000;-0.000168709917310679
15/09/2026 21:07:01.754000;-0.000169919312502986
15/09/2026 21:07:01.764000;-0.000169463639906833
15/09/2026 21:07:01.774000;-0.000169730165387602
15/09/2026 21:07:01.784000;-0.000169119736060679
15/09/2026 21:07:01.794000;-0.000167408814426063
15/09/2026 21:07:01.804000;-0.000169856263464525
15/09/2026 21:07:01.814000;-0.000168477782214525
15/09/2026 21:07:01.824000;-0.00016765527884914
15/09/2026 21:07:01.834000;-0.00016840040384914
15/09/2026 21:07:01.844000;-0.000169134065387602
15/09/2026 21:07:01.854000;-0.000170618583656833
15/09/2026 21:07:01.864000;-0.000169563945195294
15/09/2026 21:07:01.874000;-0.000169968032214525
15/09/2026 21:07:01.884000;-0.000169543884137602
15/09/2026 21:07:01.894000;-0.00016862967307991
15/09/2026 21:07:01.904000;-0.000169882056252987
15/09/2026 21:07:01.914000;-0.000169543884137602
15/09/2026 21:07:01.924000;-0.000169434981252987
15/09/2026 21:07:01.934000;-0.000169618396637602
15/09/2026 21:07:01.944000;-0.00016807082932991
15/09/2026 21:07:01.954000;-0.000169492298560679
15/09/2026 21:07:01.964000;-0.00016709643509914
15/09/2026 21:07:01.974000;-0.000170592790868371
15/09/2026 21:07:01.984000;-0.000169423517791448
15/09/2026 21:07:01.994000;-0.000167039117791448
15/09/2026 21:07:02.004000;-0.000169953702887602
15/09/2026 21:07:02.014000;-0.000169744494714525
15/09/2026 21:07:02.024000;-0.000169251565868371
15/09/2026 21:07:02.034000;-0.000169947971156833
15/09/2026 21:07:02.044000;-0.000166288261060679
15/09/2026 21:07:02.054000;-0.000169690043272217
15/09/2026 21:07:02.064000;-0.000169045223560679
15/09/2026 21:07:02.074000;-0.000168658331733756
15/09/2026 21:07:02.084000;-0.000169455042310679
15/09/2026 21:07:02.094000;-0.000167795706252987
15/09/2026 21:07:02.104000;-0.000169942239426063
15/09/2026 21:07:02.114000;-0.000168563758176063
15/09/2026 21:07:02.124000;-0.000170228825964525
15/09/2026 21:07:02.134000;-0.000168340220676063
15/09/2026 21:07:02.144000;-0.000169434981252987
15/09/2026 21:07:02.154000;-0.000170403643752987
15/09/2026 21:07:02.164000;-0.000168979308656833
15/09/2026 21:07:02.174000;-0.000168758637022217
15/09/2026 21:07:02.184000;-0.000170478156252987
15/09/2026 21:07:02.194000;-0.000167119362022217
15/09/2026 21:07:02.204000;-0.000169841934137602
15/09/2026 21:07:02.214000;-0.000170779072118371
15/09/2026 21:07:02.224000;-0.000169248700002987
15/09/2026 21:07:02.234000;-0.000168196927406833
15/09/2026 21:07:02.244000;-0.000167818633176063
15/09/2026 21:07:02.254000;-0.000169383395676063
15/09/2026 21:07:02.264000;-0.000168784429810679
15/09/2026 21:07:02.274000;-0.000168818820195294
15/09/2026 21:07:02.284000;-0.000170205899041448
15/09/2026 21:07:02.294000;-0.000167239728368371
15/09/2026 21:07:02.304000;-0.000170260350483756
15/09/2026 21:07:02.314000;-0.000168916259618371
15/09/2026 21:07:02.324000;-0.000169007967310679
15/09/2026 21:07:02.334000;-0.000169234370676063
15/09/2026 21:07:02.344000;-0.000167374424041448
15/09/2026 21:07:02.354000;-0.000170406509618371
15/09/2026 21:07:02.364000;-0.00016892199134914
15/09/2026 21:07:02.374000;-0.000169861995195294
15/09/2026 21:07:02.384000;-0.000170051142310679
15/09/2026 21:07:02.394000;-0.000167084971637602
15/09/2026 21:07:02.404000;-0.00016911400432991
15/09/2026 21:07:02.414000;-0.00016930028557991
15/09/2026 21:07:02.424000;-0.00016899650384914
15/09/2026 21:07:02.434000;-0.000169807543752986
15/09/2026 21:07:02.444000;-0.000168469184618371
15/09/2026 21:07:02.454000;-0.000170609986060679
15/09/2026 21:07:02.464000;-0.000167345765387602
15/09/2026 21:07:02.474000;-0.00017000242259914
15/09/2026 21:07:02.484000;-0.000168268574041448
15/09/2026 21:07:02.494000;-0.000166838507214525
15/09/2026 21:07:02.504000;-0.000170801999041448
15/09/2026 21:07:02.514000;-0.000169142662983756
15/09/2026 21:07:02.524000;-0.000169429249522217
15/09/2026 21:07:02.534000;-0.000168151073560679
15/09/2026 21:07:02.544000;-0.000167784242791448
15/09/2026 21:07:02.554000;-0.000169919312502986
15/09/2026 21:07:02.564000;-0.000169902117310679
15/09/2026 21:07:02.574000;-0.00016977888509914
15/09/2026 21:07:02.584000;-0.00016885321057991
15/09/2026 21:07:02.594000;-0.000168486379810679
15/09/2026 21:07:02.604000;-0.00017041797307991
15/09/2026 21:07:02.614000;-0.000168801625002987
15/09/2026 21:07:02.624000;-0.00016963559182991
15/09/2026 21:07:02.634000;-0.000169581140387602
15/09/2026 21:07:02.644000;-0.00016740021682991
15/09/2026 21:07:02.654000;-0.000169314614906833
15/09/2026 21:07:02.664000;-0.000169669982214525
15/09/2026 21:07:02.674000;-0.000169538152406833
15/09/2026 21:07:02.684000;-0.000167913206733756
15/09/2026 21:07:02.694000;-0.000168552294714525
15/09/2026 21:07:02.704000;-0.000170271813945294
15/09/2026 21:07:02.714000;-0.000168105219714525
15/09/2026 21:07:02.724000;-0.000168985040387602
15/09/2026 21:07:02.734000;-0.000170088398560679
15/09/2026 21:07:02.744000;-0.000168881869233756
15/09/2026 21:07:02.754000;-0.000169712970195294
15/09/2026 21:07:02.764000;-0.000167649547118371
15/09/2026 21:07:02.774000;-0.000168560892310679
15/09/2026 21:07:02.784000;-0.000167225399041448
15/09/2026 21:07:02.794000;-0.000167838694233756
15/09/2026 21:07:02.804000;-0.000170681632695294
15/09/2026 21:07:02.814000;-0.00016914552884914
15/09/2026 21:07:02.824000;-0.000168280037502987
15/09/2026 21:07:02.834000;-0.000170074069233756
15/09/2026 21:07:02.844000;-0.000168291500964525
15/09/2026 21:07:02.854000;-0.000170495351445294
15/09/2026 21:07:02.864000;-0.000169887787983756
15/09/2026 21:07:02.874000;-0.000168896198560679
15/09/2026 21:07:02.884000;-0.000169260163464525
15/09/2026 21:07:02.894000;-0.000167317106733756
15/09/2026 21:07:02.904000;-0.00017071029134914
15/09/2026 21:07:02.914000;-0.000169022296637602
15/09/2026 21:07:02.924000;-0.000169053821156833
15/09/2026 21:07:02.934000;-0.000168311562022217
15/09/2026 21:07:02.944000;-0.000167460400002987
15/09/2026 21:07:02.954000;-0.000170134252406833
15/09/2026 21:07:02.964000;-0.000169277358656833
15/09/2026 21:07:02.974000;-0.000169873458656833
15/09/2026 21:07:02.984000;-0.000168394672118371
15/09/2026 21:07:02.994000;-0.000167950462983756
15/09/2026 21:07:03.004000;-0.000170334862983756
15/09/2026 21:07:03.014000;-0.000169569676926063
15/09/2026 21:07:03.024000;-0.00016930028557991
15/09/2026 21:07:03.034000;-0.000169191382695294
15/09/2026 21:07:03.044000;-0.000167033386060679
15/09/2026 21:07:03.054000;-0.000170733218272217
15/09/2026 21:07:03.064000;-0.000169214309618371
15/09/2026 21:07:03.074000;-0.000167752718272217
15/09/2026 21:07:03.084000;-0.000168397537983756
15/09/2026 21:07:03.094000;-0.000168265708176063
15/09/2026 21:07:03.104000;-0.000170051142310679
15/09/2026 21:07:03.114000;-0.000169254431733756
15/09/2026 21:07:03.124000;-0.000168494977406833
15/09/2026 21:07:03.134000;-0.000168156805291448
15/09/2026 21:07:03.144000;-0.000168116683176063
15/09/2026 21:07:03.154000;-0.000169142662983756
15/09/2026 21:07:03.164000;-0.00016944931057991
15/09/2026 21:07:03.174000;-0.000169251565868371
15/09/2026 21:07:03.184000;-0.00016989065384914
15/09/2026 21:07:03.194000;-0.00016781003557991
15/09/2026 21:07:03.204000;-0.000170074069233756
15/09/2026 21:07:03.214000;-0.00016892772307991
15/09/2026 21:07:03.224000;-0.000169959434618371
15/09/2026 21:07:03.234000;-0.000169383395676063
15/09/2026 21:07:03.244000;-0.000168896198560679
15/09/2026 21:07:03.254000;-0.000169644189426063
15/09/2026 21:07:03.264000;-0.000168798759137602
15/09/2026 21:07:03.274000;-0.000170395046156833
15/09/2026 21:07:03.284000;-0.00016936906634914
15/09/2026 21:07:03.294000;-0.000167678205772217
15/09/2026 21:07:03.304000;-0.000169102540868371
15/09/2026 21:07:03.314000;-0.000169059552887602
15/09/2026 21:07:03.324000;-0.000168982174522217
15/09/2026 21:07:03.334000;-0.00016828863509914
15/09/2026 21:07:03.344000;-0.000168211256733756
15/09/2026 21:07:03.354000;-0.000169489432695294
15/09/2026 21:07:03.364000;-0.000169426383656833
15/09/2026 21:07:03.374000;-0.000169727299522217
15/09/2026 21:07:03.384000;-0.000168486379810679
15/09/2026 21:07:03.394000;-0.00016751198557991
15/09/2026 21:07:03.404000;-0.000169581140387602
15/09/2026 21:07:03.414000;-0.000169744494714525
15/09/2026 21:07:03.424000;-0.000170257484618371
15/09/2026 21:07:03.434000;-0.000168664063464525
15/09/2026 21:07:03.444000;-0.000167019056733756
15/09/2026 21:07:03.454000;-0.000168755771156833
15/09/2026 21:07:03.464000;-0.000169242968272217
15/09/2026 21:07:03.474000;-0.00016944357884914
15/09/2026 21:07:03.484000;-0.000167609425002987
15/09/2026 21:07:03.494000;-0.000169351871156833
15/09/2026 21:07:03.504000;-0.000170389314426063
15/09/2026 21:07:03.514000;-0.000168583819233756
15/09/2026 21:07:03.524000;-0.000170440900002987
15/09/2026 21:07:03.534000;-0.000169231504810679
15/09/2026 21:07:03.544000;-0.000168807356733756
15/09/2026 21:07:03.554000;-0.000169549615868371
15/09/2026 21:07:03.564000;-0.000168529367791448
15/09/2026 21:07:03.574000;-0.000169274492791448
15/09/2026 21:07:03.584000;-0.000169844800002987
15/09/2026 21:07:03.594000;-0.000167864487022217
15/09/2026 21:07:03.604000;-0.000169902117310679
15/09/2026 21:07:03.614000;-0.000170022483656833
15/09/2026 21:07:03.624000;-0.00016922577307991
15/09/2026 21:07:03.634000;-0.000168606746156833
15/09/2026 21:07:03.644000;-0.000167448936541448
15/09/2026 21:07:03.654000;-0.000170317667791448
15/09/2026 21:07:03.664000;-0.00016937479807991
15/09/2026 21:07:03.674000;-0.000169446444714525
15/09/2026 21:07:03.684000;-0.000170317667791448
15/09/2026 21:07:03.694000;-0.000167374424041448
15/09/2026 21:07:03.704000;-0.00016907101634914
15/09/2026 21:07:03.714000;-0.000168701319714525
15/09/2026 21:07:03.724000;-0.000167981987502987
15/09/2026 21:07:03.734000;-0.00016959833557991
15/09/2026 21:07:03.744000;-0.000167348631252987
15/09/2026 21:07:03.754000;-0.000170329131252987
15/09/2026 21:07:03.764000;-0.000167755584137602
15/09/2026 21:07:03.774000;-0.000168451989426063
15/09/2026 21:07:03.784000;-0.000169758824041448
15/09/2026 21:07:03.794000;-0.000167500522118371
15/09/2026 21:07:03.804000;-0.000170426570676063
15/09/2026 21:07:03.814000;-0.000168618209618371
15/09/2026 21:07:03.824000;-0.00017000242259914
15/09/2026 21:07:03.834000;-0.000169950837022217
15/09/2026 21:07:03.844000;-0.000168237049522217
15/09/2026 21:07:03.854000;-0.00017045522932991
15/09/2026 21:07:03.864000;-0.000168082292791448
15/09/2026 21:07:03.874000;-0.00016836887932991
15/09/2026 21:07:03.884000;-0.000167572168752987
15/09/2026 21:07:03.894000;-0.000167044849522217
15/09/2026 21:07:03.904000;-0.000170197301445294
15/09/2026 21:07:03.914000;-0.000170042544714525
15/09/2026 21:07:03.924000;-0.000168460587022217
15/09/2026 21:07:03.934000;-0.000169260163464525
15/09/2026 21:07:03.944000;-0.000167626620195294
15/09/2026 21:07:03.954000;-0.00016985339759914
15/09/2026 21:07:03.964000;-0.000169993825002987
15/09/2026 21:07:03.974000;-0.00017007693509914
15/09/2026 21:07:03.984000;-0.00016903949182991
15/09/2026 21:07:03.994000;-0.00016799058509914
15/09/2026 21:07:04.004000;-0.00016941205432991
15/09/2026 21:07:04.014000;-0.00016941205432991
15/09/2026 21:07:04.024000;-0.000168744307695294
15/09/2026 21:07:04.034000;-0.000168684124522217
15/09/2026 21:07:04.044000;-0.000167434607214525
15/09/2026 21:07:04.054000;-0.000170217362502987
15/09/2026 21:07:04.064000;-0.000170314801926063
15/09/2026 21:07:04.074000;-0.000170406509618371
15/09/2026 21:07:04.084000;-0.000169065284618371
15/09/2026 21:07:04.094000;-0.000169179919233756
15/09/2026 21:07:04.104000;-0.000170584193272217
15/09/2026 21:07:04.114000;-0.000169532420676063
15/09/2026 21:07:04.124000;-0.000168747173560679
15/09/2026 21:07:04.134000;-0.00016854942884914
15/09/2026 21:07:04.144000;-0.000165918564426063
15/09/2026 21:07:04.154000;-0.000170297606733756
15/09/2026 21:07:04.164000;-0.00016866119759914
15/09/2026 21:07:04.174000;-0.000167801437983756
15/09/2026 21:07:04.184000;-0.000169922178368371
15/09/2026 21:07:04.194000;-0.000167557839426063
15/09/2026 21:07:04.204000;-0.000168411867310679
15/09/2026 21:07:04.214000;-0.000169162724041448
15/09/2026 21:07:04.224000;-0.000169913580772217
15/09/2026 21:07:04.234000;-0.00016807082932991
15/09/2026 21:07:04.244000;-0.00016791607259914
15/09/2026 21:07:04.254000;-0.000170440900002987
15/09/2026 21:07:04.264000;-0.000167861621156833
15/09/2026 21:07:04.274000;-0.000169455042310679
15/09/2026 21:07:04.284000;-0.000167520583176063
15/09/2026 21:07:04.294000;-0.00016751198557991
15/09/2026 21:07:04.304000;-0.000168990772118371
15/09/2026 21:07:04.314000;-0.000170403643752987
15/09/2026 21:07:04.324000;-0.000168500709137602
15/09/2026 21:07:04.334000;-0.000168194061541448
15/09/2026 21:07:04.344000;-0.000167638083656833
15/09/2026 21:07:04.354000;-0.000169509493752987
15/09/2026 21:07:04.364000;-0.000169403456733756
15/09/2026 21:07:04.374000;-0.000170260350483756
15/09/2026 21:07:04.384000;-0.000169128333656833
15/09/2026 21:07:04.394000;-0.000168999369714525
15/09/2026 21:07:04.404000;-0.000170443765868371
15/09/2026 21:07:04.414000;-0.00016944931057991
15/09/2026 21:07:04.424000;-0.00016806509759914
15/09/2026 21:07:04.434000;-0.000167764181733756
15/09/2026 21:07:04.444000;-0.000167440338945294
15/09/2026 21:07:04.454000;-0.00016992791009914
15/09/2026 21:07:04.464000;-0.000168248512983756
15/09/2026 21:07:04.474000;-0.000167328570195294
15/09/2026 21:07:04.484000;-0.000169159858176063
15/09/2026 21:07:04.494000;-0.00016843766009914
15/09/2026 21:07:04.504000;-0.000169985227406833
15/09/2026 21:07:04.514000;-0.00016985912932991
15/09/2026 21:07:04.524000;-0.000169715836060679
15/09/2026 21:07:04.534000;-0.000170031081252987
15/09/2026 21:07:04.544000;-0.000169824738945294
15/09/2026 21:07:04.554000;-0.000170223094233756
15/09/2026 21:07:04.564000;-0.000169128333656833
15/09/2026 21:07:04.574000;-0.000168366013464525
15/09/2026 21:07:04.584000;-0.000168360281733756
15/09/2026 21:07:04.594000;-0.00016750625384914
15/09/2026 21:07:04.604000;-0.000170111325483756
15/09/2026 21:07:04.614000;-0.000168225586060679
15/09/2026 21:07:04.624000;-0.000169116870195294
15/09/2026 21:07:04.634000;-0.000168403269714525
15/09/2026 21:07:04.644000;-0.000167818633176063
15/09/2026 21:07:04.654000;-0.000169804677887602
15/09/2026 21:07:04.664000;-0.000169245834137602
15/09/2026 21:07:04.674000;-0.000168724246637602
15/09/2026 21:07:04.684000;-0.000169455042310679
15/09/2026 21:07:04.694000;-0.000168689856252987
15/09/2026 21:07:04.704000;-0.000170569863945294
15/09/2026 21:07:04.714000;-0.00017015717932991
15/09/2026 21:07:04.724000;-0.000169096809137602
15/09/2026 21:07:04.734000;-0.000169111138464525
15/09/2026 21:07:04.744000;-0.000167640949522217
15/09/2026 21:07:04.754000;-0.000169119736060679
15/09/2026 21:07:04.764000;-0.00016941205432991
15/09/2026 21:07:04.774000;-0.000169767421637602
15/09/2026 21:07:04.784000;-0.000169174187502987
15/09/2026 21:07:04.794000;-0.000167348631252987
15/09/2026 21:07:04.804000;-0.000170074069233756
15/09/2026 21:07:04.814000;-0.000168280037502987
15/09/2026 21:07:04.824000;-0.000168830283656833
15/09/2026 21:07:04.834000;-0.000167930401926063
15/09/2026 21:07:04.844000;-0.000167119362022217
15/09/2026 21:07:04.854000;-0.000170621449522217
15/09/2026 21:07:04.864000;-0.000168818820195294
15/09/2026 21:07:04.874000;-0.00016851217259914
15/09/2026 21:07:04.884000;-0.000168506440868371
15/09/2026 21:07:04.894000;-0.00016803357307991
15/09/2026 21:07:04.904000;-0.00016977888509914
15/09/2026 21:07:04.914000;-0.000168962113464525
15/09/2026 21:07:04.924000;-0.000169065284618371
15/09/2026 21:07:04.934000;-0.000168093756252987
15/09/2026 21:07:04.944000;-0.000166918751445294
15/09/2026 21:07:04.954000;-0.000170905170195294
15/09/2026 21:07:04.964000;-0.000167938999522217
15/09/2026 21:07:04.974000;-0.000171031268272217
15/09/2026 21:07:04.984000;-0.000167755584137602
15/09/2026 21:07:04.994000;-0.000168781563945294
15/09/2026 21:07:05.004000;-0.000169993825002987
15/09/2026 21:07:05.014000;-0.00016966711634914
15/09/2026 21:07:05.024000;-0.000169007967310679
15/09/2026 21:07:05.034000;-0.000168497843272217
15/09/2026 21:07:05.044000;-0.000168300098560679
15/09/2026 21:07:05.054000;-0.000170248887022217
15/09/2026 21:07:05.064000;-0.000168323025483756
15/09/2026 21:07:05.074000;-0.000168580953368371
15/09/2026 21:07:05.084000;-0.000169306017310679
15/09/2026 21:07:05.094000;-0.000167279850483756
15/09/2026 21:07:05.104000;-0.000169956568752987
15/09/2026 21:07:05.114000;-0.000169245834137602
15/09/2026 21:07:05.124000;-0.000169819007214525
15/09/2026 21:07:05.134000;-0.000170354924041448
15/09/2026 21:07:05.144000;-0.000168090890387602
15/09/2026 21:07:05.154000;-0.000170251752887602
15/09/2026 21:07:05.164000;-0.000167970524041448
15/09/2026 21:07:05.174000;-0.00016892199134914
15/09/2026 21:07:05.184000;-0.000168598148560679
15/09/2026 21:07:05.194000;-0.000167331436060679
15/09/2026 21:07:05.204000;-0.000169288822118371
15/09/2026 21:07:05.214000;-0.000168672661060679
15/09/2026 21:07:05.224000;-0.000169013699041448
15/09/2026 21:07:05.234000;-0.000169498030291448
15/09/2026 21:07:05.244000;-0.000169102540868371
15/09/2026 21:07:05.254000;-0.000169526688945294
15/09/2026 21:07:05.264000;-0.000168804490868371
15/09/2026 21:07:05.274000;-0.000169463639906833
15/09/2026 21:07:05.284000;-0.000170088398560679
15/09/2026 21:07:05.294000;-0.000167761315868371
15/09/2026 21:07:05.304000;-0.000169349005291448
15/09/2026 21:07:05.314000;-0.000168967845195294
15/09/2026 21:07:05.324000;-0.000169538152406833
15/09/2026 21:07:05.334000;-0.000169397725002987
15/09/2026 21:07:05.344000;-0.000168669795195294
15/09/2026 21:07:05.354000;-0.000168451989426063
15/09/2026 21:07:05.364000;-0.000167746986541448
15/09/2026 21:07:05.374000;-0.00017082206009914
15/09/2026 21:07:05.384000;-0.000168718514906833
15/09/2026 21:07:05.394000;-0.000168088024522217
15/09/2026 21:07:05.404000;-0.00016966711634914
15/09/2026 21:07:05.414000;-0.000169475103368371
15/09/2026 21:07:05.424000;-0.000168824551926063
15/09/2026 21:07:05.434000;-0.000169727299522217
15/09/2026 21:07:05.444000;-0.000168729978368371
15/09/2026 21:07:05.454000;-0.000170698827887602
15/09/2026 21:07:05.464000;-0.000170125654810679
15/09/2026 21:07:05.474000;-0.000169589737983756
15/09/2026 21:07:05.484000;-0.000169910714906833
15/09/2026 21:07:05.494000;-0.000168380342791448
15/09/2026 21:07:05.504000;-0.00017022596009914
15/09/2026 21:07:05.514000;-0.000169584006252987
15/09/2026 21:07:05.524000;-0.000170197301445294
15/09/2026 21:07:05.534000;-0.000168354550002987
15/09/2026 21:07:05.544000;-0.000167936133656833
15/09/2026 21:07:05.554000;-0.00016996516634914
15/09/2026 21:07:05.564000;-0.000170277545676063
15/09/2026 21:07:05.574000;-0.000169500896156833
15/09/2026 21:07:05.584000;-0.000169328944233756
15/09/2026 21:07:05.594000;-0.00016896497932991
15/09/2026 21:07:05.604000;-0.000168520770195294
15/09/2026 21:07:05.614000;-0.00016832589134914
15/09/2026 21:07:05.624000;-0.00016940632259914
15/09/2026 21:07:05.634000;-0.000168615343752987
15/09/2026 21:07:05.644000;-0.000167864487022217
15/09/2026 21:07:05.654000;-0.000169695775002987
15/09/2026 21:07:05.664000;-0.000169509493752987
15/09/2026 21:07:05.674000;-0.000169495164426063
15/09/2026 21:07:05.684000;-0.000168128146637602
15/09/2026 21:07:05.694000;-0.000167787108656833
15/09/2026 21:07:05.704000;-0.000169532420676063
15/09/2026 21:07:05.714000;-0.000169936507695294
15/09/2026 21:07:05.724000;-0.000169122601926063
15/09/2026 21:07:05.734000;-0.000168451989426063
15/09/2026 21:07:05.744000;-0.000167030520195294
15/09/2026 21:07:05.754000;-0.000170667303368371
15/09/2026 21:07:05.764000;-0.00016892772307991
15/09/2026 21:07:05.774000;-0.000170079800964525
15/09/2026 21:07:05.784000;-0.000168750039426063
15/09/2026 21:07:05.794000;-0.00016728844807991
15/09/2026 21:07:05.804000;-0.00016962986009914
15/09/2026 21:07:05.814000;-0.000169420651926063
15/09/2026 21:07:05.824000;-0.000167489058656833
15/09/2026 21:07:05.834000;-0.000168615343752987
15/09/2026 21:07:05.844000;-0.000166870031733756
15/09/2026 21:07:05.854000;-0.000170627181252986
15/09/2026 21:07:05.864000;-0.000168360281733756
15/09/2026 21:07:05.874000;-0.000169050955291448
15/09/2026 21:07:05.884000;-0.000168500709137602
15/09/2026 21:07:05.894000;-0.000168747173560679
15/09/2026 21:07:05.904000;-0.000169082479810679
15/09/2026 21:07:05.914000;-0.000169050955291448
15/09/2026 21:07:05.924000;-0.000168374611060679
15/09/2026 21:07:05.934000;-0.000168861808176063
15/09/2026 21:07:05.944000;-0.000167417412022217
15/09/2026 21:07:05.954000;-0.000171011207214525
15/09/2026 21:07:05.964000;-0.000169601201445294
15/09/2026 21:07:05.974000;-0.000167984853368371
15/09/2026 21:07:05.984000;-0.000168423330772217
15/09/2026 21:07:05.994000;-0.000168503575002987
15/09/2026 21:07:06.004000;-0.000170168642791448
15/09/2026 21:07:06.014000;-0.000169380529810679
15/09/2026 21:07:06.024000;-0.000168007780291448
15/09/2026 21:07:06.034000;-0.000169618396637602
15/09/2026 21:07:06.044000;-0.00016807082932991
15/09/2026 21:07:06.054000;-0.000169541018272217
15/09/2026 21:07:06.064000;-0.000168838881252987
15/09/2026 21:07:06.074000;-0.000168999369714525
15/09/2026 21:07:06.084000;-0.000169383395676063
15/09/2026 21:07:06.094000;-0.00016844339182991
15/09/2026 21:07:06.104000;-0.000169349005291448
15/09/2026 21:07:06.114000;-0.00016884747884914
15/09/2026 21:07:06.124000;-0.000168781563945294
15/09/2026 21:07:06.134000;-0.000168649734137602
15/09/2026 21:07:06.144000;-0.000168320159618371
15/09/2026 21:07:06.154000;-0.00017108285384914
15/09/2026 21:07:06.164000;-0.00016974736057991
15/09/2026 21:07:06.174000;-0.000169466505772217
15/09/2026 21:07:06.184000;-0.000169217175483756
15/09/2026 21:07:06.194000;-0.000167941865387602
15/09/2026 21:07:06.204000;-0.000169887787983756
15/09/2026 21:07:06.214000;-0.000168589550964525
15/09/2026 21:07:06.224000;-0.000169288822118371
15/09/2026 21:07:06.234000;-0.00016854942884914
15/09/2026 21:07:06.244000;-0.000167867352887602
15/09/2026 21:07:06.254000;-0.000170389314426063
15/09/2026 21:07:06.264000;-0.000169154126445294
15/09/2026 21:07:06.274000;-0.000168681258656833
15/09/2026 21:07:06.284000;-0.000168790161541448
15/09/2026 21:07:06.294000;-0.000169131199522217
15/09/2026 21:07:06.304000;-0.00017004541057991
15/09/2026 21:07:06.314000;-0.000168962113464525
15/09/2026 21:07:06.324000;-0.000169477969233756
15/09/2026 21:07:06.334000;-0.000169323212502987
15/09/2026 21:07:06.344000;-0.000167873084618371
15/09/2026 21:07:06.354000;-0.000169526688945294
15/09/2026 21:07:06.364000;-0.000167938999522217
15/09/2026 21:07:06.374000;-0.000169343273560679
15/09/2026 21:07:06.384000;-0.000168431928368371
15/09/2026 21:07:06.394000;-0.000167408814426063
15/09/2026 21:07:06.404000;-0.000170509680772217
15/09/2026 21:07:06.414000;-0.000168211256733756
15/09/2026 21:07:06.424000;-0.000170165776926063
15/09/2026 21:07:06.434000;-0.000169761689906833
15/09/2026 21:07:06.444000;-0.000167529180772217
15/09/2026 21:07:06.454000;-0.000169148394714525
15/09/2026 21:07:06.464000;-0.000169684311541448
15/09/2026 21:07:06.474000;-0.000168881869233756
15/09/2026 21:07:06.484000;-0.000168672661060679
15/09/2026 21:07:06.494000;-0.000168242781252987
15/09/2026 21:07:06.504000;-0.00016952382307991
15/09/2026 21:07:06.514000;-0.00016918278509914
15/09/2026 21:07:06.524000;-0.000169013699041448
15/09/2026 21:07:06.534000;-0.000168715649041448
15/09/2026 21:07:06.544000;-0.000168962113464525
15/09/2026 21:07:06.554000;-0.00016951809134914
15/09/2026 21:07:06.564000;-0.00016971010432991
15/09/2026 21:07:06.574000;-0.000170208764906833
15/09/2026 21:07:06.584000;-0.000168411867310679
15/09/2026 21:07:06.594000;-0.000167976255772217
15/09/2026 21:07:06.604000;-0.000169377663945294
15/09/2026 21:07:06.614000;-0.000168580953368371
15/09/2026 21:07:06.624000;-0.000169434981252987
15/09/2026 21:07:06.634000;-0.000169231504810679
15/09/2026 21:07:06.644000;-0.00016784729182991
15/09/2026 21:07:06.654000;-0.000169761689906833
15/09/2026 21:07:06.664000;-0.000169500896156833
15/09/2026 21:07:06.674000;-0.000168658331733756
15/09/2026 21:07:06.684000;-0.000168692722118371
15/09/2026 21:07:06.694000;-0.000168056500002987
15/09/2026 21:07:06.704000;-0.000170117057214525
15/09/2026 21:07:06.714000;-0.000169159858176063
15/09/2026 21:07:06.724000;-0.000168598148560679
15/09/2026 21:07:06.734000;-0.000168795893272217
15/09/2026 21:07:06.744000;-0.000167368692310679
15/09/2026 21:07:06.754000;-0.000170667303368371
15/09/2026 21:07:06.764000;-0.000170274679810679
15/09/2026 21:07:06.774000;-0.00016889046682991
15/09/2026 21:07:06.784000;-0.000169652787022217
15/09/2026 21:07:06.794000;-0.000166892958656833
15/09/2026 21:07:06.804000;-0.00017041797307991
15/09/2026 21:07:06.814000;-0.000168689856252987
15/09/2026 21:07:06.824000;-0.000168833149522217
15/09/2026 21:07:06.834000;-0.000169389127406833
15/09/2026 21:07:06.844000;-0.000168497843272217
15/09/2026 21:07:06.854000;-0.000170042544714525
15/09/2026 21:07:06.864000;-0.000169541018272217
15/09/2026 21:07:06.874000;-0.000168899064426063
15/09/2026 21:07:06.884000;-0.000169340407695294
15/09/2026 21:07:06.894000;-0.000168601014426063
15/09/2026 21:07:06.904000;-0.000168953515868371
15/09/2026 21:07:06.914000;-0.000168899064426063
15/09/2026 21:07:06.924000;-0.000169730165387602
15/09/2026 21:07:06.934000;-0.000169520957214525
15/09/2026 21:07:06.944000;-0.000166216614426063
15/09/2026 21:07:06.954000;-0.000170807730772217
15/09/2026 21:07:06.964000;-0.00016981614134914
15/09/2026 21:07:06.974000;-0.000168635404810679
15/09/2026 21:07:06.984000;-0.000169563945195294
15/09/2026 21:07:06.994000;-0.000168047902406833
15/09/2026 21:07:07.004000;-0.000169990959137602
15/09/2026 21:07:07.014000;-0.00017011419134914
15/09/2026 21:07:07.024000;-0.000169498030291448
15/09/2026 21:07:07.034000;-0.000168472050483756
15/09/2026 21:07:07.044000;-0.000168793027406833
15/09/2026 21:07:07.054000;-0.000170062605772217
15/09/2026 21:07:07.064000;-0.000167815767310679
15/09/2026 21:07:07.074000;-0.00017011992307991
15/09/2026 21:07:07.084000;-0.000168320159618371
15/09/2026 21:07:07.094000;-0.000168655465868371
15/09/2026 21:07:07.104000;-0.000169586872118371
15/09/2026 21:07:07.114000;-0.000169323212502987
15/09/2026 21:07:07.124000;-0.000169913580772217
15/09/2026 21:07:07.134000;-0.00016941205432991
15/09/2026 21:07:07.144000;-0.000168171134618371
15/09/2026 21:07:07.154000;-0.000169082479810679
15/09/2026 21:07:07.164000;-0.000169976629810679
15/09/2026 21:07:07.174000;-0.000170489619714525
15/09/2026 21:07:07.184000;-0.000169624128368371
15/09/2026 21:07:07.194000;-0.000169271626926063
15/09/2026 21:07:07.204000;-0.000170521144233756
15/09/2026 21:07:07.214000;-0.000169495164426063
15/09/2026 21:07:07.224000;-0.000168609612022217
15/09/2026 21:07:07.234000;-0.000169122601926063
15/09/2026 21:07:07.244000;-0.000167784242791448
15/09/2026 21:07:07.254000;-0.00016903376009914
15/09/2026 21:07:07.264000;-0.000169810409618371
15/09/2026 21:07:07.274000;-0.000169509493752987
15/09/2026 21:07:07.284000;-0.000168612477887602
15/09/2026 21:07:07.294000;-0.000166210882695294
15/09/2026 21:07:07.304000;-0.000170787669714525
15/09/2026 21:07:07.314000;-0.000168552294714525
15/09/2026 21:07:07.324000;-0.000169389127406833
15/09/2026 21:07:07.334000;-0.000169326078368371
15/09/2026 21:07:07.344000;-0.000166970337022217
15/09/2026 21:07:07.354000;-0.000170506814906833
15/09/2026 21:07:07.364000;-0.000168153939426063
15/09/2026 21:07:07.374000;-0.00016840613557991
15/09/2026 21:07:07.384000;-0.00016884747884914
15/09/2026 21:07:07.394000;-0.000168079426926063
15/09/2026 21:07:07.404000;-0.000169612664906833
15/09/2026 21:07:07.414000;-0.000170059739906833
15/09/2026 21:07:07.424000;-0.000169841934137602
15/09/2026 21:07:07.434000;-0.000170724620676063
15/09/2026 21:07:07.444000;-0.000165758075964525
15/09/2026 21:07:07.454000;-0.000169612664906833
15/09/2026 21:07:07.464000;-0.00016803357307991
15/09/2026 21:07:07.474000;-0.000168635404810679
15/09/2026 21:07:07.484000;-0.000168168268752987
15/09/2026 21:07:07.494000;-0.000167861621156833
15/09/2026 21:07:07.504000;-0.000168259976445294
15/09/2026 21:07:07.514000;-0.00016802784134914
15/09/2026 21:07:07.524000;-0.000170248887022217
15/09/2026 21:07:07.534000;-0.000167503387983756
15/09/2026 21:07:07.544000;-0.000168216988464525
15/09/2026 21:07:07.554000;-0.000169644189426063
15/09/2026 21:07:07.564000;-0.000168320159618371
15/09/2026 21:07:07.574000;-0.00016807082932991
15/09/2026 21:07:07.584000;-0.000168836015387602
15/09/2026 21:07:07.594000;-0.000168131012502987
15/09/2026 21:07:07.604000;-0.000170438034137602
15/09/2026 21:07:07.614000;-0.000170526875964525
15/09/2026 21:07:07.624000;-0.000168801625002987
15/09/2026 21:07:07.634000;-0.000168678392791448
15/09/2026 21:07:07.644000;-0.000166824177887602
15/09/2026 21:07:07.654000;-0.000170518278368371
15/09/2026 21:07:07.664000;-0.000168841747118371
15/09/2026 21:07:07.674000;-0.000169211443752987
15/09/2026 21:07:07.684000;-0.000169649921156833
15/09/2026 21:07:07.694000;-0.000167019056733756
15/09/2026 21:07:07.704000;-0.00017008266682991
15/09/2026 21:07:07.714000;-0.000169248700002987
15/09/2026 21:07:07.724000;-0.000169277358656833
15/09/2026 21:07:07.734000;-0.000168457721156833
15/09/2026 21:07:07.744000;-0.000168658331733756
15/09/2026 21:07:07.754000;-0.000169813275483756
15/09/2026 21:07:07.764000;-0.000167669608176063
15/09/2026 21:07:07.774000;-0.000169434981252987
15/09/2026 21:07:07.784000;-0.000169159858176063
15/09/2026 21:07:07.794000;-0.000168016377887602
15/09/2026 21:07:07.804000;-0.000169953702887602
15/09/2026 21:07:07.814000;-0.000168494977406833
15/09/2026 21:07:07.824000;-0.000169142662983756
15/09/2026 21:07:07.834000;-0.000170185837983756
15/09/2026 21:07:07.844000;-0.000166417225002987
15/09/2026 21:07:07.854000;-0.000170469558656833
15/09/2026 21:07:07.864000;-0.00016873571009914
15/09/2026 21:07:07.874000;-0.000169793214426063
15/09/2026 21:07:07.884000;-0.000170062605772217
15/09/2026 21:07:07.894000;-0.000168036438945294
15/09/2026 21:07:07.904000;-0.000169841934137602
15/09/2026 21:07:07.914000;-0.000168830283656833
15/09/2026 21:07:07.924000;-0.000168824551926063
15/09/2026 21:07:07.934000;-0.000169082479810679
15/09/2026 21:07:07.944000;-0.000168228451926063
15/09/2026 21:07:07.954000;-0.000171251939906833
15/09/2026 21:07:07.964000;-0.000169030894233756
15/09/2026 21:07:07.974000;-0.00016884747884914
15/09/2026 21:07:07.984000;-0.000169652787022217
15/09/2026 21:07:07.994000;-0.000167961926445294
15/09/2026 21:07:08.004000;-0.000168881869233756
15/09/2026 21:07:08.014000;-0.000168738575964525
15/09/2026 21:07:08.024000;-0.000169882056252987
15/09/2026 21:07:08.034000;-0.000170386448560679
15/09/2026 21:07:08.044000;-0.000167228264906833
15/09/2026 21:07:08.054000;-0.000169930775964525
15/09/2026 21:07:08.064000;-0.000168976442791448
15/09/2026 21:07:08.074000;-0.000169391993272217
15/09/2026 21:07:08.084000;-0.00016926302932991
15/09/2026 21:07:08.094000;-0.000168457721156833
15/09/2026 21:07:08.104000;-0.000170102727887602
15/09/2026 21:07:08.114000;-0.000169764555772217
15/09/2026 21:07:08.124000;-0.000168712783176063
15/09/2026 21:07:08.134000;-0.000169414920195294
15/09/2026 21:07:08.144000;-0.000167669608176063
15/09/2026 21:07:08.154000;-0.00016858668509914
15/09/2026 21:07:08.164000;-0.000168007780291448
15/09/2026 21:07:08.174000;-0.000168695587983756
15/09/2026 21:07:08.184000;-0.000168460587022217
15/09/2026 21:07:08.194000;-0.000168225586060679
15/09/2026 21:07:08.204000;-0.000170377850964525
15/09/2026 21:07:08.214000;-0.000168073695195294
15/09/2026 21:07:08.224000;-0.000169801812022217
15/09/2026 21:07:08.234000;-0.000168910527887602
15/09/2026 21:07:08.244000;-0.000168752905291448
15/09/2026 21:07:08.254000;-0.000170197301445294
15/09/2026 21:07:08.264000;-0.000168987906252987
15/09/2026 21:07:08.274000;-0.000169217175483756
15/09/2026 21:07:08.284000;-0.000168761502887602
15/09/2026 21:07:08.294000;-0.000169285956252987
15/09/2026 21:07:08.304000;-0.000169996690868371
15/09/2026 21:07:08.314000;-0.000169503762022217
15/09/2026 21:07:08.324000;-0.000168374611060679
15/09/2026 21:07:08.334000;-0.000169320346637602
15/09/2026 21:07:08.344000;-0.000168377476926063
15/09/2026 21:07:08.354000;-0.000170165776926063
15/09/2026 21:07:08.364000;-0.000169088211541448
15/09/2026 21:07:08.374000;-0.000168300098560679
15/09/2026 21:07:08.384000;-0.00016963559182991
15/09/2026 21:07:08.394000;-0.000169131199522217
15/09/2026 21:07:08.404000;-0.00016929455384914
15/09/2026 21:07:08.414000;-0.000167615156733756
15/09/2026 21:07:08.424000;-0.000168942052406833
15/09/2026 21:07:08.434000;-0.00016754924182991
15/09/2026 21:07:08.444000;-0.000168652600002987
15/09/2026 21:07:08.454000;-0.000169930775964525
15/09/2026 21:07:08.464000;-0.000168429062502987
15/09/2026 21:07:08.474000;-0.00016996516634914
15/09/2026 21:07:08.484000;-0.000168280037502987
15/09/2026 21:07:08.494000;-0.000166772592310679
15/09/2026 21:07:08.504000;-0.000169306017310679
15/09/2026 21:07:08.514000;-0.00016914552884914
15/09/2026 21:07:08.524000;-0.000169632725964525
15/09/2026 21:07:08.534000;-0.000170019617791448
15/09/2026 21:07:08.544000;-0.00016792180432991
15/09/2026 21:07:08.554000;-0.000171501270195294
15/09/2026 21:07:08.564000;-0.000168259976445294
15/09/2026 21:07:08.574000;-0.000170289009137602
15/09/2026 21:07:08.584000;-0.000169105406733756
15/09/2026 21:07:08.594000;-0.000167764181733756
15/09/2026 21:07:08.604000;-0.000169647055291448
15/09/2026 21:07:08.614000;-0.000169105406733756
15/09/2026 21:07:08.624000;-0.000169684311541448
15/09/2026 21:07:08.634000;-0.000169165589906833
15/09/2026 21:07:08.644000;-0.000168268574041448
15/09/2026 21:07:08.654000;-0.000170999743752987
15/09/2026 21:07:08.664000;-0.000170893706733756
15/09/2026 21:07:08.674000;-0.00016918851682991
15/09/2026 21:07:08.684000;-0.000168334488945294
15/09/2026 21:07:08.694000;-0.000165620514426063
15/09/2026 21:07:08.704000;-0.000170349192310679
15/09/2026 21:07:08.714000;-0.000169191382695294
15/09/2026 21:07:08.724000;-0.000168388940387602
15/09/2026 21:07:08.734000;-0.000168761502887602
15/09/2026 21:07:08.744000;-0.000167383021637602
15/09/2026 21:07:08.754000;-0.000169884922118371
15/09/2026 21:07:08.764000;-0.00016802784134914
15/09/2026 21:07:08.774000;-0.000169856263464525
15/09/2026 21:07:08.784000;-0.000169606933176063
15/09/2026 21:07:08.794000;-0.00016705917884914
15/09/2026 21:07:08.804000;-0.000171633100002987
15/09/2026 21:07:08.814000;-0.000169028028368371
15/09/2026 21:07:08.824000;-0.000169248700002987
15/09/2026 21:07:08.834000;-0.00016910827259914
15/09/2026 21:07:08.844000;-0.00016657484759914
15/09/2026 21:07:08.854000;-0.000170128520676063
15/09/2026 21:07:08.864000;-0.000169498030291448
15/09/2026 21:07:08.874000;-0.00016829436682991
15/09/2026 21:07:08.884000;-0.000168394672118371
15/09/2026 21:07:08.894000;-0.000168196927406833
15/09/2026 21:07:08.904000;-0.000170759011060679
15/09/2026 21:07:08.914000;-0.000169549615868371
15/09/2026 21:07:08.924000;-0.000169495164426063
15/09/2026 21:07:08.934000;-0.00016966711634914
15/09/2026 21:07:08.944000;-0.000167196740387602
15/09/2026 21:07:08.954000;-0.000169764555772217
15/09/2026 21:07:08.964000;-0.000168838881252987
15/09/2026 21:07:08.974000;-0.000168821686060679
15/09/2026 21:07:08.984000;-0.000169254431733756
15/09/2026 21:07:08.994000;-0.000168050768272217
15/09/2026 21:07:09.004000;-0.000169417786060679
15/09/2026 21:07:09.014000;-0.000169824738945294
15/09/2026 21:07:09.024000;-0.000168300098560679
15/09/2026 21:07:09.034000;-0.000170695962022217
15/09/2026 21:07:09.044000;-0.000168678392791448
15/09/2026 21:07:09.054000;-0.00017093956057991
15/09/2026 21:07:09.064000;-0.000169371932214525
15/09/2026 21:07:09.074000;-0.000167967658176063
15/09/2026 21:07:09.084000;-0.000168337354810679
15/09/2026 21:07:09.094000;-0.000168896198560679
15/09/2026 21:07:09.104000;-0.000170025349522217
15/09/2026 21:07:09.114000;-0.000169532420676063
15/09/2026 21:07:09.124000;-0.00016974162884914
15/09/2026 21:07:09.134000;-0.000169913580772217
15/09/2026 21:07:09.144000;-0.00016777277932991
15/09/2026 21:07:09.154000;-0.000169455042310679
15/09/2026 21:07:09.164000;-0.000168460587022217
15/09/2026 21:07:09.174000;-0.000169022296637602
15/09/2026 21:07:09.184000;-0.00016851790432991
15/09/2026 21:07:09.194000;-0.000168116683176063
15/09/2026 21:07:09.204000;-0.000169836202406833
15/09/2026 21:07:09.214000;-0.000168770100483756
15/09/2026 21:07:09.224000;-0.000168337354810679
15/09/2026 21:07:09.234000;-0.000168472050483756
15/09/2026 21:07:09.244000;-0.000168500709137602
15/09/2026 21:07:09.254000;-0.000169578274522217
15/09/2026 21:07:09.264000;-0.000168073695195294
15/09/2026 21:07:09.274000;-0.000169022296637602
15/09/2026 21:07:09.284000;-0.000169185650964525
15/09/2026 21:07:09.294000;-0.00016925729759914
15/09/2026 21:07:09.304000;-0.000169761689906833
15/09/2026 21:07:09.314000;-0.00016814534182991
15/09/2026 21:07:09.324000;-0.000169346139426063
15/09/2026 21:07:09.334000;-0.000169827604810679
15/09/2026 21:07:09.344000;-0.000166560518272217
15/09/2026 21:07:09.354000;-0.000170051142310679
15/09/2026 21:07:09.364000;-0.000168159671156833
15/09/2026 21:07:09.374000;-0.000169595469714525
15/09/2026 21:07:09.384000;-0.00016869845384914
15/09/2026 21:07:09.394000;-0.000166941678368371
15/09/2026 21:07:09.404000;-0.000170125654810679
15/09/2026 21:07:09.414000;-0.000169761689906833
15/09/2026 21:07:09.424000;-0.000169541018272217
15/09/2026 21:07:09.434000;-0.000169538152406833
15/09/2026 21:07:09.444000;-0.000169288822118371
15/09/2026 21:07:09.454000;-0.000170323399522217
15/09/2026 21:07:09.464000;-0.000167944731252987
15/09/2026 21:07:09.474000;-0.000170108459618371
15/09/2026 21:07:09.484000;-0.00016915126057991
15/09/2026 21:07:09.494000;-0.000168314427887602
15/09/2026 21:07:09.504000;-0.000170099862022217
15/09/2026 21:07:09.514000;-0.000169303151445294
15/09/2026 21:07:09.524000;-0.000169658518752987
15/09/2026 21:07:09.534000;-0.000169036625964525
15/09/2026 21:07:09.544000;-0.000166067589426063
15/09/2026 21:07:09.554000;-0.000168936320676063
15/09/2026 21:07:09.564000;-0.000169452176445294
15/09/2026 21:07:09.574000;-0.000169950837022217
15/09/2026 21:07:09.584000;-0.000169311749041448
15/09/2026 21:07:09.594000;-0.000169767421637602
15/09/2026 21:07:09.604000;-0.000170575595676063
15/09/2026 21:07:09.614000;-0.000168409001445294
15/09/2026 21:07:09.624000;-0.000168686990387602
15/09/2026 21:07:09.634000;-0.000169509493752987
15/09/2026 21:07:09.644000;-0.000168196927406833
15/09/2026 21:07:09.654000;-0.000170572729810679
15/09/2026 21:07:09.664000;-0.000170240289426063
15/09/2026 21:07:09.674000;-0.00016956107932991
15/09/2026 21:07:09.684000;-0.00017011419134914
15/09/2026 21:07:09.694000;-0.000168537965387602
15/09/2026 21:07:09.704000;-0.000170180106252987
15/09/2026 21:07:09.714000;-0.000169767421637602
15/09/2026 21:07:09.724000;-0.000169437847118371
15/09/2026 21:07:09.734000;-0.000169520957214525
15/09/2026 21:07:09.744000;-0.000168280037502987
15/09/2026 21:07:09.754000;-0.000169426383656833
15/09/2026 21:07:09.764000;-0.000168830283656833
15/09/2026 21:07:09.774000;-0.000167703998560679
15/09/2026 21:07:09.784000;-0.000168712783176063
15/09/2026 21:07:09.794000;-0.000169498030291448
15/09/2026 21:07:09.804000;-0.00016989638557991
15/09/2026 21:07:09.814000;-0.000168262842310679
15/09/2026 21:07:09.824000;-0.000168563758176063
15/09/2026 21:07:09.834000;-0.000167887413945294
15/09/2026 21:07:09.844000;-0.00016821412259914
15/09/2026 21:07:09.854000;-0.00017041224134914
15/09/2026 21:07:09.864000;-0.000168950650002987
15/09/2026 21:07:09.874000;-0.000168781563945294
15/09/2026 21:07:09.884000;-0.00016944357884914
15/09/2026 21:07:09.894000;-0.000167675339906833
15/09/2026 21:07:09.904000;-0.000169394859137602
15/09/2026 21:07:09.914000;-0.000168950650002987
15/09/2026 21:07:09.924000;-0.000168537965387602
15/09/2026 21:07:09.934000;-0.000168930588945294
15/09/2026 21:07:09.944000;-0.000168225586060679
15/09/2026 21:07:09.954000;-0.000169658518752987
15/09/2026 21:07:09.964000;-0.000168836015387602
15/09/2026 21:07:09.974000;-0.000169968032214525
15/09/2026 21:07:09.984000;-0.000168231317791448
15/09/2026 21:07:09.994000;-0.000167913206733756
15/09/2026 21:07:10.004000;-0.000169753092310679
15/09/2026 21:07:10.014000;-0.000168606746156833
15/09/2026 21:07:10.024000;-0.000169111138464525
15/09/2026 21:07:10.034000;-0.00016889046682991
15/09/2026 21:07:10.044000;-0.000167944731252987
15/09/2026 21:07:10.054000;-0.00017007693509914
15/09/2026 21:07:10.064000;-0.000168153939426063
15/09/2026 21:07:10.074000;-0.000169073882214525
15/09/2026 21:07:10.084000;-0.000168529367791448
15/09/2026 21:07:10.094000;-0.00016787881634914
15/09/2026 21:07:10.104000;-0.00016982187307991
15/09/2026 21:07:10.114000;-0.000169005101445294
15/09/2026 21:07:10.124000;-0.000168612477887602
15/09/2026 21:07:10.134000;-0.000168583819233756
15/09/2026 21:07:10.144000;-0.000170377850964525
15/09/2026 21:07:10.154000;-0.00017030047259914
15/09/2026 21:07:10.164000;-0.000169340407695294
15/09/2026 21:07:10.174000;-0.000168615343752987
15/09/2026 21:07:10.184000;-0.00016993364182991
15/09/2026 21:07:10.194000;-0.000167976255772217
15/09/2026 21:07:10.204000;-0.000170776206252987
15/09/2026 21:07:10.214000;-0.000168254244714525
15/09/2026 21:07:10.224000;-0.000169512359618371
15/09/2026 21:07:10.234000;-0.000169529554810679
15/09/2026 21:07:10.244000;-0.00016761802259914
15/09/2026 21:07:10.254000;-0.000169753092310679
15/09/2026 21:07:10.264000;-0.000168761502887602
15/09/2026 21:07:10.274000;-0.000168916259618371
15/09/2026 21:07:10.284000;-0.00017000242259914
15/09/2026 21:07:10.294000;-0.000169472237502987
15/09/2026 21:07:10.304000;-0.000169813275483756
15/09/2026 21:07:10.314000;-0.000168423330772217
15/09/2026 21:07:10.324000;-0.000169093943272217
15/09/2026 21:07:10.334000;-0.000168758637022217
15/09/2026 21:07:10.344000;-0.000168552294714525
15/09/2026 21:07:10.354000;-0.000169191382695294
15/09/2026 21:07:10.364000;-0.000168529367791448
15/09/2026 21:07:10.374000;-0.000169638457695294
15/09/2026 21:07:10.384000;-0.000169265895195294
15/09/2026 21:07:10.394000;-0.00016959260384914
15/09/2026 21:07:10.404000;-0.000168770100483756
15/09/2026 21:07:10.414000;-0.00016843766009914
15/09/2026 21:07:10.424000;-0.000167853023560679
15/09/2026 21:07:10.434000;-0.000169271626926063
15/09/2026 21:07:10.444000;-0.000169165589906833
15/09/2026 21:07:10.454000;-0.000171406696637602
15/09/2026 21:07:10.464000;-0.00016925729759914
15/09/2026 21:07:10.474000;-0.000169308883176063
15/09/2026 21:07:10.484000;-0.000168761502887602
15/09/2026 21:07:10.494000;-0.000168317293752987
15/09/2026 21:07:10.504000;-0.000170137118272217
15/09/2026 21:07:10.514000;-0.00017049248557991
15/09/2026 21:07:10.524000;-0.000169005101445294
15/09/2026 21:07:10.534000;-0.000169999556733756
15/09/2026 21:07:10.544000;-0.000168245647118371
15/09/2026 21:07:10.554000;-0.000169572542791448
15/09/2026 21:07:10.564000;-0.00016936906634914
15/09/2026 21:07:10.574000;-0.000167666742310679
15/09/2026 21:07:10.584000;-0.000169692909137602
15/09/2026 21:07:10.594000;-0.000169280224522217
15/09/2026 21:07:10.604000;-0.00016974162884914
15/09/2026 21:07:10.614000;-0.000168242781252987
15/09/2026 21:07:10.624000;-0.000167577900483756
15/09/2026 21:07:10.634000;-0.00016944357884914
15/09/2026 21:07:10.644000;-0.000168391806252987
15/09/2026 21:07:10.654000;-0.000169827604810679
15/09/2026 21:07:10.664000;-0.000167560705291448
15/09/2026 21:07:10.674000;-0.000169538152406833
15/09/2026 21:07:10.684000;-0.000168282903368371
15/09/2026 21:07:10.694000;-0.000170320533656833
15/09/2026 21:07:10.704000;-0.000169724433656833
15/09/2026 21:07:10.714000;-0.000169641323560679
15/09/2026 21:07:10.724000;-0.000169308883176063
15/09/2026 21:07:10.734000;-0.000170185837983756
15/09/2026 21:07:10.744000;-0.000168486379810679
15/09/2026 21:07:10.754000;-0.000170621449522217
15/09/2026 21:07:10.764000;-0.000168967845195294
15/09/2026 21:07:10.774000;-0.00016807082932991
15/09/2026 21:07:10.784000;-0.00016881022259914
15/09/2026 21:07:10.794000;-0.000167976255772217
15/09/2026 21:07:10.804000;-0.000169136931252987
15/09/2026 21:07:10.814000;-0.000168076561060679
15/09/2026 21:07:10.824000;-0.000169589737983756
15/09/2026 21:07:10.834000;-0.000170475290387602
15/09/2026 21:07:10.844000;-0.000167328570195294
15/09/2026 21:07:10.854000;-0.00016977888509914
15/09/2026 21:07:10.864000;-0.00017026894807991